tollie52,362,1
nfarman1e,7,1
tfeehan4n,80,2
vrichfieldy,930,1
rlebarr51,2,1
lclaffey3p,995,1
rlebarr51,321,2
fstachini3j,237,2
ctrump3o,114,1
jeastwood3v,587,2
deatock4e,13,1
bbahike23,176,1
jpenmanu,58,1
dlautie1y,803,1
pwarnese,547,1
deatock4e,328,1
eswane3i,936,2
lstollmeyer49,301,2
bflury1j,638,2
mketteman1b,130,2
lstollmeyer49,106,2
bswiffan3x,33,2
bbaxstair1d,374,1
skopje1c,741,1
grubenov4w,863,2
wtassell5q,322,1
astelfoxx,658,1
krenackownaw,980,1
pbauded,832,2
klutmanp,167,1
hmccague4p,448,1
ccorpe14,297,2
vsmillieg,871,2
dstoyell5h,741,1
sfulton4i,76,1
skopje1c,102,1
remes3h,172,1
nderrick1p,691,2
afihelly2l,588,1
jpenmanu,769,1
drogister2w,706,1
econibear2,276,2
pwarnese,548,1
dmitchleyh,722,1
jsummerly2c,433,1
jpenmanu,5,1
bmaclaine3y,608,2
jkey4h,52,1
jolooney2r,539,2
chaddleston1,612,1
mfurminger2o,37,1
sseefeldt47,496,1
eswane3i,691,2
bpolak2b,27,2
wprangley7,875,1
abitterton53,129,2
lstollmeyer49,3,2
mvarah1w,918,2
nabethell22,760,2
fstachini3j,455,1
gkreutzer5l,457,2
jgianasi2t,739,2
mvarah1w,819,2
mfaires4u,901,1
ebatterson10,717,1
hschoroder2v,93,1
smaleck5d,487,1
mfulcher1s,601,2
bflury1j,242,1
afeehely1o,973,1
kedel4k,431,1
ccorpe14,422,2
tsheringham5k,355,1
isamweyes56,386,1
gkaesmans9,126,2
cwattingham4x,236,1
qbasill2f,68,1
mhabeshaw29,193,1
rdefries3d,583,1
ndevillier38,6,1
dponder4f,331,1
rdefries3d,527,1
lnoble46,606,1
tpython36,859,1
cpilley33,862,1
hcasine8,733,1
fstephens50,660,2
mketteman1b,321,2
eadamides2d,424,2
nderrick1p,278,2
mkeir5i,889,1
pwarnese,153,2
dkinzett4o,926,1
cpilley33,398,2
mhabeshaw29,881,1
tmessenger3q,56,2
pgilhouley3m,990,1
flepick15,716,2
kfeld58,449,1
grubenov4w,639,1
ggentric4b,573,2
deatock4e,243,2
acrayden44,140,2
lclaffey3p,116,2
rrosin,295,2
flepick15,955,2
bandreazzi3s,269,1
jolooney2r,878,1
afihelly2l,545,1
jeastwood3v,256,1
lpreshous39,902,2
jeastwood3v,513,1
rblancowe3,976,2
jsummerly2c,81,1
mhunnaball1f,975,1
csillars54,736,2
nabethell22,501,1
dkinzett4o,955,1
dstoyell5h,159,2
ahurnr,65,2
tpython36,764,2
ckobiera1l,207,1
tsheringham5k,183,1
shargie1i,654,2
bturgoose18,97,2
gkaesmans9,995,1
sfulton4i,742,1
cmacgilpatrick3t,870,1
hfreemantle2y,339,1
shargie1i,683,2
twhitechurch2h,538,1
rjoan59,340,1
eaitken1k,128,2
mhunnaball1f,890,2
jsirmon4z,634,1
nderrick1p,428,1
dmitchleyh,49,1
csillars54,752,2
msings4r,43,1
mtenniswood12,233,1
ibrabonf,61,1
vrichfieldy,175,2
erosbotham1m,330,2
mraggv,594,2
klutmanp,990,2
bbaxstair1d,526,1
rjoan59,984,1
smcbay4m,580,2
adipietro1h,719,1
scabotto3f,155,2
afihelly2l,689,1
tpython36,911,2
kbramham37,549,2
fstephens50,199,2
tramsbottom5b,639,1
bjurewicz4a,280,1
deatock4e,523,2
ccorpe14,415,2
ibrabonf,487,2
tramsbottom5b,332,1
ahurnr,898,1
dyuryev3c,703,1
ekimmitt5c,330,2
bandreazzi3s,20,1
eswane3i,175,1
mmuck57,124,2
sbartosch2k,318,1
sbartosch2k,82,2
iborland5n,253,2
bbeminster5a,352,2
maujean2e,802,1
aalekhov40,406,2
gkaesmans9,831,2
kdegliabbati5f,215,1
pbachellier2x,601,1
ksemon3r,359,1
gkreutzer5l,950,2
sseefeldt47,779,1
phockey4y,370,1
ohadlow28,303,2
hravenshaw4d,586,2
mvarah1w,235,2
rblancowe3,710,2
vissacov3u,579,1
deatock4e,174,2
vconstantinou5r,870,1
kfeld58,546,2
mfulcher1s,616,1
twhitechurch2h,470,1
ohadlow28,808,1
atassaker4j,134,2
ndevillier38,527,1
hschoroder2v,362,2
aenright20,862,1
rsparrow1n,320,2
afihelly2l,44,2
pgilhouley3m,109,1
ehorbath3k,381,1
kdancey5g,825,2
bpolak2b,572,2
glantoph3w,856,1
dstoyell5h,264,2
kauldsz,167,1
mraggv,108,1
jsackes3z,667,2
kbramham37,168,1
epeddie5,340,2
ctrump3o,73,1
lpreshous39,704,2
iborland5n,710,1
glantoph3w,723,2
wprangley7,999,1
iswetmorei,679,2
krenackownaw,622,2
tpython36,749,2
mfulcher1s,715,2
rblancowe3,701,1
ddelacey27,885,1
ckobiera1l,90,1
bswiffan3x,398,2
kwhyard1g,474,1
sscamal2m,929,2
csillars54,625,2
ebatterson10,512,2
acheverton0,900,1
dczyz3a,794,1
kmainwaringm,662,1
auppett11,70,1
bflury1j,931,1
cwattingham4x,372,1
rblancowe3,820,2
eaitken1k,376,1
kmcardle4g,628,1
mkeir5i,396,1
fstephens50,904,1
isamweyes56,605,1
sbartosch2k,203,1
cheskey1t,989,2
ibrabonf,507,1
krenackownaw,320,1
qbasill2f,330,2
mfulcher1s,198,1
hmyricka,686,1
mtenniswood12,163,2
eaitken1k,254,2
maujean2e,638,1
jgianasi2t,268,1
sbrandham2a,279,2
bmaclaine3y,91,2
maujean2e,86,1
chaddleston1,510,2
lpreshous39,235,2
tramsbottom5b,634,1
dbraunstein5m,258,1
rblancowe3,442,2
eaitken1k,794,1
kauldsz,826,2
astelfoxx,839,1
eaitken1k,961,2
nabethell22,205,1
tsheringham5k,336,1
lbeany16,903,1
djendrys13,974,1
aenright20,740,1
cmacgilpatrick3t,208,1
sofielly2g,498,2
remes3h,386,2
jridgeway25,179,2
svonderdellt,146,1
dlautie1y,648,1
gheeks45,631,2
dponder4f,126,2
bbaxstair1d,884,1
epeddie5,305,2
alequesne4q,700,2
eaitken1k,839,2
nswinfon43,42,1
cheskey1t,24,1
kmainwaringm,480,1
awilbors,71,2
ctrump3o,277,2
isamweyes56,749,1
glantoph3w,458,2
cpinck2s,602,1
bbaxstair1d,873,1
rjoan59,948,2
kfideler30,511,1
nadamovitchb,314,2
marmatidge5e,776,1
glantoph3w,937,2
pgilhouley3m,196,1
hmccague4p,358,1
nswinfon43,720,1
ckobiera1l,366,1
vissacov3u,907,1
scabotto3f,852,1
vrichfieldy,675,1
bturgoose18,439,1
ehugill55,660,2
bpolak2b,111,2
skopje1c,128,2
dlegricek,452,1
isamweyes56,705,2
fstachini3j,74,2
cpilley33,990,1
cmacgilpatrick3t,802,1
lstollmeyer49,805,2
jbugden41,180,2
bruddlesden5o,679,1
jridgeway25,355,1
mfaires4u,590,2
hmccague4p,563,2
ibeebis31,916,2
uleatherland5j,551,1
krenackownaw,386,2
aedmondson4l,135,2
ehugill55,699,2
grubenov4w,802,2
hcasine8,971,1
remes3h,860,1
iswetmorei,178,2
ibrabonf,154,1
jridgeway25,914,2
bprendiville1r,631,2
kfeld58,377,2
cheskey1t,915,1
jguyonnet2u,989,1
ckobiera1l,947,1
ctrump3o,158,2
marmatidge5e,515,1
grubenov4w,827,2
lstollmeyer49,181,2
shargie1i,61,2
afihelly2l,57,1
vissacov3u,666,1
dlautie1y,335,1
drogister2w,256,2
rdowers48,411,1
asnasdell3e,68,2
awilbors,617,1
uleatherland5j,318,1
rsparrow1n,186,1
vissacov3u,105,1
lbeany16,823,2
rdefries3d,989,1
afihelly2l,409,1
ahurnr,134,2
kedel4k,433,1
phockey4y,290,2
ctrump3o,991,1
cmacgilpatrick3t,344,1
tpendergrasto,274,2
hmyricka,840,2
rlebarr51,426,1
zkrienke6,222,1
mketteman1b,834,2
nfarman1e,51,1
shargie1i,171,2
afeehely1o,298,2
tfeehan4n,51,2
cpilley33,535,2
pbachellier2x,8,1
nfarman1e,375,1
smaleck5d,908,1
pbachellier2x,422,2
awilbors,278,2
bmaclaine3y,289,2
dmitchleyh,627,1
svonderdellt,975,1
rjoan59,907,2
mmcilroy5p,106,1
tsheringham5k,881,2
kfideler30,634,2
kwhyard1g,420,2
kdancey5g,15,2
pgilhouley3m,447,1
kfeld58,957,2
jguyonnet2u,745,2
astelfoxx,336,1
ndevillier38,860,2
cwattingham4x,537,1
ibrabonf,786,1
afeehely1o,339,2
fstachini3j,128,2
rjoan59,673,2
sbrandham2a,438,2
msings4r,181,2
mjolly2i,252,2
kfideler30,886,2
sscamal2m,761,2
nadamovitchb,323,2
krenackownaw,952,2
csillars54,350,1
mjolly2i,348,1
maujean2e,311,1
lpreshous39,683,1
kbramham37,610,2
dponder4f,980,1
dmitchleyh,580,1
wprangley7,82,2
bturgoose18,265,2
mvarah1w,977,2
dponder4f,197,1
aalekhov40,207,1
eswane3i,399,2
sbergeon2n,907,2
nfarman1e,577,2
pbachellier2x,863,2
sbrandham2a,430,2
gheeks45,505,2
vrichfieldy,130,1
tpendergrasto,757,1
rblancowe3,292,1
sbartosch2k,822,2
twhitechurch2h,955,1
krodman3l,829,1
sbrandham2a,34,2
bflury1j,649,2
pwarnese,169,2
qbasill2f,430,2
mfaires4u,961,1
dkinzett4o,503,2
kdancey5g,829,1
shargie1i,359,2
wtassell5q,566,2
kbramham37,337,2
bturgoose18,125,2
ohadlow28,746,2
ddelacey27,292,1
molooney2p,778,2
nswinfon43,192,1
kmcardle4g,41,2
ddelacey27,361,1
afihelly2l,648,2
hfreemantle2y,716,2
dmitchleyh,4,1
sbartosch2k,656,1
carundel3g,671,1
gnode1a,232,1
vsmillieg,68,1
hfreemantle2y,944,2
bbeminster5a,130,2
molooney2p,559,1
sbergeon2n,937,1
drogister2w,843,2
dbraunstein5m,279,2
jbugden41,125,1
skopje1c,451,1
nswinfon43,636,2
epeddie5,845,1
klutmanp,923,1
vsmillieg,430,2
mvarah1w,918,2
smcbay4m,707,1
lpreshous39,724,2
zkrienke6,869,2
fstachini3j,38,1
jbugden41,952,1
alequesne4q,230,1
wtassell5q,997,2
nfarman1e,120,1
ckobiera1l,730,1
ekimmitt5c,135,1
mraggv,961,2
mfulcher1s,568,2
ndevillier38,61,1
grubenov4w,119,1
hschoroder2v,824,1
mescot19,195,1
drogister2w,653,2
qbasill2f,166,2
bswiffan3x,32,2
dstoyell5h,652,2
erosbotham1m,843,2
isamweyes56,614,2
ohadlow28,360,1
mkynnd2q,599,2
rblancowe3,132,2
stesto3n,109,2
ehugill55,368,1
ahurnr,667,2
remes3h,422,2
lnoble46,801,2
nfarman1e,486,1
mescot19,122,1
wtassell5q,593,2
mvarah1w,837,1
jbugden41,849,2
fstachini3j,590,1
csillars54,716,1
marmatidge5e,950,1
eadamides2d,439,2
mmuck57,230,1
jridgeway25,750,2
pwarnese,266,2
awilbors,417,1
fstephens50,6,1
ehorbath3k,395,2
vsmillieg,967,1
ggentric4b,211,1
bbaxstair1d,882,1
rjoan59,178,1
nadamovitchb,149,1
sscamal2m,18,1
ehorbath3k,480,1
sbartosch2k,499,2
kmcardle4g,675,2
klutmanp,255,1
ksemon3r,347,2
jivanichev4v,278,1
bbahike23,460,2
bbahike23,339,1
svonderdellt,311,1
jpenmanu,968,2
bfarbrotherq,563,1
dfoxleyc,999,1
rdowers48,10,2
tramsbottom5b,640,1
afihelly2l,671,2
kfideler30,457,1
mvarah1w,433,1
rjoan59,416,1
lstollmeyer49,932,2
mraggv,175,1
oprofitl,291,1
ibeebis31,142,1
sseefeldt47,547,2
bandreazzi3s,424,2
tscreach32,459,2
econibear2,690,1
atassaker4j,383,2
rdowers48,629,2
hfreemantle2y,505,2
ebatterson10,55,2
tollie52,224,1
jgianasi2t,913,2
bmaclaine3y,133,1
ibeebis31,897,2
ndevillier38,160,1
hfreemantle2y,616,1
iswetmorei,878,1
twhitechurch2h,234,1
mranscomb4,447,2
gheeks45,381,1
rsparrow1n,319,2
jsirmon4z,823,1
mranscomb4,667,1
hravenshaw4d,634,2
bflury1j,717,1
uleatherland5j,455,1
ndevillier38,577,1
pwarnese,319,1
rluebbert21,537,2
mranscomb4,4,1
chaddleston1,354,2
kauldsz,830,2
tpython36,574,2
dmitchleyh,275,1
aedmondson4l,926,1
mketteman1b,662,2
cmacgilpatrick3t,432,1
afihelly2l,570,1
svonderdellt,135,2
sseefeldt47,82,2
rjoan59,444,2
wprangley7,831,1
rblancowe3,314,1
lnoble46,221,2
rjoan59,620,1
rdowers48,383,2
cgoforth17,549,2
jgianasi2t,539,2
sbrandham2a,275,1
nswinfon43,822,2
fstephens50,23,1
vrichfieldy,871,1
rdowers48,749,1
jpenmanu,825,2
bmaclaine3y,507,1
skopje1c,503,2
dczyz3a,291,2
neakin1q,790,1
hmccague4p,17,1
ctrump3o,658,2
djendrys13,612,1
asnasdell3e,891,1
sbartosch2k,369,2
lbeany16,179,1
tmessenger3q,648,1
ebatterson10,249,2
iswetmorei,519,1
dfoxleyc,766,2
gkreutzer5l,601,1
drogister2w,151,1
tramsbottom5b,944,2
chaddleston1,985,2
pbauded,376,2
gnode1a,404,1
lpreshous39,176,2
jpenmanu,493,1
epeddie5,85,1
maujean2e,966,2
mmuck57,143,2
adipietro1h,396,1
mraggv,847,2
dbraunstein5m,685,2
nfarman1e,285,2
rblancowe3,820,1
afeehely1o,886,2
pbauded,840,2
dstoyell5h,305,2
maujean2e,677,2
pbachellier2x,531,2
gkreutzer5l,839,1
smcbay4m,750,2
sfulton4i,507,2
twhitechurch2h,305,2
carundel3g,573,2
mmcilroy5p,598,1
alequesne4q,490,2
tsheringham5k,250,2
plambourne1x,682,2
smcbay4m,426,2
pgilhouley3m,508,2
bpolak2b,88,1
tpython36,492,1
cmacgilpatrick3t,269,1
scroci35,578,2
scroci35,594,2
mfaires4u,452,1
ehugill55,138,1
rluebbert21,18,1
mranscomb4,569,2
dczyz3a,735,1
ccriple4t,201,1
dponder4f,322,2
kdancey5g,598,1
smaleck5d,838,1
lbeany16,352,1
nfarman1e,298,2
mranscomb4,875,2
bturgoose18,283,2
jolooney2r,245,1
awilbors,640,1
jkey4h,65,2
smaleck5d,38,1
auppett11,314,2
uleatherland5j,792,1
uleatherland5j,929,2
mcrispe1v,855,1
eadamides2d,261,2
phockey4y,263,2
cwhysall34,187,1
pgilhouley3m,322,1
lpreshous39,442,2
dlautie1y,287,2
nfarman1e,99,2
ctrump3o,379,2
lbeany16,499,1
ibeebis31,921,1
jridgeway25,594,2
dstoyell5h,492,2
kdancey5g,577,1
bjurewicz4a,339,2
ekimmitt5c,131,1
molooney2p,666,1
cwhysall34,820,1
mranscomb4,65,1
ibeebis31,166,2
aenright20,781,1
nswinfon43,278,1
smcbay4m,636,1
mmcilroy5p,701,1
tmessenger3q,952,2
mfulcher1s,879,2
acheverton0,330,1
kfideler30,217,2
kfeld58,906,2
nswinfon43,557,1
afihelly2l,132,2
fstachini3j,733,2
twhitechurch2h,218,1
lbeany16,869,2
afihelly2l,529,1
scroci35,675,2
qbasill2f,646,2
kfeld58,311,2
ahurnr,238,2
erosbotham1m,879,1
mraggv,776,2
nabethell22,355,1
astelfoxx,242,1
tollie52,112,1
kdegliabbati5f,834,1
ibrabonf,697,1
rlebarr51,83,1
smcbay4m,289,1
cetheringtonj,898,2
mtenniswood12,345,2
rluebbert21,90,2
jolooney2r,582,1
rblancowe3,178,1
jbugden41,752,1
scabotto3f,697,2
jgianasi2t,802,1
rrosin,461,2
dyuryev3c,990,1
hcasine8,146,1
grubenov4w,1,2
adipietro1h,182,2
wtassell5q,51,2
dkinzett4o,293,1
ddelacey27,484,1
rdefries3d,4,2
carundel3g,558,2
bturgoose18,150,2
dspick3b,365,2
afihelly2l,39,2
dyuryev3c,452,1
jbugden41,802,2
dyuryev3c,244,2
cpilley33,505,1
kdegliabbati5f,47,2
nadamovitchb,217,1
hwindress26,218,1
lbeany16,666,2
mmcilroy5p,979,2
ccorpe14,265,2
gheeks45,648,1
afihelly2l,569,1
cpackington4c,189,1
dlautie1y,140,1
rsparrow1n,154,1
mhunnaball1f,13,1
uleatherland5j,209,1
jridgeway25,316,1
jivanichev4v,66,1
jsackes3z,172,2
lnoble46,68,1
rgartrell1z,545,1
jsirmon4z,532,2
kbramham37,440,2
mfulcher1s,979,1
bandreazzi3s,974,1
aalekhov40,488,2
dfoxleyc,563,2
scroci35,96,1
eaitken1k,937,2
tmessenger3q,390,2
mtenniswood12,535,2
jridgeway25,413,1
krenackownaw,284,1
rblancowe3,572,1
deatock4e,140,2
ehorbath3k,76,2
vsmillieg,366,1
tsheringham5k,879,2
gkaesmans9,815,2
eaitken1k,793,2
ddelacey27,510,2
amicco42,976,2
ndevillier38,624,1
lclaffey3p,954,1
kmcardle4g,309,1
jsummerly2c,664,1
jsackes3z,664,2
dmitchleyh,424,1
ibeebis31,981,2
marmatidge5e,491,2
mfaires4u,698,1
hschoroder2v,688,1
fstachini3j,682,2
kmainwaringm,284,2
lpreshous39,130,1
dlautie1y,735,2
gkaesmans9,315,2
mjorioz2j,140,2
ahurnr,315,2
afeehely1o,164,2
mescot19,774,2
erosbotham1m,461,2
alequesne4q,506,2
sfulton4i,535,1
tpendergrasto,495,1
eaitken1k,76,2
lstollmeyer49,440,1
bruddlesden5o,827,1
gnode1a,162,1
neakin1q,214,1
rluebbert21,701,1
mmuck57,614,2
rlebarr51,167,1
bbeminster5a,794,2
pwarnese,901,2
nfarman1e,255,1
tpython36,868,2
kfideler30,777,1
rsparrow1n,680,1
tollie52,122,1
cwhysall34,200,2
lpreshous39,510,2
bbahike23,806,2
vtremathack2z,671,2
dspick3b,47,1
mhabeshaw29,194,2
econibear2,424,1
rluebbert21,913,1
pwarnese,715,1
mkeir5i,473,2
msings4r,216,2
kdancey5g,522,2
kedel4k,514,2
mranscomb4,868,1
ibeebis31,749,1
zgeockle1u,371,1
glantoph3w,236,1
mjorioz2j,853,1
jbugden41,301,1
gtorald24,691,1
acrayden44,681,1
pbachellier2x,716,1
dmitchleyh,357,2
bruddlesden5o,578,1
astelfoxx,71,1
bmaclaine3y,284,2
mfulcher1s,821,2
bruddlesden5o,997,1
asnasdell3e,452,2
dkinzett4o,445,2
ddelacey27,618,1
ndevillier38,316,1
neakin1q,850,2
mfaires4u,478,1
krodman3l,181,2
nadamovitchb,245,2
epeddie5,122,2
tsheringham5k,44,2
mtenniswood12,790,1
drogister2w,883,2
rdowers48,417,1
hwindress26,231,2
bturgoose18,714,1
cpinck2s,774,1
astelfoxx,752,2
rrosin,112,1
nfarman1e,222,2
hmyricka,232,2
kwhyard1g,304,2
stesto3n,77,2
kauldsz,875,1
jsummerly2c,987,1
aenright20,480,1
grubenov4w,94,2
tfeehan4n,448,2
zkrienke6,220,2
bswiffan3x,508,2
nswinfon43,359,1
stesto3n,884,2
bturgoose18,200,2
bturgoose18,889,2
bflury1j,72,2
mmuck57,668,2
gtorald24,583,1
sbartosch2k,789,2
msings4r,348,1
jolooney2r,122,1
isamweyes56,52,1
lclaffey3p,448,1
pbachellier2x,881,2
dlegricek,996,1
ehorbath3k,471,2
ctrump3o,96,2
grubenov4w,432,2
mfulcher1s,54,1
tollie52,814,1
ctrump3o,570,1
rjoan59,450,2
bturgoose18,126,1
kbramham37,71,1
gnode1a,220,1
mmcilroy5p,296,1
mmuck57,702,2
lnoble46,94,2
jsummerly2c,510,1
mvarah1w,321,2
ekimmitt5c,561,2
scabotto3f,651,2
ahurnr,641,1
atassaker4j,460,1
gheeks45,256,1
rjoan59,400,1
tfeehan4n,26,2
cpilley33,255,2
jgianasi2t,177,2
mtenniswood12,517,1
cgoforth17,309,2
cheskey1t,489,2
aedmondson4l,908,1
asnasdell3e,899,2
kedel4k,480,1
tpendergrasto,350,2
glantoph3w,912,2
cmacgilpatrick3t,250,1
mcrispe1v,129,2
bfarbrotherq,605,2
bpolak2b,113,1
lpreshous39,516,1
eaitken1k,792,1
ibrabonf,488,1
cwhysall34,998,1
sbrandham2a,850,1
bswiffan3x,664,1
sscamal2m,302,2
gkreutzer5l,132,1
shargie1i,648,2
fstachini3j,459,2
aedmondson4l,589,1
dbraunstein5m,775,1
awilbors,209,1
tscreach32,825,1
ibeebis31,998,2
mmcilroy5p,496,2
eaitken1k,335,1
wtassell5q,167,2
dstoyell5h,204,1
bfarbrotherq,171,2
ohadlow28,343,2
scabotto3f,598,1
wprangley7,234,1
cgoforth17,750,1
glantoph3w,294,2
rgartrell1z,963,2
dmitchleyh,774,1
gtorald24,178,1
mcrispe1v,51,2
atassaker4j,732,2
rluebbert21,653,2
mescot19,503,2
sfulton4i,647,1
nfarman1e,573,2
bfarbrotherq,57,1
scabotto3f,311,2
dyuryev3c,37,1
mjorioz2j,889,1
rdowers48,508,2
kdegliabbati5f,955,1
pgilhouley3m,98,1
dyuryev3c,790,2
isamweyes56,256,1
alequesne4q,280,1
sseefeldt47,690,2
ehorbath3k,599,1
tscreach32,180,1
dyuryev3c,173,2
dponder4f,251,1
dfoxleyc,14,1
cgoforth17,690,1
chaddleston1,808,2
ibeebis31,508,1
fstachini3j,601,2
lbeany16,36,2
bflury1j,674,2
mmuck57,306,1
rdefries3d,935,1
sscamal2m,767,1
scroci35,728,1
isamweyes56,484,2
oprofitl,766,1
mfurminger2o,28,2
bfarbrotherq,903,2
twhitechurch2h,782,1
amicco42,28,1
marmatidge5e,97,2
nadamovitchb,439,2
rdowers48,913,1
mkynnd2q,162,2
eswane3i,351,1
twhitechurch2h,883,2
mjorioz2j,905,2
erosbotham1m,195,1
bprendiville1r,675,1
eadamides2d,486,1
acheverton0,212,1
wprangley7,266,1
cpilley33,454,2
ohadlow28,486,1
mraggv,74,2
hfreemantle2y,449,1
smcbay4m,835,1
ctrump3o,51,2
mfulcher1s,77,2
dbraunstein5m,480,2
mjorioz2j,146,1
cmacgilpatrick3t,370,2
mcrispe1v,351,2
econibear2,975,2
ctrump3o,525,2
bandreazzi3s,557,1
rjoan59,898,1
smaleck5d,181,2
tpendergrasto,437,1
remes3h,237,1
cpinck2s,533,1
ibeebis31,398,2
mkynnd2q,783,2
rlebarr51,517,2
nswinfon43,385,2
scabotto3f,470,2
tpython36,782,1
csillars54,193,1
tramsbottom5b,736,2
mhunnaball1f,528,2
nderrick1p,433,2
cgoforth17,284,1
tpython36,126,1
gtorald24,361,2
dfoxleyc,399,1
bbeminster5a,780,1
dlegricek,672,1
acrayden44,786,1
fstachini3j,707,2
dponder4f,429,2
dbraunstein5m,950,1
ehugill55,410,2
molooney2p,473,2
erosbotham1m,778,1
mranscomb4,639,1
sscamal2m,556,2
lclaffey3p,661,1
eswane3i,594,1
mmuck57,358,2
skopje1c,469,1
sseefeldt47,991,2
bruddlesden5o,675,2
ndevillier38,790,1
phockey4y,953,2
tpendergrasto,439,1
zkrienke6,912,1
afeehely1o,106,1
jolooney2r,943,2
mmcilroy5p,959,2
auppett11,152,1
smcbay4m,950,2
jpenmanu,703,2
ekimmitt5c,944,2
rjoan59,514,1
lclaffey3p,600,1
sseefeldt47,110,1
ccriple4t,199,1
eswane3i,848,2
scabotto3f,596,1
jeastwood3v,906,1
kfideler30,815,1
bfarbrotherq,241,1
ndevillier38,978,2
mketteman1b,833,1
kauldsz,338,1
mjorioz2j,525,2
jkey4h,587,2
carundel3g,916,1
cpinck2s,668,2
astelfoxx,907,1
skopje1c,876,1
remes3h,665,2
rjoan59,128,2
eadamides2d,68,2
alequesne4q,458,1
sfulton4i,204,1
tpython36,696,1
gtorald24,854,1
ccriple4t,937,1
shargie1i,193,1
lbeany16,131,2
astelfoxx,836,2
deatock4e,590,1
mfulcher1s,278,2
gkreutzer5l,132,1
mtenniswood12,971,2
rdefries3d,825,2
jgianasi2t,374,2
mhabeshaw29,427,1
cpackington4c,757,1
cwattingham4x,968,2
fstephens50,295,2
scroci35,567,1
cgoforth17,529,1
hcasine8,223,1
dyuryev3c,623,2
bbeminster5a,558,2
awilbors,405,1
tpendergrasto,103,2
jgianasi2t,763,1
mtenniswood12,741,1
cheskey1t,699,1
cgoforth17,245,2
scroci35,52,1
nabethell22,886,1
ahurnr,256,1
aedmondson4l,357,1
cschinetti4s,818,1
mhunnaball1f,770,2
kfideler30,282,2
msings4r,463,1
cpinck2s,126,1
maujean2e,360,1
bbeminster5a,608,1
mtenniswood12,880,1
econibear2,292,2
jridgeway25,657,2
rrosin,949,2
cwhysall34,723,1
nabethell22,607,2
dbraunstein5m,533,1
vsmillieg,7,2
hwindress26,459,1
bswiffan3x,132,1
sscamal2m,351,1
tmessenger3q,743,2
vconstantinou5r,655,1
qbasill2f,371,2
smaleck5d,568,1
iswetmorei,964,2
qbasill2f,5,1
cpackington4c,146,1
tsheringham5k,128,1
lbeany16,788,1
mkeir5i,211,2
remes3h,257,2
epeddie5,899,2
lnoble46,470,2
smaleck5d,32,2
kedel4k,396,1
amicco42,269,2
dmitchleyh,147,1
cetheringtonj,105,2
mfulcher1s,350,2
maujean2e,977,2
oprofitl,522,1
bandreazzi3s,628,1
ohadlow28,70,1
jkey4h,863,1
jsirmon4z,625,2
scabotto3f,787,1
dponder4f,82,1
jsummerly2c,356,1
sofielly2g,886,2
mvarah1w,970,1
kedel4k,92,2
ddelacey27,160,2
qbasill2f,30,1
mfulcher1s,423,1
hschoroder2v,515,1
hcasine8,933,2
nabethell22,747,1
sfulton4i,828,1
nadamovitchb,297,2
tsheringham5k,283,2
carundel3g,343,2
tpython36,880,2
jivanichev4v,953,2
bturgoose18,878,2
gkreutzer5l,372,1
phockey4y,465,1
jsackes3z,677,1
kmainwaringm,969,2
bprendiville1r,373,2
hravenshaw4d,563,2
bmaclaine3y,709,2
afihelly2l,315,2
bandreazzi3s,621,1
zkrienke6,820,1
kdegliabbati5f,893,2
qbasill2f,557,2
mcrispe1v,901,1
amicco42,650,2
bmaclaine3y,115,1
ccorpe14,545,2
cwhysall34,671,2
remes3h,636,2
rluebbert21,804,1
twhitechurch2h,506,2
molooney2p,248,2
cmacgilpatrick3t,823,2
mescot19,715,1
dlegricek,787,1
afeehely1o,277,1
mfulcher1s,68,1
hmyricka,779,2
ebatterson10,415,1
eaitken1k,674,1
jsirmon4z,751,2
chaddleston1,383,1
jsackes3z,175,1
cheskey1t,161,2
dkinzett4o,107,2
neakin1q,361,1
dbraunstein5m,777,2
shargie1i,19,1
rgartrell1z,568,2
ccriple4t,490,1
mhabeshaw29,743,2
ahurnr,82,1
stesto3n,671,1
svonderdellt,384,1
svonderdellt,377,1
ekimmitt5c,833,2
kfeld58,648,2
jgianasi2t,578,1
dponder4f,676,2
pgilhouley3m,281,2
ndevillier38,950,1
bmaclaine3y,275,2
awilbors,99,1
tramsbottom5b,267,1
kfeld58,721,1
ibrabonf,132,1
svonderdellt,830,1
jsackes3z,937,2
smcbay4m,111,1
jsackes3z,673,2
awilbors,767,1
isamweyes56,332,2
rlebarr51,136,2
glantoph3w,769,1
mescot19,805,1
nadamovitchb,766,2
gheeks45,71,2
ibeebis31,316,1
tfeehan4n,885,2
sbartosch2k,895,2
drogister2w,149,2
bruddlesden5o,607,2
mhabeshaw29,800,2
ehorbath3k,679,2
deatock4e,692,2
nfarman1e,440,1
eadamides2d,719,1
kbramham37,349,2
cmacgilpatrick3t,849,2
bbeminster5a,333,2
bruddlesden5o,329,1
ccriple4t,549,1
auppett11,454,1
bturgoose18,229,1
nswinfon43,80,1
uleatherland5j,192,1
gheeks45,291,1
dlautie1y,109,1
dlegricek,761,1
sscamal2m,717,1
glantoph3w,269,1
vrichfieldy,364,1
phockey4y,733,2
cwhysall34,856,2
jpenmanu,813,1
tfeehan4n,938,2
ohadlow28,763,1
jpenmanu,748,2
bswiffan3x,787,2
mtenniswood12,907,1
ehorbath3k,941,1
oprofitl,875,2
rdowers48,651,2
hmyricka,255,1
fstachini3j,946,2
mkynnd2q,18,1
aalekhov40,546,2
bturgoose18,376,1
hmyricka,400,1
mraggv,479,2
ckobiera1l,695,1
lstollmeyer49,649,1
kbramham37,666,1
sbrandham2a,625,2
rrosin,511,1
jgianasi2t,523,2
dponder4f,674,1
jolooney2r,966,1
mraggv,914,1
mfulcher1s,55,1
wtassell5q,598,2
vsmillieg,979,2
alequesne4q,576,1
jridgeway25,696,1
jguyonnet2u,465,1
csillars54,971,1
lpreshous39,241,2
jbugden41,708,1
mkynnd2q,384,2
klutmanp,943,1
nswinfon43,857,1
mkeir5i,929,2
cschinetti4s,527,1
cpinck2s,664,2
tscreach32,716,2
mfulcher1s,521,1
lpreshous39,944,2
krenackownaw,28,1
alequesne4q,944,1
marmatidge5e,137,2
bflury1j,360,2
hfreemantle2y,956,1
ohadlow28,695,2
sbrandham2a,645,1
hmccague4p,874,2
cheskey1t,706,2
dspick3b,241,2
rgartrell1z,925,2
cetheringtonj,508,2
sbergeon2n,604,2
jivanichev4v,543,2
chaddleston1,229,2
lpreshous39,689,2
mfaires4u,268,2
bswiffan3x,395,2
fstachini3j,278,2
fstachini3j,787,1
csillars54,983,1
jguyonnet2u,4,2
adipietro1h,172,2
eaitken1k,499,1
shargie1i,70,1
kwhyard1g,427,2
jgianasi2t,612,2
rdowers48,756,2
mmcilroy5p,726,2
dlegricek,545,2
rlebarr51,479,2
cpilley33,745,1
erosbotham1m,190,1
csillars54,91,2
fstephens50,372,2
bmaclaine3y,447,2
bbeminster5a,900,1
drogister2w,286,2
ddelacey27,129,1
nabethell22,749,1
rrosin,451,2
oprofitl,563,1
mmuck57,796,1
scabotto3f,269,1
tsheringham5k,132,1
phockey4y,175,1
djendrys13,612,2
rluebbert21,701,1
glantoph3w,852,2
phockey4y,788,1
jpenmanu,8,1
ahurnr,881,1
ggentric4b,46,2
mkeir5i,863,2
afeehely1o,697,2
kdegliabbati5f,214,2
bfarbrotherq,983,1
adipietro1h,136,1
aenright20,484,2
vissacov3u,27,2
twhitechurch2h,856,1
alequesne4q,913,1
msings4r,434,1
rluebbert21,310,1
bbeminster5a,34,2
krodman3l,727,1
remes3h,765,2
gkreutzer5l,365,1
mjolly2i,284,1
rdowers48,578,1
jguyonnet2u,89,1
kmainwaringm,750,2
scroci35,358,1
bandreazzi3s,450,1
mmuck57,136,1
jivanichev4v,929,2
smaleck5d,897,1
astelfoxx,158,2
neakin1q,428,1
fstephens50,93,1
cschinetti4s,196,2
bfarbrotherq,54,1
kfideler30,897,2
ehugill55,628,1
klutmanp,343,2
hwindress26,699,2
ibeebis31,201,1
remes3h,170,1
vrichfieldy,545,2
krenackownaw,453,1
msings4r,823,1
cgoforth17,229,1
alequesne4q,410,2
rblancowe3,91,2
nfarman1e,249,2
ctrump3o,389,2
rblancowe3,648,1
bjurewicz4a,608,2
hschoroder2v,880,1
jgianasi2t,718,1
mmcilroy5p,12,1
lbeany16,768,1
acrayden44,630,1
jpenmanu,812,1
bfarbrotherq,283,1
dlegricek,281,1
epeddie5,292,1
gnode1a,689,2
chaddleston1,684,1
wprangley7,450,2
lnoble46,229,2
cpilley33,892,1
kmcardle4g,762,1
vissacov3u,93,2
auppett11,22,1
mfaires4u,690,2
econibear2,283,2
eaitken1k,438,2
astelfoxx,526,2
carundel3g,54,2
hfreemantle2y,632,1
mtenniswood12,829,1
acheverton0,354,2
mescot19,795,1
ddelacey27,296,2
tmessenger3q,829,1
cpilley33,512,1
ibrabonf,247,1
nfarman1e,323,1
jsummerly2c,263,1
scabotto3f,687,1
phockey4y,196,1
zgeockle1u,258,2
gkaesmans9,276,2
wtassell5q,608,1
djendrys13,668,2
mjorioz2j,227,2
hfreemantle2y,875,2
cpilley33,980,2
jpenmanu,701,2
bbaxstair1d,297,2
kfeld58,382,2
bpolak2b,522,2
gtorald24,216,1
mfurminger2o,785,2
oprofitl,203,2
ccorpe14,566,2
cwhysall34,18,2
ggentric4b,545,2
rrosin,235,2
mmcilroy5p,241,2
uleatherland5j,503,1
cpilley33,342,1
mfaires4u,755,1
vrichfieldy,85,2
epeddie5,368,1
ibrabonf,913,1
hmyricka,651,1
lnoble46,423,1
rjoan59,201,1
kfeld58,974,2
mjolly2i,515,2
lpreshous39,889,2
dyuryev3c,578,2
rrosin,53,1
scroci35,537,1
gkreutzer5l,637,2
dmitchleyh,827,2
jivanichev4v,353,1
gtorald24,517,1
bbahike23,923,2
krodman3l,339,1
twhitechurch2h,250,2
kdancey5g,118,1
csillars54,96,2
remes3h,253,2
lclaffey3p,736,1
ccriple4t,886,1
ckobiera1l,611,1
nadamovitchb,600,2
iborland5n,926,2
hfreemantle2y,920,1
cheskey1t,260,2
mhabeshaw29,356,2
nadamovitchb,192,1
jpenmanu,515,2
dlegricek,616,1
bfarbrotherq,502,1
kdegliabbati5f,740,1
ddelacey27,738,2
bflury1j,998,1
ohadlow28,200,2
tpython36,115,2
jsackes3z,781,1
dlegricek,194,1
acheverton0,809,1
cmacgilpatrick3t,361,1
rblancowe3,958,2
cetheringtonj,81,1
dstoyell5h,277,1
cwattingham4x,577,2
ctrump3o,693,2
bflury1j,592,2
bbaxstair1d,63,1
cpinck2s,336,1
qbasill2f,115,2
dlautie1y,665,1
mkeir5i,167,1
jivanichev4v,398,2
eaitken1k,518,2
skopje1c,899,2
ddelacey27,572,1
nderrick1p,974,2
tmessenger3q,132,2
bbaxstair1d,971,2
kfeld58,361,2
ctrump3o,21,2
uleatherland5j,115,2
jgianasi2t,125,1
nabethell22,347,1
pgilhouley3m,731,2
bbaxstair1d,15,2
scroci35,814,1
kwhyard1g,805,2
mfulcher1s,980,2
tsheringham5k,112,2
eaitken1k,343,1
ahurnr,321,1
acheverton0,267,1
stesto3n,516,1
cpackington4c,240,1
glantoph3w,244,1
dbraunstein5m,321,1
econibear2,259,2
uleatherland5j,886,1
fstephens50,205,2
econibear2,508,2
dponder4f,475,2
ohadlow28,203,2
nadamovitchb,585,2
abitterton53,676,1
atassaker4j,871,2
rjoan59,88,1
wtassell5q,218,2
kedel4k,22,1
dstoyell5h,284,2
jeastwood3v,260,2
rluebbert21,758,2
gnode1a,177,1
erosbotham1m,446,1
lnoble46,733,2
scroci35,235,1
scabotto3f,301,2
gnode1a,712,1
auppett11,856,1
kwhyard1g,948,1
msings4r,368,2
dponder4f,716,2
jolooney2r,299,2
jeastwood3v,496,2
dbraunstein5m,261,1
rluebbert21,864,1
dspick3b,947,2
ehugill55,902,2
mescot19,859,1
nswinfon43,346,1
eswane3i,271,1
econibear2,590,1
mranscomb4,162,2
kdegliabbati5f,314,2
rgartrell1z,175,1
iswetmorei,87,1
nfarman1e,612,2
econibear2,479,2
drogister2w,24,1
fstephens50,687,2
vsmillieg,976,1
mraggv,645,1
vconstantinou5r,257,2
jbugden41,344,1
nfarman1e,549,1
dmitchleyh,684,1
oprofitl,92,1
vissacov3u,207,1
astelfoxx,685,1
jkey4h,779,1
kedel4k,146,2
awilbors,944,1
epeddie5,659,1
ctrump3o,559,1
sfulton4i,301,1
glantoph3w,83,2
mkeir5i,597,2
cgoforth17,655,1
dlautie1y,816,1
mfurminger2o,379,2
pbauded,200,1
gtorald24,991,1
ksemon3r,428,2
eswane3i,550,1
sofielly2g,158,1
adipietro1h,617,2
aenright20,124,2
aalekhov40,869,1
mkynnd2q,877,2
vrichfieldy,269,2
dbraunstein5m,764,1
sbrandham2a,446,1
cgoforth17,399,1
bruddlesden5o,26,1
kauldsz,194,2
ksemon3r,117,1
tscreach32,197,2
aalekhov40,779,1
smcbay4m,194,1
afeehely1o,265,2
epeddie5,859,1
mranscomb4,207,2
mtenniswood12,678,2
ibrabonf,213,1
cwhysall34,215,1
dstoyell5h,276,2
cpinck2s,370,2
bturgoose18,901,2
ohadlow28,983,2
kauldsz,300,2
jivanichev4v,956,1
kmcardle4g,915,2
mraggv,360,1
tsheringham5k,456,1
bflury1j,607,2
mraggv,724,1
afeehely1o,294,1
abitterton53,767,2
mcrispe1v,927,1
jsirmon4z,933,2
pgilhouley3m,847,2
fstachini3j,964,2
afihelly2l,15,2
dspick3b,907,2
tramsbottom5b,452,1
stesto3n,241,1
dponder4f,376,2
tscreach32,311,1
ckobiera1l,461,1
msings4r,770,2
mraggv,874,1
dczyz3a,720,2
rjoan59,368,2
dlegricek,481,2
bpolak2b,457,1
rjoan59,532,1
ctrump3o,231,1
nfarman1e,99,2
eaitken1k,810,1
wtassell5q,257,2
bturgoose18,102,2
dponder4f,260,1
bpolak2b,927,2
bflury1j,745,2
bjurewicz4a,687,1
rjoan59,556,2
remes3h,539,2
rblancowe3,216,2
bmaclaine3y,169,2
rblancowe3,627,2
cgoforth17,815,1
dkinzett4o,323,1
adipietro1h,757,1
hschoroder2v,731,1
mraggv,518,2
dlegricek,469,1
rblancowe3,850,2
erosbotham1m,935,2
cpinck2s,696,1
cgoforth17,323,1
fstephens50,429,2
deatock4e,855,1
ddelacey27,715,1
jeastwood3v,698,2
pbauded,71,1
bbaxstair1d,607,1
cpinck2s,637,2
bandreazzi3s,28,2
gkreutzer5l,833,1
ddelacey27,223,2
mranscomb4,326,2
cwhysall34,838,2
astelfoxx,939,1
adipietro1h,921,1
wtassell5q,233,1
mketteman1b,597,1
sofielly2g,447,1
mtenniswood12,202,2
wtassell5q,513,1
kdancey5g,294,2
aalekhov40,868,1
kwhyard1g,230,2
zgeockle1u,177,2
gnode1a,537,1
ebatterson10,495,1
rgartrell1z,142,2
eadamides2d,230,2
bfarbrotherq,293,1
tpendergrasto,70,1
hcasine8,127,1
nabethell22,346,1
tollie52,125,2
glantoph3w,126,1
cmacgilpatrick3t,346,2
kauldsz,273,1
jeastwood3v,441,2
fstachini3j,883,2
hmccague4p,159,2
iswetmorei,848,2
astelfoxx,571,2
tfeehan4n,9,2
krodman3l,412,2
glantoph3w,228,1
nderrick1p,845,2
tpendergrasto,490,2
ndevillier38,491,1
astelfoxx,51,2
awilbors,710,2
mranscomb4,287,1
sseefeldt47,844,1
flepick15,326,2
asnasdell3e,568,1
gnode1a,738,1
mjolly2i,26,2
sseefeldt47,931,1
phockey4y,885,1
tscreach32,436,1
mjorioz2j,74,1
vsmillieg,163,2
sfulton4i,170,2
sfulton4i,133,1
kfideler30,357,2
mmuck57,407,1
dlautie1y,911,2
tfeehan4n,367,1
dczyz3a,691,2
acrayden44,982,2
mjolly2i,67,1
pgilhouley3m,450,2
hwindress26,552,1
vrichfieldy,544,1
dyuryev3c,804,2
sscamal2m,991,2
ctrump3o,526,1
amicco42,751,1
vtremathack2z,477,1
svonderdellt,503,2
stesto3n,872,2
mfulcher1s,913,2
ddelacey27,167,1
atassaker4j,452,1
gtorald24,206,2
mketteman1b,138,2
mmuck57,488,1
astelfoxx,358,1
uleatherland5j,237,2
tsheringham5k,211,2
cwattingham4x,674,1
hwindress26,150,2
mranscomb4,830,1
hfreemantle2y,485,2
tsheringham5k,767,2
hcasine8,650,1
eaitken1k,208,2
nadamovitchb,886,1
afeehely1o,113,2
mvarah1w,29,2
gkaesmans9,102,1
nderrick1p,434,2
krenackownaw,563,2
kmcardle4g,827,2
hschoroder2v,427,1
ndevillier38,280,1
ccorpe14,577,1
ctrump3o,82,2
hcasine8,930,1
abitterton53,935,1
jolooney2r,117,1
nabethell22,175,2
stesto3n,647,1
eadamides2d,286,1
mfaires4u,854,1
hfreemantle2y,25,1
dfoxleyc,652,1
auppett11,542,1
dlautie1y,106,2
dlegricek,998,1
vissacov3u,636,2
skopje1c,834,1
nderrick1p,458,1
tscreach32,111,2
erosbotham1m,382,1
sbartosch2k,541,1
twhitechurch2h,541,2
vtremathack2z,286,2
erosbotham1m,479,2
tollie52,661,1
cgoforth17,489,2
smaleck5d,157,2
bandreazzi3s,647,1
klutmanp,416,2
cetheringtonj,831,1
dponder4f,722,1
ibrabonf,920,1
mraggv,228,1
krodman3l,278,1
bbeminster5a,568,1
isamweyes56,443,1
tollie52,434,2
astelfoxx,381,2
kdegliabbati5f,157,2
djendrys13,86,1
tsheringham5k,186,1
mfurminger2o,100,1
smcbay4m,446,2
ctrump3o,949,1
atassaker4j,489,2
bflury1j,753,1
nadamovitchb,73,2
nswinfon43,578,2
ndevillier38,278,2
afihelly2l,198,2
dbraunstein5m,35,1
iswetmorei,736,2
rdefries3d,454,1
jridgeway25,882,1
grubenov4w,495,1
stesto3n,788,2
lstollmeyer49,374,2
mfulcher1s,325,2
bswiffan3x,882,1
molooney2p,410,2
eswane3i,141,2
lbeany16,519,2
twhitechurch2h,593,1
dlegricek,843,1
rluebbert21,376,2
zkrienke6,477,2
bbahike23,200,2
hwindress26,219,2
hcasine8,98,1
cpilley33,581,1
deatock4e,951,2
dyuryev3c,657,2
drogister2w,698,1
rgartrell1z,300,2
fstephens50,735,1
vconstantinou5r,531,2
jsummerly2c,745,2
ohadlow28,14,2
kwhyard1g,679,2
lnoble46,134,1
ggentric4b,822,1
nswinfon43,756,1
zkrienke6,693,2
mmcilroy5p,232,2
ibrabonf,146,2
mranscomb4,287,2
nswinfon43,717,2
hfreemantle2y,469,2
vissacov3u,296,2
mfaires4u,984,2
cetheringtonj,816,2
ahurnr,873,2
tpython36,814,1
tscreach32,118,1
qbasill2f,240,2
mjorioz2j,41,2
mmcilroy5p,350,1
ekimmitt5c,69,2
afihelly2l,404,1
shargie1i,861,2
mfulcher1s,688,1
mcrispe1v,161,2
hmyricka,595,2
kwhyard1g,345,1
stesto3n,195,1
tollie52,315,1
auppett11,263,2
plambourne1x,52,1
dlegricek,56,1
jivanichev4v,45,2
ksemon3r,584,2
kdegliabbati5f,8,1
tsheringham5k,325,1
vtremathack2z,310,1
mjolly2i,793,1
dlegricek,448,1
mraggv,669,2
vrichfieldy,486,1
iborland5n,508,1
tscreach32,255,1
sbergeon2n,68,2
eswane3i,604,1
vtremathack2z,658,1
isamweyes56,548,1
dbraunstein5m,986,1
hfreemantle2y,228,1
adipietro1h,472,2
mkynnd2q,600,2
isamweyes56,531,2
rluebbert21,321,2
cwattingham4x,162,1
ccorpe14,456,1
eadamides2d,100,1
bpolak2b,67,1
gnode1a,199,1
ibrabonf,606,2
bjurewicz4a,376,2
stesto3n,738,1
auppett11,917,2
cpilley33,303,2
pwarnese,401,2
kfideler30,330,2
afihelly2l,630,2
mketteman1b,709,1
rdowers48,421,2
krodman3l,76,2
isamweyes56,824,1
tfeehan4n,440,1
chaddleston1,426,1
cpinck2s,274,2
hmyricka,526,2
mhunnaball1f,325,2
ohadlow28,298,1
remes3h,545,1
pwarnese,477,1
scroci35,248,1
rblancowe3,109,1
glantoph3w,439,2
bswiffan3x,418,1
mranscomb4,653,1
mmuck57,88,2
ebatterson10,222,2
vtremathack2z,928,2
cetheringtonj,840,2
kfeld58,422,1
acrayden44,315,2
ibrabonf,417,1
vtremathack2z,804,1
ddelacey27,305,1
ahurnr,212,2
tscreach32,719,2
jgianasi2t,610,2
aalekhov40,466,2
ckobiera1l,405,1
kmainwaringm,815,2
bandreazzi3s,499,2
rblancowe3,314,1
lstollmeyer49,208,2
dlegricek,74,2
rluebbert21,858,1
vconstantinou5r,384,1
bbeminster5a,555,2
sseefeldt47,446,2
mescot19,716,2
acheverton0,822,1
cgoforth17,157,1
nderrick1p,506,1
auppett11,328,1
aalekhov40,760,1
bandreazzi3s,628,1
mcrispe1v,180,2
cschinetti4s,318,1
nfarman1e,823,2
pwarnese,846,1
jguyonnet2u,994,2
deatock4e,669,2
bbaxstair1d,315,2
mraggv,37,1
kfeld58,43,2
krenackownaw,727,1
vissacov3u,789,2
lpreshous39,61,1
ndevillier38,859,1
deatock4e,966,1
shargie1i,759,1
jbugden41,430,1
afihelly2l,908,1
afeehely1o,342,1
lstollmeyer49,331,1
hmccague4p,270,2
eswane3i,255,1
hfreemantle2y,314,1
vissacov3u,259,2
kmainwaringm,124,2
epeddie5,614,2
klutmanp,116,2
vsmillieg,13,2
zgeockle1u,95,2
klutmanp,926,1
ahurnr,399,1
adipietro1h,175,2
wtassell5q,96,1
epeddie5,245,2
shargie1i,196,2
mjolly2i,954,1
erosbotham1m,769,2
tsheringham5k,280,1
alequesne4q,465,1
sseefeldt47,277,1
dfoxleyc,915,1
eswane3i,916,2
nfarman1e,415,1
dyuryev3c,24,2
ekimmitt5c,809,2
iswetmorei,464,1
econibear2,472,2
kwhyard1g,192,2
klutmanp,697,1
smcbay4m,471,2
auppett11,266,2
ctrump3o,433,1
cgoforth17,900,1
stesto3n,132,1
krenackownaw,221,1
mkynnd2q,805,1
tpython36,948,1
cgoforth17,193,1
eadamides2d,617,2
maujean2e,267,2
eadamides2d,954,1
mfurminger2o,574,1
jkey4h,266,1
mmuck57,108,1
cgoforth17,59,2
zkrienke6,400,2
awilbors,36,2
mfurminger2o,608,1
oprofitl,444,2
csillars54,722,2
auppett11,372,1
rrosin,704,2
mmcilroy5p,639,2
iswetmorei,518,2
cgoforth17,606,2
pgilhouley3m,378,1
nabethell22,31,2
aenright20,49,2
cpinck2s,775,2
iswetmorei,531,1
chaddleston1,347,1
bturgoose18,838,2
atassaker4j,887,1
dbraunstein5m,845,1
econibear2,476,1
ibeebis31,680,1
msings4r,38,1
ohadlow28,654,1
ckobiera1l,638,2
zkrienke6,367,2
bswiffan3x,598,1
mraggv,715,2
nswinfon43,979,1
klutmanp,758,2
shargie1i,226,2
nfarman1e,226,1
isamweyes56,858,1
bmaclaine3y,425,2
astelfoxx,237,1
dlautie1y,960,2
acrayden44,491,2
hschoroder2v,447,1
cpackington4c,196,1
msings4r,26,1
kmainwaringm,104,1
ohadlow28,790,2
vtremathack2z,307,1
remes3h,604,1
rsparrow1n,663,1
gnode1a,703,1
vrichfieldy,231,2
nderrick1p,688,1
lstollmeyer49,804,1
dlautie1y,482,2
vissacov3u,835,2
mranscomb4,203,1
vrichfieldy,621,1
twhitechurch2h,768,2
vrichfieldy,814,1
tramsbottom5b,971,1
kbramham37,642,2
carundel3g,368,2
ehugill55,947,1
hmyricka,991,1
dlegricek,618,2
sbrandham2a,5,2
bswiffan3x,214,2
jridgeway25,899,2
maujean2e,209,2
nadamovitchb,195,2
gnode1a,295,1
mescot19,763,2
ndevillier38,37,1
rrosin,186,2
cgoforth17,83,2
cmacgilpatrick3t,992,2
jeastwood3v,408,2
rrosin,900,2
kfeld58,644,2
stesto3n,524,2
cpilley33,474,2
carundel3g,592,1
cgoforth17,945,2
bpolak2b,814,1
alequesne4q,709,2
deatock4e,228,2
dyuryev3c,27,1
hravenshaw4d,261,2
dspick3b,789,2
tfeehan4n,338,1
mhabeshaw29,993,1
lclaffey3p,257,1
atassaker4j,297,1
sfulton4i,114,1
dyuryev3c,408,2
eaitken1k,629,1
jkey4h,651,1
mjorioz2j,970,1
zkrienke6,836,1
afeehely1o,320,2
fstachini3j,734,2
wtassell5q,718,2
grubenov4w,337,1
neakin1q,448,1
mtenniswood12,251,1
dyuryev3c,809,2
mescot19,19,1
kedel4k,177,1
gtorald24,471,1
ccorpe14,232,2
ccorpe14,791,1
carundel3g,451,2
mtenniswood12,269,1
cgoforth17,343,1
dponder4f,358,2
uleatherland5j,281,1
tpython36,261,2
kfideler30,525,2
bflury1j,235,1
sofielly2g,389,1
mtenniswood12,425,1
tsheringham5k,734,1
dstoyell5h,893,2
acrayden44,110,1
jridgeway25,833,1
wprangley7,510,2
rlebarr51,809,2
tollie52,94,2
ibrabonf,146,2
rluebbert21,672,2
zkrienke6,668,2
smaleck5d,23,2
wprangley7,333,1
jbugden41,764,1
dspick3b,764,2
wtassell5q,62,2
vissacov3u,476,2
krenackownaw,790,1
gkaesmans9,574,1
csillars54,225,2
pbachellier2x,463,1
bjurewicz4a,569,2
cetheringtonj,63,2
lstollmeyer49,633,2
mjolly2i,771,2
scabotto3f,9,1
molooney2p,33,2
kfeld58,492,1
mjolly2i,93,2
lpreshous39,705,2
ddelacey27,354,1
kfideler30,128,2
phockey4y,936,1
vconstantinou5r,828,1
mmuck57,194,1
jguyonnet2u,587,1
aedmondson4l,66,2
vsmillieg,913,1
mfaires4u,720,2
bpolak2b,112,1
iborland5n,747,2
gkaesmans9,199,2
afeehely1o,521,1
mjolly2i,292,2
cwhysall34,754,1
kbramham37,6,1
adipietro1h,887,1
smcbay4m,888,2
rdefries3d,122,1
isamweyes56,305,2
jivanichev4v,790,2
lstollmeyer49,179,1
mkeir5i,826,2
kfideler30,204,2
vissacov3u,663,2
drogister2w,853,2
dkinzett4o,250,2
kbramham37,626,2
vtremathack2z,734,1
bfarbrotherq,844,2
astelfoxx,329,2
mkynnd2q,923,2
ksemon3r,676,1
rsparrow1n,296,2
svonderdellt,656,2
tfeehan4n,384,1
remes3h,227,1
pbauded,637,1
kdancey5g,29,2
tramsbottom5b,366,2
econibear2,765,1
skopje1c,830,1
csillars54,383,1
jgianasi2t,766,1
kfideler30,384,2
kdegliabbati5f,650,1
rrosin,514,1
rlebarr51,747,2
fstachini3j,400,2
eswane3i,573,1
econibear2,43,1
mraggv,741,1
csillars54,305,1
vsmillieg,960,1
ctrump3o,610,2
eaitken1k,543,2
gkreutzer5l,172,2
carundel3g,820,2
mketteman1b,586,2
fstachini3j,606,1
dczyz3a,718,2
vissacov3u,38,2
nadamovitchb,292,2
mfurminger2o,898,1
cmacgilpatrick3t,28,2
mranscomb4,136,1
adipietro1h,570,2
bandreazzi3s,182,2
ggentric4b,130,1
mkynnd2q,225,2
mtenniswood12,816,2
nadamovitchb,354,2
mtenniswood12,404,2
twhitechurch2h,944,2
dspick3b,473,1
cgoforth17,940,1
eadamides2d,522,1
tramsbottom5b,729,1
nswinfon43,89,2
bprendiville1r,295,2
eadamides2d,644,2
nswinfon43,157,1
pwarnese,790,2
mkynnd2q,114,1
lnoble46,525,2
stesto3n,613,1
bbahike23,82,1
mescot19,162,1
eadamides2d,488,1
chaddleston1,721,2
sbergeon2n,698,2
pbauded,816,2
nderrick1p,595,1
zkrienke6,148,2
nfarman1e,21,2
deatock4e,532,1
ckobiera1l,243,2
afihelly2l,543,1
bpolak2b,3,2
eswane3i,174,1
ddelacey27,648,1
sfulton4i,259,1
aenright20,851,1
dlegricek,429,1
nabethell22,402,2
drogister2w,888,2
dstoyell5h,112,2
epeddie5,342,2
hschoroder2v,999,2
bturgoose18,214,1
afeehely1o,272,1
ohadlow28,437,2
eswane3i,642,1
wprangley7,943,2
drogister2w,982,2
adipietro1h,770,2
atassaker4j,322,1
ctrump3o,338,1
csillars54,980,2
sseefeldt47,820,1
dstoyell5h,515,1
ekimmitt5c,119,2
smcbay4m,824,1
rjoan59,431,1
dbraunstein5m,731,1
pbauded,143,2
mescot19,695,1
bpolak2b,869,2
vissacov3u,577,2
alequesne4q,944,2
remes3h,65,2
kfideler30,563,1
dczyz3a,496,1
stesto3n,748,2
dczyz3a,518,1
mhunnaball1f,820,2
tsheringham5k,417,2
cschinetti4s,838,2
sseefeldt47,135,1
mmcilroy5p,115,2
twhitechurch2h,681,1
jgianasi2t,870,1
dlegricek,819,2
wprangley7,487,2
tmessenger3q,101,2
molooney2p,637,2
mketteman1b,219,1
qbasill2f,568,1
lclaffey3p,79,1
sbartosch2k,623,1
cgoforth17,553,2
ibeebis31,298,2
bandreazzi3s,826,1
cpackington4c,647,2
scabotto3f,864,1
plambourne1x,428,1
dponder4f,241,1
mmuck57,629,2
vrichfieldy,142,2
jkey4h,419,1
nabethell22,493,1
bpolak2b,721,1
vsmillieg,541,2
fstachini3j,649,1
maujean2e,360,2
ohadlow28,118,1
wtassell5q,205,2
adipietro1h,256,1
jeastwood3v,240,2
cmacgilpatrick3t,107,2
pbachellier2x,989,2
cwattingham4x,904,1
krenackownaw,152,1
vsmillieg,879,1
kfeld58,852,2
acheverton0,586,1
krodman3l,516,2
sbartosch2k,386,2
jgianasi2t,599,2
jeastwood3v,728,1
shargie1i,422,1
csillars54,304,2
ccorpe14,202,1
aedmondson4l,362,1
kbramham37,106,1
amicco42,517,2
jguyonnet2u,478,1
flepick15,456,1
dlegricek,457,2
mketteman1b,668,2
csillars54,343,2
fstephens50,642,2
scroci35,619,1
jsackes3z,828,1
epeddie5,996,1
cwhysall34,57,2
gkreutzer5l,239,2
dbraunstein5m,377,2
jeastwood3v,260,1
djendrys13,703,2
stesto3n,868,1
dstoyell5h,986,2
rluebbert21,445,2
fstachini3j,597,2
rgartrell1z,404,2
flepick15,155,2
vissacov3u,858,2
alequesne4q,327,1
msings4r,8,2
ehorbath3k,161,1
lnoble46,58,2
tfeehan4n,654,2
kbramham37,689,1
scroci35,381,2
iswetmorei,953,1
zkrienke6,172,1
adipietro1h,64,2
wprangley7,649,1
gtorald24,247,2
sbrandham2a,916,2
molooney2p,985,2
tfeehan4n,716,2
bswiffan3x,86,1
dczyz3a,315,2
mhabeshaw29,956,1
afeehely1o,413,2
ibeebis31,930,2
drogister2w,455,1
bpolak2b,834,2
eswane3i,771,2
mcrispe1v,658,2
hfreemantle2y,502,1
rjoan59,373,1
acrayden44,707,2
dbraunstein5m,514,1
jsirmon4z,181,1
maujean2e,135,2
neakin1q,856,2
jsummerly2c,572,1
cetheringtonj,201,2
jsackes3z,293,1
scroci35,201,2
afihelly2l,44,1
scabotto3f,205,1
krenackownaw,534,2
dlautie1y,699,1
wprangley7,322,1
afeehely1o,228,2
bjurewicz4a,721,2
eadamides2d,146,1
jpenmanu,74,1
rluebbert21,512,1
jsummerly2c,717,1
ckobiera1l,795,1
astelfoxx,135,1
smcbay4m,956,1
krodman3l,204,2
cpilley33,713,1
vrichfieldy,17,2
bbeminster5a,518,1
auppett11,78,2
ibrabonf,365,2
cmacgilpatrick3t,688,1
uleatherland5j,115,2
gtorald24,382,2
maujean2e,377,2
nabethell22,788,1
ggentric4b,251,2
neakin1q,47,2
kmcardle4g,475,2
tfeehan4n,19,2
fstephens50,752,2
hravenshaw4d,61,2
hmccague4p,535,1
dbraunstein5m,452,2
kfeld58,316,1
jsirmon4z,715,2
cwattingham4x,375,2
chaddleston1,714,1
jolooney2r,433,2
rjoan59,490,2
ggentric4b,510,1
nabethell22,204,2
skopje1c,658,2
pbauded,370,2
qbasill2f,132,1
ohadlow28,629,1
mtenniswood12,563,2
mmuck57,442,2
bturgoose18,704,1
mhabeshaw29,589,2
nswinfon43,587,2
dmitchleyh,339,2
cpilley33,579,1
eaitken1k,495,2
lclaffey3p,822,1
vissacov3u,27,1
skopje1c,141,1
jsirmon4z,639,2
rgartrell1z,985,2
kdancey5g,90,1
klutmanp,532,1
vrichfieldy,310,1
ccriple4t,792,2
cschinetti4s,462,1
ddelacey27,677,2
jkey4h,854,1
cpinck2s,648,2
kedel4k,373,2
erosbotham1m,300,2
pwarnese,928,1
gtorald24,708,1
eadamides2d,920,1
lstollmeyer49,73,2
vissacov3u,226,1
asnasdell3e,50,1
dyuryev3c,191,1
bprendiville1r,889,1
bpolak2b,309,1
dyuryev3c,208,1
mjorioz2j,449,1
hfreemantle2y,127,1
cwhysall34,738,2
molooney2p,490,2
nswinfon43,58,1
hravenshaw4d,273,2
ccorpe14,936,2
sofielly2g,885,1
kdancey5g,417,2
maujean2e,807,1
pgilhouley3m,738,2
lclaffey3p,708,1
ccriple4t,306,2
chaddleston1,919,2
pbauded,998,2
smcbay4m,615,2
mkeir5i,159,2
vissacov3u,683,2
pwarnese,298,1
bjurewicz4a,950,1
klutmanp,800,1
rjoan59,471,2
gkaesmans9,410,1
jpenmanu,785,2
mcrispe1v,386,1
jbugden41,407,2
krenackownaw,532,2
nderrick1p,333,1
cwattingham4x,470,1
jguyonnet2u,595,1
hwindress26,338,2
dkinzett4o,411,2
kfideler30,624,1
mjolly2i,192,1
dmitchleyh,781,1
jeastwood3v,62,1
ndevillier38,544,2
nderrick1p,56,2
stesto3n,170,2
ibeebis31,206,1
qbasill2f,843,2
hwindress26,253,2
wprangley7,383,2
mjorioz2j,48,2
astelfoxx,310,2
rlebarr51,428,1
acheverton0,870,1
grubenov4w,256,2
bfarbrotherq,984,2
bbaxstair1d,68,1
kmainwaringm,296,2
chaddleston1,376,2
hfreemantle2y,563,1
cwhysall34,901,1
bandreazzi3s,551,1
ksemon3r,920,1
astelfoxx,307,2
eadamides2d,230,1
scabotto3f,519,1
phockey4y,346,1
afeehely1o,463,2
pbachellier2x,185,2
mfaires4u,489,2
lnoble46,309,1
jsackes3z,744,2
alequesne4q,709,2
jbugden41,755,1
tpendergrasto,267,1
vsmillieg,918,1
ebatterson10,644,1
dspick3b,18,2
aalekhov40,784,2
molooney2p,719,2
ohadlow28,740,2
ebatterson10,257,2
ksemon3r,712,1
kdegliabbati5f,154,2
ckobiera1l,159,2
sbrandham2a,160,2
tpython36,675,2
alequesne4q,833,2
tscreach32,635,2
mescot19,334,1
klutmanp,621,1
bandreazzi3s,36,2
cgoforth17,626,2
cpilley33,518,1
kmainwaringm,584,2
rlebarr51,205,2
scroci35,828,2
qbasill2f,48,2
cpinck2s,598,1
cwattingham4x,440,1
amicco42,658,2
mfaires4u,223,2
dmitchleyh,860,2
bbaxstair1d,348,2
mmuck57,482,2
remes3h,480,2
alequesne4q,166,2
hschoroder2v,800,1
ddelacey27,756,1
drogister2w,858,2
afeehely1o,583,2
rgartrell1z,464,1
bpolak2b,787,1
dyuryev3c,816,1
dbraunstein5m,668,2
rdowers48,429,2
asnasdell3e,547,2
nabethell22,640,2
kdancey5g,624,2
bswiffan3x,500,2
fstephens50,556,2
mketteman1b,603,1
zgeockle1u,955,2
bandreazzi3s,236,1
maujean2e,412,1
skopje1c,270,2
mmcilroy5p,789,2
bflury1j,448,2
bbaxstair1d,585,1
kbramham37,44,1
drogister2w,624,1
wtassell5q,720,1
kwhyard1g,952,2
iborland5n,23,1
tfeehan4n,571,1
atassaker4j,714,1
eswane3i,543,2
bpolak2b,916,1
cheskey1t,796,1
lbeany16,524,1
kbramham37,692,1
stesto3n,205,1
jivanichev4v,271,2
bbaxstair1d,637,1
aalekhov40,489,1
lnoble46,127,2
flepick15,907,1
ddelacey27,295,1
rlebarr51,385,1
kauldsz,696,2
lstollmeyer49,793,1
lbeany16,563,1
rjoan59,226,1
ggentric4b,28,1
kbramham37,912,2
rsparrow1n,547,1
kedel4k,942,1
remes3h,966,2
kfideler30,354,1
mfurminger2o,662,2
kmainwaringm,127,1
afeehely1o,278,2
phockey4y,400,2
kfeld58,189,1
auppett11,558,1
deatock4e,270,2
tfeehan4n,194,2
gkreutzer5l,120,2
chaddleston1,21,1
jguyonnet2u,120,1
dyuryev3c,129,2
tpendergrasto,686,2
mraggv,396,2
dmitchleyh,410,2
amicco42,891,1
jivanichev4v,493,2
ndevillier38,334,1
bbeminster5a,807,1
bflury1j,917,1
acrayden44,21,2
dlautie1y,392,1
ccorpe14,348,1
scabotto3f,36,1
tramsbottom5b,32,1
dspick3b,193,2
jolooney2r,468,2
rluebbert21,642,1
svonderdellt,108,1
kdegliabbati5f,791,1
mraggv,459,1
wtassell5q,683,1
jgianasi2t,799,1
ekimmitt5c,756,2
sfulton4i,221,2
dlegricek,971,2
remes3h,622,2
afihelly2l,303,2
abitterton53,470,1
kmainwaringm,45,1
csillars54,187,1
gheeks45,767,2
sbergeon2n,431,2
eaitken1k,948,2
dponder4f,91,1
mraggv,563,1
nswinfon43,504,1
bbahike23,190,2
mkeir5i,112,2
csillars54,312,2
mcrispe1v,779,1
mvarah1w,197,1
amicco42,501,2
nadamovitchb,917,2
afeehely1o,480,1
bbahike23,338,2
nfarman1e,854,2
eadamides2d,632,1
molooney2p,188,2
pbauded,274,1
jgianasi2t,137,2
dmitchleyh,625,2
mfurminger2o,372,2
cpackington4c,244,2
rlebarr51,319,2
eswane3i,913,2
mfaires4u,528,2
atassaker4j,615,2
alequesne4q,986,1
lbeany16,795,2
zkrienke6,787,1
fstachini3j,476,1
jpenmanu,402,2
bswiffan3x,30,1
rdefries3d,619,2
pwarnese,283,1
mvarah1w,474,2
eadamides2d,659,2
dspick3b,526,1
bandreazzi3s,996,1
kdancey5g,250,2
bfarbrotherq,577,2
mranscomb4,943,2
bruddlesden5o,521,2
mfaires4u,957,1
astelfoxx,281,2
cetheringtonj,452,1
shargie1i,537,1
tsheringham5k,345,2
adipietro1h,301,2
isamweyes56,216,1
jsummerly2c,905,1
rluebbert21,950,2
mkeir5i,116,2
rblancowe3,517,1
jsackes3z,261,1
dlautie1y,868,1
rgartrell1z,419,1
mranscomb4,809,2
ibeebis31,17,2
mjolly2i,742,2
tramsbottom5b,671,1
ddelacey27,956,1
rrosin,105,2
rlebarr51,414,2
gnode1a,133,1
grubenov4w,234,2
mfaires4u,685,2
acheverton0,517,2
abitterton53,455,2
mkynnd2q,752,2
jgianasi2t,905,2
bbaxstair1d,320,1
mescot19,376,1
ehorbath3k,270,1
cpinck2s,728,1
dyuryev3c,270,1
tpendergrasto,248,2
cpinck2s,326,2
zgeockle1u,416,2
vsmillieg,133,2
tfeehan4n,507,2
bprendiville1r,481,2
ccriple4t,218,2
wprangley7,72,2
mranscomb4,274,2
vsmillieg,50,2
hfreemantle2y,437,1
msings4r,753,1
vsmillieg,644,1
dmitchleyh,565,2
deatock4e,87,1
plambourne1x,587,1
kmcardle4g,510,1
skopje1c,944,1
bswiffan3x,271,2
sseefeldt47,374,1
jpenmanu,554,2
mhabeshaw29,287,2
dmitchleyh,602,1
carundel3g,505,2
vissacov3u,107,2
zkrienke6,73,1
shargie1i,31,2
isamweyes56,55,2
tramsbottom5b,635,1
bturgoose18,40,1
bprendiville1r,715,2
krodman3l,918,2
jbugden41,885,1
rgartrell1z,706,2
mcrispe1v,858,2
kauldsz,452,1
mfulcher1s,37,1
rrosin,577,2
carundel3g,75,2
stesto3n,741,1
ehugill55,423,1
tpendergrasto,652,2
dspick3b,778,2
klutmanp,964,1
bswiffan3x,168,2
vsmillieg,900,2
nfarman1e,269,2
gkaesmans9,688,1
ehugill55,743,2
twhitechurch2h,804,1
tmessenger3q,143,1
adipietro1h,172,2
lclaffey3p,524,2
ddelacey27,506,2
hwindress26,867,2
hravenshaw4d,509,1
dmitchleyh,11,1
stesto3n,368,1
asnasdell3e,71,2
aenright20,124,2
kdancey5g,930,1
twhitechurch2h,361,1
aalekhov40,977,1
dbraunstein5m,844,2
hwindress26,614,2
oprofitl,599,1
ksemon3r,69,2
cpilley33,649,1
awilbors,688,1
remes3h,42,1
hfreemantle2y,969,2
iborland5n,802,1
maujean2e,600,2
drogister2w,365,1
bpolak2b,965,2
mfurminger2o,389,1
marmatidge5e,790,2
jolooney2r,92,2
fstephens50,529,2
kmainwaringm,969,1
ohadlow28,791,1
eadamides2d,164,1
iborland5n,321,2
jbugden41,936,2
zkrienke6,646,1
jridgeway25,495,2
jeastwood3v,34,2
qbasill2f,472,1
nswinfon43,970,1
csillars54,304,1
pgilhouley3m,532,1
ccriple4t,896,1
neakin1q,378,1
pbachellier2x,659,1
hmyricka,131,1
dponder4f,578,1
eswane3i,518,1
dfoxleyc,10,2
rrosin,805,2
mkeir5i,420,2
bfarbrotherq,788,2
wprangley7,817,1
tsheringham5k,946,1
tmessenger3q,679,1
cetheringtonj,866,2
ibeebis31,965,2
pgilhouley3m,663,2
tsheringham5k,713,1
cetheringtonj,68,1
mfaires4u,870,2
zgeockle1u,222,2
ibeebis31,55,2
nadamovitchb,198,2
cpinck2s,929,2
mranscomb4,98,1
hmyricka,137,2
scroci35,960,2
sfulton4i,612,2
dyuryev3c,449,1
sbrandham2a,126,2
qbasill2f,798,1
eaitken1k,629,1
isamweyes56,662,1
tmessenger3q,833,2
nabethell22,938,1
ibrabonf,250,2
tfeehan4n,340,2
csillars54,577,2
isamweyes56,899,2
ehugill55,916,2
dmitchleyh,979,1
rblancowe3,493,1
kdegliabbati5f,735,1
phockey4y,456,1
ctrump3o,291,2
adipietro1h,538,2
dyuryev3c,422,2
ehugill55,815,1
smcbay4m,630,1
bturgoose18,656,1
jeastwood3v,289,1
mmuck57,467,1
kmainwaringm,866,1
hfreemantle2y,71,1
eswane3i,835,1
eaitken1k,473,1
mketteman1b,637,1
tsheringham5k,224,2
rrosin,971,2
mjorioz2j,563,2
twhitechurch2h,815,2
wprangley7,1,2
alequesne4q,927,2
zgeockle1u,955,1
cwattingham4x,109,2
wprangley7,920,1
econibear2,27,1
eswane3i,181,1
eaitken1k,387,2
lnoble46,717,2
dlegricek,238,2
adipietro1h,180,2
wtassell5q,770,1
mmcilroy5p,637,1
dlegricek,702,1
jkey4h,898,2
sscamal2m,464,2
pbachellier2x,702,2
flepick15,968,1
twhitechurch2h,93,2
cwhysall34,672,1
eaitken1k,172,2
jpenmanu,308,1
hmyricka,591,2
dbraunstein5m,231,1
abitterton53,360,1
twhitechurch2h,814,1
kdancey5g,844,1
afihelly2l,260,1
gheeks45,552,2
marmatidge5e,24,2
cschinetti4s,535,1
stesto3n,754,1
pwarnese,525,2
rblancowe3,410,2
gkreutzer5l,181,1
kdancey5g,387,1
rgartrell1z,960,1
scabotto3f,165,1
atassaker4j,397,1
msings4r,965,2
jridgeway25,261,1
mmcilroy5p,151,1
wtassell5q,749,2
zgeockle1u,306,2
lnoble46,989,1
eaitken1k,918,1
mmcilroy5p,994,1
cwattingham4x,396,1
lbeany16,647,2
cpilley33,957,2
kmcardle4g,266,1
bjurewicz4a,100,2
aedmondson4l,29,1
cmacgilpatrick3t,12,2
skopje1c,813,1
mvarah1w,954,2
cschinetti4s,346,1
hschoroder2v,194,2
dmitchleyh,662,1
smaleck5d,460,2
mfaires4u,34,1
shargie1i,369,2
wtassell5q,268,1
cpinck2s,847,1
deatock4e,648,1
auppett11,711,1
kdancey5g,356,1
rdowers48,379,1
tramsbottom5b,948,1
sscamal2m,302,2
grubenov4w,839,2
kdancey5g,30,1
rluebbert21,798,1
cmacgilpatrick3t,438,1
uleatherland5j,886,2
smcbay4m,231,2
cpilley33,725,2
pgilhouley3m,838,2
drogister2w,3,2
jolooney2r,556,1
bjurewicz4a,852,2
vsmillieg,543,1
ddelacey27,555,2
mkeir5i,278,1
adipietro1h,220,1
cgoforth17,148,2
tpendergrasto,269,2
jkey4h,777,2
jpenmanu,827,1
pwarnese,910,2
nadamovitchb,43,2
cgoforth17,283,2
bandreazzi3s,255,1
remes3h,957,2
eswane3i,126,2
mraggv,553,1
rblancowe3,645,1
plambourne1x,787,1
pbachellier2x,3,2
bturgoose18,30,2
jsackes3z,565,1
rdefries3d,115,1
molooney2p,100,2
cpinck2s,322,2
kfeld58,224,1
lpreshous39,198,2
tfeehan4n,266,2
amicco42,642,1
lnoble46,882,2
bruddlesden5o,416,1
zgeockle1u,572,1
tsheringham5k,922,2
ccorpe14,320,1
iswetmorei,589,2
nswinfon43,613,1
mjorioz2j,184,2
neakin1q,158,1
pwarnese,88,2
bbaxstair1d,620,1
svonderdellt,907,1
jbugden41,643,2
rblancowe3,470,1
mkeir5i,593,2
kfideler30,303,2
jridgeway25,486,1
erosbotham1m,716,1
aenright20,736,2
fstachini3j,290,1
hmccague4p,8,2
tsheringham5k,621,2
bruddlesden5o,491,2
rjoan59,814,1
hcasine8,189,1
mkynnd2q,407,2
tramsbottom5b,804,2
rluebbert21,577,1
mfulcher1s,529,1
sfulton4i,782,1
jridgeway25,179,1
ctrump3o,182,1
nadamovitchb,353,2
deatock4e,52,2
ndevillier38,302,1
dponder4f,110,2
jbugden41,856,2
kwhyard1g,422,2
csillars54,593,1
cpinck2s,297,1
carundel3g,453,2
asnasdell3e,531,2
afeehely1o,658,1
erosbotham1m,352,1
bjurewicz4a,506,1
rblancowe3,834,2
dlegricek,185,2
neakin1q,383,1
ctrump3o,735,1
jolooney2r,215,1
alequesne4q,691,1
lnoble46,774,1
tscreach32,165,2
kfeld58,207,2
alequesne4q,959,2
aenright20,593,1
mkynnd2q,484,1
gnode1a,555,1
jgianasi2t,431,1
ksemon3r,162,1
ohadlow28,544,1
mjorioz2j,201,1
drogister2w,546,1
jridgeway25,112,2
vtremathack2z,786,1
mcrispe1v,541,1
kmainwaringm,827,1
fstachini3j,246,2
hravenshaw4d,457,2
afeehely1o,940,2
nabethell22,995,1
iborland5n,536,1
mfulcher1s,214,2
wtassell5q,898,1
dponder4f,154,2
hwindress26,327,1
dstoyell5h,13,2
ekimmitt5c,310,2
rdefries3d,813,2
phockey4y,836,1
fstephens50,283,1
bturgoose18,542,2
kauldsz,238,1
tsheringham5k,519,1
mfulcher1s,490,2
lstollmeyer49,859,1
eadamides2d,414,2
bpolak2b,997,2
tpendergrasto,703,2
mraggv,969,1
hcasine8,744,1
djendrys13,344,1
rgartrell1z,469,1
bpolak2b,888,2
bprendiville1r,684,2
jsirmon4z,210,1
bbeminster5a,965,2
sbergeon2n,777,1
ehugill55,320,2
amicco42,421,2
kdancey5g,742,2
kwhyard1g,642,1
ibeebis31,396,1
deatock4e,392,1
tfeehan4n,464,2
drogister2w,745,1
fstephens50,129,2
mmuck57,345,1
kfideler30,321,2
ohadlow28,421,2
sbergeon2n,984,2
jsackes3z,45,2
cetheringtonj,430,1
dfoxleyc,413,2
mketteman1b,126,1
ctrump3o,337,2
tramsbottom5b,469,2
gnode1a,263,1
mfaires4u,80,2
tramsbottom5b,405,2
eaitken1k,248,1
lstollmeyer49,847,1
mescot19,275,2
mketteman1b,900,1
tscreach32,793,2
rjoan59,214,2
deatock4e,970,1
lbeany16,326,1
maujean2e,228,1
awilbors,250,2
sfulton4i,256,1
twhitechurch2h,568,2
mkeir5i,127,2
rlebarr51,659,2
smcbay4m,151,1
hfreemantle2y,99,2
jridgeway25,394,2
stesto3n,843,2
ddelacey27,958,1
chaddleston1,705,1
scroci35,443,1
vsmillieg,213,1
vissacov3u,444,1
bswiffan3x,780,2
hravenshaw4d,876,1
glantoph3w,141,1
sseefeldt47,546,1
rsparrow1n,383,1
uleatherland5j,799,2
sbergeon2n,328,2
tmessenger3q,441,1
lclaffey3p,446,1
rjoan59,365,1
chaddleston1,412,2
grubenov4w,560,2
afeehely1o,793,1
dczyz3a,425,2
bmaclaine3y,837,1
rgartrell1z,286,2
mfurminger2o,410,1
bfarbrotherq,195,2
mfaires4u,607,1
sbergeon2n,640,1
jpenmanu,636,1
kfideler30,867,2
mjolly2i,65,2
ccriple4t,892,1
rluebbert21,849,1
atassaker4j,623,2
eswane3i,840,1
carundel3g,423,1
rrosin,755,1
gheeks45,474,2
qbasill2f,403,2
kfeld58,207,1
mhunnaball1f,671,1
ddelacey27,576,2
bmaclaine3y,400,2
bruddlesden5o,575,2
msings4r,997,2
vconstantinou5r,328,1
abitterton53,43,2
wprangley7,61,1
bruddlesden5o,805,1
cschinetti4s,822,2
bflury1j,339,2
rblancowe3,347,2
hfreemantle2y,78,2
kfeld58,81,1
bandreazzi3s,504,2
kdancey5g,898,1
kwhyard1g,657,1
rdefries3d,199,1
bbaxstair1d,957,1
aalekhov40,24,2
afihelly2l,331,2
eaitken1k,655,1
rdefries3d,850,1
cpilley33,690,1
svonderdellt,404,1
chaddleston1,314,1
csillars54,663,1
nadamovitchb,585,2
acheverton0,568,2
qbasill2f,189,2
ahurnr,656,1
bflury1j,974,2
jbugden41,299,2
rgartrell1z,180,2
erosbotham1m,645,1
gnode1a,169,1
jsackes3z,116,1
vissacov3u,92,1
vsmillieg,577,2
mvarah1w,194,1
gkreutzer5l,42,2
bandreazzi3s,95,2
ddelacey27,569,1
vsmillieg,453,1
dczyz3a,40,2
rgartrell1z,385,1
tsheringham5k,790,1
asnasdell3e,900,2
deatock4e,713,1
mfulcher1s,923,2
jsackes3z,217,2
pgilhouley3m,975,1
ahurnr,838,1
dbraunstein5m,382,1
klutmanp,157,2
kmainwaringm,913,2
jridgeway25,943,2
hcasine8,234,1
ohadlow28,510,1
stesto3n,868,2
kfideler30,145,2
mfaires4u,141,2
ibeebis31,971,1
ddelacey27,484,2
rgartrell1z,881,1
ddelacey27,756,2
dspick3b,39,2
mtenniswood12,187,1
fstephens50,564,1
erosbotham1m,398,1
mmuck57,648,2
carundel3g,112,1
jolooney2r,595,1
cheskey1t,751,2
krenackownaw,87,2
hmyricka,214,2
tsheringham5k,323,1
grubenov4w,18,1
dlegricek,417,2
gtorald24,361,2
krodman3l,557,2
skopje1c,849,1
vissacov3u,429,2
sfulton4i,283,1
jridgeway25,731,2
mraggv,12,1
cschinetti4s,894,1
hmccague4p,196,2
marmatidge5e,646,2
eswane3i,712,1
hfreemantle2y,133,2
stesto3n,182,2
bfarbrotherq,984,2
scabotto3f,362,1
mraggv,110,1
epeddie5,144,2
dyuryev3c,999,2
bfarbrotherq,381,1
afihelly2l,829,1
jivanichev4v,670,2
ndevillier38,466,2
dlautie1y,637,2
hwindress26,205,2
cschinetti4s,500,2
econibear2,93,2
smaleck5d,246,1
bprendiville1r,405,1
nfarman1e,118,1
sscamal2m,342,2
atassaker4j,422,2
lpreshous39,932,1
eswane3i,484,2
wtassell5q,59,2
bturgoose18,136,2
gtorald24,338,1
oprofitl,945,1
kmainwaringm,784,1
sbartosch2k,80,1
atassaker4j,717,1
atassaker4j,542,2
twhitechurch2h,418,2
hfreemantle2y,517,2
acrayden44,567,2
cwhysall34,396,2
tmessenger3q,858,1
zkrienke6,802,1
ohadlow28,681,1
carundel3g,643,1
mjolly2i,22,2
phockey4y,509,1
hfreemantle2y,395,2
cgoforth17,645,2
mvarah1w,72,2
erosbotham1m,788,1
flepick15,241,2
ekimmitt5c,598,1
afeehely1o,719,1
mjorioz2j,655,2
alequesne4q,997,1
ggentric4b,979,1
fstephens50,703,2
tramsbottom5b,79,1
jolooney2r,63,2
hravenshaw4d,492,2
atassaker4j,156,1
kmainwaringm,346,1
abitterton53,869,2
twhitechurch2h,348,1
bfarbrotherq,960,2
vsmillieg,968,1
vtremathack2z,345,2
ccriple4t,491,2
pbachellier2x,412,1
erosbotham1m,645,2
vissacov3u,658,1
jolooney2r,309,1
cetheringtonj,765,1
ckobiera1l,709,2
ibeebis31,403,1
dyuryev3c,249,1
ddelacey27,510,2
bmaclaine3y,739,1
pbachellier2x,534,1
mvarah1w,869,1
abitterton53,569,2
sofielly2g,841,2
neakin1q,93,1
nswinfon43,965,1
dyuryev3c,407,1
amicco42,967,2
tramsbottom5b,20,2
rgartrell1z,161,2
stesto3n,712,1
flepick15,662,2
mfulcher1s,414,1
adipietro1h,655,2
mhunnaball1f,601,1
ddelacey27,14,1
vissacov3u,418,1
iswetmorei,413,1
mranscomb4,670,2
vissacov3u,609,1
jpenmanu,554,2
astelfoxx,389,2
iswetmorei,898,1
rrosin,601,1
pgilhouley3m,789,2
gtorald24,196,2
nfarman1e,814,2
mfaires4u,125,2
jeastwood3v,808,1
rluebbert21,309,1
auppett11,57,1
rdefries3d,121,1
alequesne4q,425,2
chaddleston1,907,1
iswetmorei,731,1
gkaesmans9,936,2
msings4r,682,1
bruddlesden5o,71,2
hwindress26,922,1
twhitechurch2h,371,1
ehorbath3k,859,1
kdancey5g,693,2
tsheringham5k,111,2
acrayden44,640,1
oprofitl,420,2
plambourne1x,969,2
vconstantinou5r,838,1
nadamovitchb,836,2
dlautie1y,354,2
rlebarr51,439,2
cpackington4c,38,1
fstachini3j,969,1
ctrump3o,555,2
aalekhov40,431,1
mmuck57,328,1
stesto3n,252,2
mkeir5i,125,1
lbeany16,200,1
mjorioz2j,743,1
klutmanp,513,2
dkinzett4o,577,2
gnode1a,191,1
sofielly2g,358,1
bprendiville1r,626,2
cwhysall34,537,1
adipietro1h,521,1
carundel3g,827,1
astelfoxx,924,2
jgianasi2t,374,1
mfurminger2o,777,2
lclaffey3p,474,2
dponder4f,665,1
mranscomb4,670,1
smcbay4m,963,2
sfulton4i,451,1
jolooney2r,56,1
jsirmon4z,151,2
tmessenger3q,494,1
econibear2,59,1
djendrys13,237,1
cetheringtonj,131,1
rblancowe3,918,2
dponder4f,656,1
cpackington4c,723,1
maujean2e,434,2
dfoxleyc,640,1
oprofitl,70,2
kauldsz,682,1
vsmillieg,810,1
mranscomb4,98,1
mvarah1w,373,1
plambourne1x,663,1
smcbay4m,528,2
ccorpe14,88,2
skopje1c,862,2
mfurminger2o,435,2
nadamovitchb,453,1
ckobiera1l,627,2
lnoble46,977,1
jpenmanu,996,2
bruddlesden5o,386,2
lnoble46,370,2
jgianasi2t,458,1
lnoble46,502,2
nfarman1e,797,1
sbartosch2k,457,2
mescot19,725,1
wprangley7,342,1
djendrys13,633,2
mketteman1b,336,1
qbasill2f,446,1
vissacov3u,583,2
marmatidge5e,152,1
tramsbottom5b,32,2
lnoble46,185,1
dlautie1y,929,1
dspick3b,205,2
kfideler30,302,2
pwarnese,653,1
ibrabonf,99,1
wtassell5q,984,2
epeddie5,512,2
hcasine8,395,2
vtremathack2z,103,1
svonderdellt,120,1
kauldsz,917,1
lbeany16,959,2
hcasine8,278,1
econibear2,297,1
mmuck57,712,2
dyuryev3c,840,2
dlautie1y,218,1
nadamovitchb,87,2
ohadlow28,62,1
drogister2w,890,2
dmitchleyh,341,2
bandreazzi3s,115,2
mranscomb4,598,1
gkaesmans9,581,2
mhunnaball1f,838,1
dponder4f,446,1
jpenmanu,312,2
mkynnd2q,488,2
chaddleston1,536,1
qbasill2f,401,2
msings4r,797,1
csillars54,424,1
gkaesmans9,873,1
tsheringham5k,731,1
nderrick1p,206,2
astelfoxx,683,2
vissacov3u,184,2
uleatherland5j,96,2
scroci35,875,1
jbugden41,144,2
phockey4y,549,2
gkreutzer5l,428,1
erosbotham1m,299,2
adipietro1h,196,2
dlegricek,828,1
kfideler30,941,1
mjolly2i,732,1
vissacov3u,463,1
maujean2e,537,1
bbeminster5a,16,1
mfulcher1s,955,2
gkaesmans9,121,2
phockey4y,223,1
aenright20,839,2
tfeehan4n,141,2
stesto3n,929,2
svonderdellt,477,2
sbrandham2a,902,2
rdefries3d,112,2
bbaxstair1d,872,2
jolooney2r,599,1
pgilhouley3m,631,1
adipietro1h,966,1
cmacgilpatrick3t,254,1
cwattingham4x,308,1
bfarbrotherq,168,2
ahurnr,939,2
fstephens50,591,2
lbeany16,526,2
vconstantinou5r,259,1
dyuryev3c,409,1
lnoble46,115,1
kdegliabbati5f,431,2
rblancowe3,839,2
ehugill55,476,1
csillars54,707,2
sofielly2g,203,2
mfulcher1s,690,2
vissacov3u,124,2
cschinetti4s,577,1
dmitchleyh,672,1
afeehely1o,81,2
jridgeway25,760,2
sscamal2m,122,1
maujean2e,177,1
nadamovitchb,289,2
afeehely1o,895,2
nderrick1p,119,2
bfarbrotherq,61,1
plambourne1x,140,1
gkreutzer5l,643,2
ibrabonf,366,2
hcasine8,157,1
lpreshous39,336,2
kdegliabbati5f,837,1
cheskey1t,869,2
cpackington4c,955,1
kbramham37,581,2
fstephens50,450,1
csillars54,844,2
astelfoxx,338,2
twhitechurch2h,90,1
jkey4h,176,1
svonderdellt,273,1
aedmondson4l,230,1
mranscomb4,641,1
djendrys13,672,1
sbartosch2k,709,1
gtorald24,828,1
tramsbottom5b,578,2
dlegricek,725,1
ggentric4b,789,2
kdancey5g,862,1
ddelacey27,995,1
hschoroder2v,853,1
cwattingham4x,256,1
oprofitl,214,1
dkinzett4o,536,2
rdefries3d,440,2
ggentric4b,909,2
ggentric4b,17,1
drogister2w,942,2
smcbay4m,250,2
rluebbert21,580,2
ctrump3o,827,2
ehugill55,520,1
tsheringham5k,87,2
sfulton4i,170,1
bbaxstair1d,292,2
ddelacey27,404,1
klutmanp,136,2
rjoan59,403,2
mjorioz2j,30,2
vsmillieg,639,2
lclaffey3p,984,1
ddelacey27,885,1
glantoph3w,413,2
nadamovitchb,985,1
ohadlow28,868,2
lnoble46,527,1
iswetmorei,977,1
mhunnaball1f,895,2
cetheringtonj,92,2
kmcardle4g,277,2
mcrispe1v,655,2
vtremathack2z,167,2
hschoroder2v,525,2
mraggv,123,1
astelfoxx,54,2
marmatidge5e,25,1
eadamides2d,58,1
skopje1c,334,1
ohadlow28,473,1
ohadlow28,610,1
jridgeway25,528,2
tscreach32,770,1
dlautie1y,593,2
cheskey1t,702,1
jridgeway25,322,2
bflury1j,671,1
awilbors,992,1
plambourne1x,563,1
plambourne1x,558,2
afeehely1o,313,1
astelfoxx,298,1
rblancowe3,770,1
dlegricek,59,2
vsmillieg,545,1
alequesne4q,499,2
vtremathack2z,850,1
fstachini3j,183,2
tsheringham5k,695,2
mfurminger2o,379,2
bbaxstair1d,780,1
jbugden41,375,1
econibear2,932,2
mcrispe1v,37,1
gkaesmans9,597,1
scroci35,31,1
uleatherland5j,6,2
mcrispe1v,806,2
eaitken1k,197,2
stesto3n,308,2
jridgeway25,454,2
awilbors,104,2
