hwindress26,379
marmatidge5e,280
rgartrell1z,324
rdowers48,43
mketteman1b,62
eadamides2d,13
krenackownaw,270
jivanichev4v,413
zkrienke6,353
dczyz3a,105
fstachini3j,365
sfulton4i,336
nderrick1p,274
sbergeon2n,414
marmatidge5e,300
flepick15,282
tfeehan4n,380
bruddlesden5o,14
ibeebis31,242
ekimmitt5c,416
cetheringtonj,63
cgoforth17,396
mvarah1w,43
mfaires4u,62
jpenmanu,315
lclaffey3p,374
plambourne1x,332
pgilhouley3m,32
jridgeway25,333
amicco42,163
kauldsz,369
acrayden44,331
econibear2,43
dczyz3a,235
ccriple4t,95
lstollmeyer49,313
kmcardle4g,246
tsheringham5k,138
dyuryev3c,173
mcrispe1v,417
tpython36,391
nadamovitchb,214
gtorald24,261
bbeminster5a,185
rrosin,385
tollie52,417
hschoroder2v,291
sbartosch2k,97
mfaires4u,396
smaleck5d,54
isamweyes56,427
lnoble46,274
cschinetti4s,366
bandreazzi3s,316
iswetmorei,407
dponder4f,251
rgartrell1z,171
sofielly2g,190
vtremathack2z,134
mjolly2i,171
jgianasi2t,286
krenackownaw,134
qbasill2f,283
cwattingham4x,428
mmuck57,363
wtassell5q,397
alequesne4q,192
tollie52,292
ndevillier38,184
dlegricek,29
rrosin,344
cetheringtonj,179
ibeebis31,311
lpreshous39,283
lnoble46,435
ibrabonf,286
mfaires4u,205
nswinfon43,85
kauldsz,135
pbachellier2x,295
rdefries3d,167
jivanichev4v,114
isamweyes56,349
jivanichev4v,257
bflury1j,77
lpreshous39,297
klutmanp,159
dlegricek,70
cpinck2s,35
jolooney2r,126
cmacgilpatrick3t,146
bswiffan3x,167
djendrys13,269
molooney2p,74
afihelly2l,115
tpython36,157
dspick3b,347
mjolly2i,264
hwindress26,114
ehugill55,424
stesto3n,17
gheeks45,205
bprendiville1r,299
rrosin,83
maujean2e,394
jkey4h,206
tpython36,393
scabotto3f,110
bbahike23,44
ccorpe14,283
sbergeon2n,281
bjurewicz4a,330
shargie1i,63
ggentric4b,220
ekimmitt5c,284
vissacov3u,352
acheverton0,436
ekimmitt5c,248
lstollmeyer49,393
hfreemantle2y,265
dlegricek,251
ebatterson10,374
jbugden41,77
dstoyell5h,283
jsackes3z,78
hmyricka,357
ddelacey27,193
ksemon3r,252
mhunnaball1f,368
bandreazzi3s,349
fstachini3j,390
tsheringham5k,91
asnasdell3e,45
mcrispe1v,139
mvarah1w,430
cmacgilpatrick3t,204
ndevillier38,317
vtremathack2z,392
bflury1j,156
mkeir5i,252
shargie1i,423
scroci35,129
glantoph3w,325
hfreemantle2y,237
abitterton53,55
bpolak2b,243
carundel3g,191
aalekhov40,345
bfarbrotherq,424
ekimmitt5c,147
kmcardle4g,312
hcasine8,215
rluebbert21,395
jsirmon4z,355
eadamides2d,339
aalekhov40,148
rdowers48,318
vtremathack2z,79
marmatidge5e,314
mtenniswood12,39
cwattingham4x,314
vrichfieldy,349
shargie1i,296
wtassell5q,120
ekimmitt5c,142
kdegliabbati5f,109
wprangley7,101
bpolak2b,322
mjorioz2j,45
krodman3l,24
rdowers48,216
ibrabonf,3
gtorald24,55
glantoph3w,233
gnode1a,395
tpython36,388
mkeir5i,269
vsmillieg,356
jkey4h,77
dspick3b,14
ksemon3r,427
isamweyes56,172
phockey4y,39
dlautie1y,327
krodman3l,151
sscamal2m,264
gkreutzer5l,212
ksemon3r,101
vtremathack2z,395
kfideler30,423
dkinzett4o,316
kdancey5g,231
mkynnd2q,132
ebatterson10,60
qbasill2f,342
ccorpe14,67
mfurminger2o,396
dlautie1y,310
zgeockle1u,65
ddelacey27,146
aedmondson4l,151
astelfoxx,432
lstollmeyer49,279
flepick15,88
kwhyard1g,274
kwhyard1g,379
mmcilroy5p,437
bjurewicz4a,154
dspick3b,55
erosbotham1m,15
kfeld58,437
bbaxstair1d,405
nfarman1e,142
tfeehan4n,276
kmcardle4g,163
auppett11,22
hschoroder2v,93
nfarman1e,71
mescot19,293
tmessenger3q,22
hravenshaw4d,321
phockey4y,69
gnode1a,417
nadamovitchb,179
jsummerly2c,306
sseefeldt47,306
bbeminster5a,43
hravenshaw4d,111
afihelly2l,232
ksemon3r,70
neakin1q,46
bmaclaine3y,279
bjurewicz4a,103
jolooney2r,41
bturgoose18,281
kmcardle4g,243
aalekhov40,327
vtremathack2z,331
kbramham37,152
bjurewicz4a,348
tpendergrasto,278
mvarah1w,394
iborland5n,372
aenright20,106
auppett11,53
astelfoxx,358
jridgeway25,359
hfreemantle2y,86
rluebbert21,405
uleatherland5j,249
mraggv,98
acrayden44,183
rdowers48,126
dyuryev3c,99
mjorioz2j,229
ohadlow28,434
vconstantinou5r,216
mvarah1w,254
dmitchleyh,59
cwhysall34,30
skopje1c,424
dponder4f,429
hschoroder2v,339
deatock4e,9
lclaffey3p,235
fstachini3j,418
jeastwood3v,399
auppett11,305
chaddleston1,349
pgilhouley3m,243
jsummerly2c,321
dczyz3a,259
bruddlesden5o,368
gkreutzer5l,79
bandreazzi3s,78
sscamal2m,145
hravenshaw4d,405
jsirmon4z,314
twhitechurch2h,354
aalekhov40,238
sfulton4i,420
kmainwaringm,98
zgeockle1u,176
cgoforth17,211
bfarbrotherq,42
mkynnd2q,416
mraggv,409
rrosin,102
tscreach32,382
carundel3g,395
mmcilroy5p,13
mvarah1w,53
drogister2w,114
stesto3n,66
ggentric4b,339
awilbors,17
acheverton0,160
jridgeway25,106
epeddie5,48
eaitken1k,72
tramsbottom5b,204
mketteman1b,432
mketteman1b,34
twhitechurch2h,242
msings4r,231
dfoxleyc,301
iborland5n,189
kdegliabbati5f,343
ebatterson10,52
nderrick1p,105
dlegricek,108
bprendiville1r,246
tpendergrasto,306
dlautie1y,148
atassaker4j,77
epeddie5,385
cwattingham4x,24
kmainwaringm,80
rluebbert21,357
rsparrow1n,62
ibrabonf,288
acheverton0,403
rblancowe3,246
vsmillieg,289
rrosin,407
erosbotham1m,243
mfaires4u,9
cheskey1t,424
mkeir5i,246
econibear2,314
gkaesmans9,372
mjorioz2j,166
econibear2,346
hravenshaw4d,46
rblancowe3,221
djendrys13,309
carundel3g,263
gtorald24,96
cpinck2s,374
rjoan59,150
bflury1j,237
zgeockle1u,401
jguyonnet2u,294
hmccague4p,320
bruddlesden5o,96
cschinetti4s,377
ahurnr,235
rdefries3d,145
ehorbath3k,137
ccriple4t,74
awilbors,346
lnoble46,245
mescot19,128
tollie52,279
aenright20,263
dbraunstein5m,117
rluebbert21,72
mmcilroy5p,62
mhunnaball1f,358
abitterton53,368
svonderdellt,241
ggentric4b,52
pbauded,195
uleatherland5j,151
kauldsz,92
cpackington4c,212
klutmanp,36
kdancey5g,145
cetheringtonj,411
hwindress26,60
ndevillier38,162
chaddleston1,336
mmuck57,266
amicco42,326
smaleck5d,164
hschoroder2v,326
molooney2p,54
flepick15,382
svonderdellt,118
kdegliabbati5f,432
kfeld58,425
acheverton0,36
dspick3b,250
mmcilroy5p,398
sbergeon2n,332
dkinzett4o,383
maujean2e,99
epeddie5,340
cmacgilpatrick3t,122
jsackes3z,425
rjoan59,285
jsackes3z,342
bbaxstair1d,285
chaddleston1,273
aalekhov40,97
mfurminger2o,404
jsummerly2c,68
lclaffey3p,364
cetheringtonj,31
cwhysall34,382
jridgeway25,101
bbahike23,389
kedel4k,2
hmyricka,430
bfarbrotherq,344
carundel3g,300
pbauded,204
lstollmeyer49,61
sbrandham2a,99
vsmillieg,81
rlebarr51,321
ksemon3r,170
mfurminger2o,28
oprofitl,370
pwarnese,422
bpolak2b,290
bbahike23,210
vissacov3u,97
acrayden44,75
mhunnaball1f,392
mranscomb4,365
mjorioz2j,283
acrayden44,118
bprendiville1r,28
dspick3b,71
uleatherland5j,212
svonderdellt,255
hmccague4p,374
twhitechurch2h,418
oprofitl,392
lpreshous39,432
sseefeldt47,431
phockey4y,425
djendrys13,408
isamweyes56,376
jpenmanu,275
eaitken1k,19
tsheringham5k,139
ahurnr,425
jguyonnet2u,5
vsmillieg,108
dkinzett4o,124
pgilhouley3m,201
awilbors,36
ibrabonf,221
vsmillieg,78
remes3h,149
kdancey5g,398
bmaclaine3y,159
sseefeldt47,123
abitterton53,316
oprofitl,143
sofielly2g,383
ohadlow28,96
svonderdellt,221
jsummerly2c,103
lclaffey3p,149
iswetmorei,216
atassaker4j,356
mvarah1w,423
mkynnd2q,276
smaleck5d,318
hschoroder2v,208
bprendiville1r,226
scabotto3f,363
cgoforth17,163
iborland5n,198
mkynnd2q,340
kmcardle4g,77
vconstantinou5r,147
epeddie5,101
jsirmon4z,11
ekimmitt5c,92
djendrys13,52
sbrandham2a,254
drogister2w,270
tramsbottom5b,12
sscamal2m,281
kbramham37,328
dkinzett4o,431
ebatterson10,424
dstoyell5h,351
afeehely1o,61
dponder4f,345
scabotto3f,82
krenackownaw,131
sbergeon2n,65
mkeir5i,393
acheverton0,394
jkey4h,29
mvarah1w,59
jolooney2r,139
jolooney2r,376
dczyz3a,254
remes3h,93
bprendiville1r,232
afihelly2l,202
bswiffan3x,60
rdefries3d,177
wtassell5q,150
ckobiera1l,283
carundel3g,377
mescot19,152
eswane3i,236
dspick3b,287
isamweyes56,299
rlebarr51,72
bswiffan3x,120
dyuryev3c,325
flepick15,329
cheskey1t,164
cetheringtonj,119
tscreach32,232
grubenov4w,338
svonderdellt,406
mtenniswood12,92
sbergeon2n,258
mjolly2i,309
cmacgilpatrick3t,158
mtenniswood12,238
jguyonnet2u,124
dfoxleyc,379
smcbay4m,338
adipietro1h,23
nabethell22,75
stesto3n,230
tramsbottom5b,30
hravenshaw4d,399
pwarnese,354
mfaires4u,155
sofielly2g,256
sseefeldt47,367
mfulcher1s,227
uleatherland5j,166
hfreemantle2y,310
bbaxstair1d,426
tmessenger3q,63
dbraunstein5m,413
oprofitl,59
adipietro1h,54
sscamal2m,12
tscreach32,62
jolooney2r,428
asnasdell3e,241
kwhyard1g,373
neakin1q,405
dstoyell5h,100
cpilley33,51
maujean2e,380
smcbay4m,415
drogister2w,246
nabethell22,163
jeastwood3v,333
mtenniswood12,168
jbugden41,365
vconstantinou5r,34
deatock4e,137
deatock4e,224
nswinfon43,124
djendrys13,191
kwhyard1g,245
rsparrow1n,236
ibeebis31,270
alequesne4q,295
cetheringtonj,117
vtremathack2z,296
bruddlesden5o,393
abitterton53,416
adipietro1h,196
tpendergrasto,69
mhabeshaw29,299
jbugden41,248
lbeany16,87
tollie52,254
klutmanp,135
bmaclaine3y,102
ggentric4b,207
jridgeway25,196
smaleck5d,388
dbraunstein5m,130
kfideler30,228
ehugill55,92
auppett11,368
mfurminger2o,279
hmyricka,51
gkreutzer5l,326
zgeockle1u,56
ahurnr,362
rjoan59,98
kauldsz,61
tfeehan4n,353
jeastwood3v,238
lbeany16,91
phockey4y,157
lnoble46,161
nabethell22,423
hwindress26,243
rsparrow1n,156
afihelly2l,185
vconstantinou5r,18
aedmondson4l,62
lbeany16,205
adipietro1h,206
amicco42,241
deatock4e,95
mranscomb4,309
iswetmorei,200
ebatterson10,390
jkey4h,406
pbachellier2x,337
maujean2e,217
cpackington4c,96
ksemon3r,152
jeastwood3v,114
kedel4k,425
jeastwood3v,167
rsparrow1n,255
bmaclaine3y,352
ckobiera1l,400
dczyz3a,157
aalekhov40,235
maujean2e,153
ndevillier38,154
nfarman1e,294
kmainwaringm,382
sbrandham2a,234
jsackes3z,425
fstephens50,438
ckobiera1l,396
aedmondson4l,431
mmuck57,76
grubenov4w,119
rblancowe3,316
mtenniswood12,373
rsparrow1n,368
kmainwaringm,387
krenackownaw,153
cwattingham4x,55
jgianasi2t,249
krenackownaw,179
glantoph3w,127
ctrump3o,134
nfarman1e,99
smcbay4m,268
hmccague4p,3
ehorbath3k,388
mraggv,102
cpackington4c,41
bbeminster5a,201
lclaffey3p,230
scroci35,98
glantoph3w,99
eaitken1k,374
pwarnese,31
pbachellier2x,167
lclaffey3p,190
gheeks45,66
mmcilroy5p,91
mfurminger2o,107
flepick15,248
klutmanp,230
kbramham37,16
bbahike23,242
atassaker4j,350
hschoroder2v,6
ehorbath3k,378
svonderdellt,420
alequesne4q,212
tpython36,207
kedel4k,263
oprofitl,177
ohadlow28,132
plambourne1x,301
cpilley33,273
bbaxstair1d,380
bandreazzi3s,410
cschinetti4s,384
csillars54,343
ahurnr,118
asnasdell3e,423
plambourne1x,7
hcasine8,358
ggentric4b,34
fstephens50,334
gheeks45,46
sfulton4i,73
mranscomb4,349
ebatterson10,101
krodman3l,304
hmccague4p,40
ehugill55,64
msings4r,89
plambourne1x,437
krodman3l,72
dspick3b,246
kdancey5g,183
flepick15,43
phockey4y,327
carundel3g,127
cgoforth17,349
aenright20,110
smaleck5d,417
molooney2p,102
mranscomb4,275
awilbors,307
dmitchleyh,235
bswiffan3x,232
skopje1c,305
ddelacey27,82
bpolak2b,344
neakin1q,404
klutmanp,304
krodman3l,251
ggentric4b,34
mhunnaball1f,352
grubenov4w,223
jolooney2r,170
skopje1c,354
tramsbottom5b,295
mranscomb4,86
zgeockle1u,347
ohadlow28,15
econibear2,46
tollie52,115
cpilley33,374
cschinetti4s,97
hmccague4p,50
mhabeshaw29,287
mcrispe1v,41
bjurewicz4a,424
kdancey5g,238
bpolak2b,287
iswetmorei,300
twhitechurch2h,185
scabotto3f,244
dfoxleyc,285
zkrienke6,197
eswane3i,263
ckobiera1l,335
vrichfieldy,344
ctrump3o,196
ehugill55,81
neakin1q,309
dponder4f,66
gkreutzer5l,293
eadamides2d,49
ccriple4t,350
chaddleston1,234
rdefries3d,245
bbeminster5a,246
oprofitl,367
lnoble46,112
smaleck5d,136
ccorpe14,219
cwattingham4x,34
rblancowe3,17
mhabeshaw29,102
mkynnd2q,241
gnode1a,114
tramsbottom5b,166
skopje1c,268
phockey4y,183
eaitken1k,241
sfulton4i,340
jsackes3z,153
rluebbert21,429
dbraunstein5m,267
mraggv,413
hfreemantle2y,241
ohadlow28,370
ggentric4b,119
epeddie5,150
vissacov3u,50
maujean2e,65
erosbotham1m,25
mfulcher1s,15
awilbors,78
jridgeway25,309
fstephens50,35
jbugden41,146
rjoan59,113
sbartosch2k,69
alequesne4q,64
sseefeldt47,396
erosbotham1m,326
pwarnese,363
cgoforth17,112
remes3h,418
tmessenger3q,115
csillars54,82
vtremathack2z,320
rluebbert21,266
kmainwaringm,329
bbaxstair1d,235
vissacov3u,251
lclaffey3p,250
ibrabonf,319
afeehely1o,133
twhitechurch2h,283
atassaker4j,325
ohadlow28,35
ckobiera1l,39
cwattingham4x,225
klutmanp,380
kfeld58,9
tsheringham5k,160
bandreazzi3s,401
csillars54,185
gkreutzer5l,265
wtassell5q,138
mfaires4u,296
glantoph3w,125
rrosin,412
hwindress26,363
adipietro1h,391
nabethell22,105
remes3h,325
vrichfieldy,162
gnode1a,29
isamweyes56,174
krenackownaw,405
mfulcher1s,37
rjoan59,342
dponder4f,197
jgianasi2t,168
kdancey5g,228
mjolly2i,157
fstachini3j,317
hcasine8,338
qbasill2f,114
cgoforth17,159
eaitken1k,415
dmitchleyh,267
dmitchleyh,436
smcbay4m,135
dyuryev3c,183
rblancowe3,271
dponder4f,255
mmcilroy5p,79
cpilley33,31
eadamides2d,79
nfarman1e,231
nadamovitchb,419
bflury1j,245
aenright20,396
mfulcher1s,428
ahurnr,228
stesto3n,400
tsheringham5k,235
rdefries3d,358
dlegricek,121
qbasill2f,78
fstephens50,102
adipietro1h,58
ddelacey27,368
ohadlow28,131
econibear2,289
mvarah1w,20
auppett11,415
bfarbrotherq,17
cmacgilpatrick3t,122
tsheringham5k,107
carundel3g,228
mkeir5i,95
jgianasi2t,229
tscreach32,344
bswiffan3x,434
econibear2,219
wprangley7,218
mranscomb4,117
wtassell5q,227
vsmillieg,415
msings4r,227
twhitechurch2h,429
mjorioz2j,225
bbeminster5a,313
afeehely1o,148
mfaires4u,434
dbraunstein5m,131
eaitken1k,14
ccorpe14,1
bturgoose18,93
mtenniswood12,174
cpilley33,206
ddelacey27,119
afihelly2l,42
tpendergrasto,24
tramsbottom5b,387
mmuck57,108
cetheringtonj,58
eswane3i,22
maujean2e,24
nadamovitchb,383
astelfoxx,171
vissacov3u,145
jbugden41,5
uleatherland5j,39
mranscomb4,319
rgartrell1z,293
eadamides2d,286
astelfoxx,112
scroci35,307
drogister2w,74
bfarbrotherq,123
smcbay4m,48
deatock4e,105
jeastwood3v,16
lbeany16,411
vsmillieg,415
lstollmeyer49,351
mketteman1b,363
kdegliabbati5f,378
nswinfon43,96
dyuryev3c,251
eswane3i,433
chaddleston1,122
dlautie1y,181
vissacov3u,417
tfeehan4n,286
mfurminger2o,50
mmuck57,250
dyuryev3c,208
bmaclaine3y,101
ctrump3o,173
ctrump3o,252
dlegricek,66
cwhysall34,11
astelfoxx,311
hschoroder2v,221
kauldsz,365
rblancowe3,58
bturgoose18,43
jpenmanu,255
bpolak2b,243
skopje1c,375
wprangley7,15
ibeebis31,410
molooney2p,65
jpenmanu,168
gtorald24,364
bflury1j,173
ctrump3o,63
stesto3n,125
bbaxstair1d,152
tfeehan4n,77
iswetmorei,165
alequesne4q,128
lnoble46,157
bpolak2b,419
nswinfon43,65
kwhyard1g,186
stesto3n,369
fstachini3j,135
twhitechurch2h,110
vsmillieg,270
dspick3b,235
drogister2w,282
rluebbert21,235
jridgeway25,226
afihelly2l,361
pwarnese,364
grubenov4w,42
shargie1i,282
lstollmeyer49,126
lnoble46,369
gkaesmans9,392
lpreshous39,337
scroci35,279
bandreazzi3s,325
deatock4e,406
nadamovitchb,53
pgilhouley3m,9
mkynnd2q,60
cgoforth17,313
bturgoose18,356
mescot19,170
bruddlesden5o,221
eswane3i,146
jpenmanu,230
mcrispe1v,407
mraggv,410
hfreemantle2y,354
sscamal2m,87
kdancey5g,433
dlautie1y,403
kfideler30,403
afihelly2l,170
rjoan59,336
mtenniswood12,421
jolooney2r,66
nfarman1e,432
tramsbottom5b,230
lbeany16,219
scabotto3f,216
lpreshous39,378
tpython36,279
cpinck2s,378
pbachellier2x,406
sbrandham2a,29
kfideler30,168
ddelacey27,287
kbramham37,115
nabethell22,249
rdowers48,344
rblancowe3,21
ehugill55,41
cpinck2s,109
tsheringham5k,38
ibeebis31,364
dlegricek,275
mfulcher1s,95
mraggv,135
rlebarr51,108
kfeld58,212
dstoyell5h,235
nderrick1p,318
eaitken1k,26
ndevillier38,413
oprofitl,127
afeehely1o,389
kfideler30,85
nfarman1e,308
zkrienke6,159
mranscomb4,401
hfreemantle2y,197
rdefries3d,393
sfulton4i,343
oprofitl,293
eswane3i,275
afeehely1o,167
aedmondson4l,397
nswinfon43,191
vissacov3u,423
rsparrow1n,168
mhabeshaw29,34
jgianasi2t,136
scroci35,95
neakin1q,409
cwhysall34,429
acrayden44,369
tfeehan4n,44
gtorald24,216
jeastwood3v,239
mescot19,332
jsackes3z,156
lpreshous39,301
rdowers48,154
kwhyard1g,110
ehorbath3k,273
abitterton53,399
jbugden41,372
cpinck2s,313
sbartosch2k,347
alequesne4q,11
kmcardle4g,309
gheeks45,417
ccorpe14,207
hfreemantle2y,149
eadamides2d,392
kedel4k,103
sbergeon2n,236
dfoxleyc,192
lbeany16,410
remes3h,43
neakin1q,322
jsummerly2c,426
flepick15,82
iborland5n,79
lstollmeyer49,433
jguyonnet2u,308
atassaker4j,386
klutmanp,176
isamweyes56,177
kdancey5g,337
vconstantinou5r,185
asnasdell3e,381
bfarbrotherq,344
sofielly2g,218
rsparrow1n,71
bandreazzi3s,394
sbartosch2k,369
ebatterson10,252
dyuryev3c,103
mhabeshaw29,358
ekimmitt5c,121
jkey4h,93
ibeebis31,207
scroci35,330
pbauded,418
nadamovitchb,92
hmyricka,166
vrichfieldy,34
zkrienke6,223
kmainwaringm,259
pgilhouley3m,85
kfideler30,347
cheskey1t,402
mjolly2i,34
vrichfieldy,268
bbeminster5a,77
ddelacey27,308
kwhyard1g,429
ibrabonf,270
jguyonnet2u,304
mfulcher1s,196
hcasine8,197
bbaxstair1d,320
dkinzett4o,229
dbraunstein5m,139
ggentric4b,174
bbaxstair1d,168
mraggv,434
tollie52,259
cheskey1t,151
dfoxleyc,377
ebatterson10,147
eswane3i,351
zgeockle1u,73
jsirmon4z,254
molooney2p,360
astelfoxx,162
gnode1a,405
nfarman1e,211
pbachellier2x,293
fstachini3j,389
scabotto3f,77
hwindress26,427
msings4r,276
ohadlow28,126
cpinck2s,171
lbeany16,344
mkeir5i,262
jpenmanu,260
ehorbath3k,39
amicco42,28
sscamal2m,400
awilbors,285
kfeld58,374
stesto3n,423
ctrump3o,210
sofielly2g,208
awilbors,228
sfulton4i,403
kfeld58,302
jsummerly2c,203
sbrandham2a,341
erosbotham1m,171
jgianasi2t,109
msings4r,205
drogister2w,404
jsummerly2c,126
mmcilroy5p,126
dczyz3a,81
maujean2e,400
dponder4f,304
isamweyes56,305
lstollmeyer49,260
asnasdell3e,136
plambourne1x,356
tscreach32,303
hmccague4p,219
hmyricka,95
jsirmon4z,102
dkinzett4o,91
mmuck57,403
gkreutzer5l,203
kdegliabbati5f,266
vrichfieldy,291
vrichfieldy,361
jguyonnet2u,188
jsirmon4z,244
csillars54,206
sscamal2m,119
carundel3g,186
qbasill2f,322
lpreshous39,246
scroci35,76
krodman3l,163
ibrabonf,210
tramsbottom5b,28
wprangley7,98
marmatidge5e,395
mhunnaball1f,312
rlebarr51,98
cmacgilpatrick3t,173
dfoxleyc,399
nderrick1p,374
pbachellier2x,94
ndevillier38,396
aedmondson4l,239
twhitechurch2h,175
mfurminger2o,294
skopje1c,41
gkreutzer5l,131
aenright20,261
vissacov3u,286
smcbay4m,430
pbauded,285
mhabeshaw29,263
mjorioz2j,88
kmainwaringm,17
iborland5n,268
shargie1i,315
remes3h,86
cschinetti4s,201
jkey4h,378
gkaesmans9,438
mketteman1b,123
fstephens50,278
bfarbrotherq,158
aenright20,39
cwattingham4x,42
hwindress26,259
bbahike23,192
rdowers48,71
tpendergrasto,28
mcrispe1v,131
gkaesmans9,132
plambourne1x,123
dyuryev3c,268
skopje1c,37
chaddleston1,67
iswetmorei,203
molooney2p,89
rjoan59,428
bbahike23,16
zgeockle1u,236
mhabeshaw29,24
mmcilroy5p,202
aedmondson4l,314
cmacgilpatrick3t,179
pwarnese,16
acheverton0,99
dbraunstein5m,21
cwattingham4x,18
mhunnaball1f,20
jpenmanu,143
glantoph3w,387
bmaclaine3y,81
bturgoose18,221
jgianasi2t,46
bbeminster5a,243
acheverton0,40
fstephens50,186
bmaclaine3y,73
kedel4k,355
shargie1i,70
cpinck2s,341
ctrump3o,139
afeehely1o,266
zgeockle1u,165
jkey4h,252
mhunnaball1f,276
djendrys13,190
pbauded,286
nabethell22,101
qbasill2f,276
klutmanp,125
jivanichev4v,394
dlautie1y,178
nadamovitchb,321
gnode1a,142
fstephens50,251
rlebarr51,132
cpackington4c,317
afihelly2l,217
dkinzett4o,293
remes3h,166
bswiffan3x,146
sofielly2g,431
rgartrell1z,325
lpreshous39,310
deatock4e,28
jbugden41,124
sbartosch2k,154
plambourne1x,288
mjorioz2j,96
mfulcher1s,356
cschinetti4s,99
uleatherland5j,279
ccorpe14,105
cpilley33,39
smcbay4m,288
kfideler30,349
djendrys13,235
rsparrow1n,356
nderrick1p,314
pbachellier2x,411
erosbotham1m,290
gtorald24,18
amicco42,78
neakin1q,352
auppett11,294
rrosin,182
ksemon3r,66
bjurewicz4a,60
sscamal2m,209
tscreach32,288
ccriple4t,68
rlebarr51,51
scroci35,419
csillars54,429
mfaires4u,52
mketteman1b,303
lbeany16,296
tmessenger3q,434
dmitchleyh,144
ctrump3o,437
sbergeon2n,234
dponder4f,206
tpendergrasto,31
molooney2p,278
kbramham37,392
ccriple4t,117
asnasdell3e,172
bfarbrotherq,219
zkrienke6,11
adipietro1h,315
jpenmanu,396
zkrienke6,431
kauldsz,374
csillars54,135
tpendergrasto,68
rgartrell1z,2
cheskey1t,280
marmatidge5e,148
bprendiville1r,433
jivanichev4v,355
jivanichev4v,352
msings4r,51
bturgoose18,134
hmyricka,197
nabethell22,292
pwarnese,273
pbauded,410
rluebbert21,411
gnode1a,205
dstoyell5h,61
djendrys13,21
gkaesmans9,398
bturgoose18,91
marmatidge5e,21
drogister2w,202
bpolak2b,75
cwhysall34,326
hcasine8,192
cpackington4c,23
bflury1j,118
asnasdell3e,225
kedel4k,190
hravenshaw4d,231
ehugill55,197
krenackownaw,32
rgartrell1z,91
pgilhouley3m,148
mkynnd2q,178
bprendiville1r,161
vtremathack2z,78
fstachini3j,280
phockey4y,280
shargie1i,163
eswane3i,134
nswinfon43,28
dstoyell5h,308
tollie52,5
kfeld58,207
mcrispe1v,100
ckobiera1l,142
ckobiera1l,239
auppett11,360
msings4r,219
nderrick1p,264
jgianasi2t,222
sbartosch2k,107
tscreach32,152
astelfoxx,148
kedel4k,386
stesto3n,355
kdegliabbati5f,95
uleatherland5j,295
kdegliabbati5f,409
dmitchleyh,291
gnode1a,183
dlautie1y,164
gheeks45,117
dlegricek,336
auppett11,20
neakin1q,51
deatock4e,294
hmccague4p,239
hwindress26,46
krodman3l,143
afeehely1o,309
vconstantinou5r,351
kbramham37,286
erosbotham1m,297
jivanichev4v,244
tfeehan4n,414
sseefeldt47,136
hmccague4p,283
bjurewicz4a,404
rgartrell1z,352
wprangley7,230
grubenov4w,369
abitterton53,229
bruddlesden5o,32
jsirmon4z,436
bbeminster5a,174
eadamides2d,356
uleatherland5j,208
rdefries3d,255
dfoxleyc,365
dkinzett4o,277
tfeehan4n,47
iswetmorei,369
aedmondson4l,370
dbraunstein5m,357
rjoan59,240
econibear2,365
nabethell22,76
dstoyell5h,355
nderrick1p,39
drogister2w,240
tpython36,25
nadamovitchb,345
jsirmon4z,105
mescot19,245
epeddie5,95
ehorbath3k,132
vrichfieldy,157
cetheringtonj,45
aedmondson4l,135
jguyonnet2u,62
tmessenger3q,419
erosbotham1m,31
jsackes3z,112
krenackownaw,369
ehugill55,89
bflury1j,42
sbergeon2n,129
mcrispe1v,29
cwhysall34,123
remes3h,72
ccorpe14,327
amicco42,78
plambourne1x,65
tpython36,388
hcasine8,405
ibeebis31,336
marmatidge5e,57
mkynnd2q,347
ekimmitt5c,201
bbahike23,158
cheskey1t,20
vconstantinou5r,64
gheeks45,33
acrayden44,421
hschoroder2v,270
bturgoose18,214
ibrabonf,259
wtassell5q,427
kmcardle4g,399
lnoble46,132
cgoforth17,182
hravenshaw4d,120
sbrandham2a,25
jsummerly2c,188
kauldsz,397
tmessenger3q,7
sbartosch2k,120
acheverton0,205
mmuck57,76
pbauded,233
atassaker4j,138
eaitken1k,15
bmaclaine3y,327
tollie52,183
cpinck2s,147
svonderdellt,43
sseefeldt47,253
mjolly2i,219
jivanichev4v,64
sseefeldt47,52
tsheringham5k,75
pbachellier2x,258
gtorald24,148
mraggv,274
gtorald24,144
cschinetti4s,280
msings4r,335
epeddie5,231
sbartosch2k,315
bflury1j,251
ibeebis31,295
sbrandham2a,330
vconstantinou5r,40
mescot19,32
gkreutzer5l,32
kbramham37,324
bprendiville1r,93
mhunnaball1f,311
ccriple4t,140
aenright20,387
grubenov4w,211
nderrick1p,43
shargie1i,219
dmitchleyh,314
pbauded,358
mfulcher1s,393
mcrispe1v,93
sofielly2g,76
wprangley7,106
bbahike23,63
kwhyard1g,432
mescot19,213
sfulton4i,429
ckobiera1l,82
ahurnr,216
nswinfon43,239
pwarnese,153
rdowers48,344
jkey4h,384
molooney2p,168
gkaesmans9,43
hcasine8,432
gheeks45,46
tmessenger3q,81
dlautie1y,167
iborland5n,265
afeehely1o,375
mjorioz2j,295
abitterton53,389
gkaesmans9,151
epeddie5,362
ehorbath3k,253
wprangley7,292
dczyz3a,99
qbasill2f,276
dfoxleyc,112
kauldsz,296
dmitchleyh,121
pgilhouley3m,41
mtenniswood12,370
rblancowe3,326
smaleck5d,347
cpackington4c,156
csillars54,428
cpackington4c,358
sbrandham2a,415
mkeir5i,100
bandreazzi3s,356
grubenov4w,268
atassaker4j,230
mketteman1b,88
hmyricka,151
iswetmorei,271
lclaffey3p,171
zkrienke6,347
amicco42,369
bruddlesden5o,381
aenright20,425
ehugill55,115
nswinfon43,378
mjolly2i,216
cpilley33,49
kmcardle4g,126
qbasill2f,170
bruddlesden5o,334
aalekhov40,249
ccriple4t,290
amicco42,86
pgilhouley3m,96
mhabeshaw29,211
rlebarr51,87
mfurminger2o,432
chaddleston1,438
hmyricka,294
mjolly2i,64
kbramham37,242
fstachini3j,340
acrayden44,403
cmacgilpatrick3t,395
jsackes3z,36
zkrienke6,40
sfulton4i,276
aalekhov40,390
ndevillier38,197
smcbay4m,35
kmainwaringm,65
ahurnr,367
flepick15,65
rgartrell1z,427
csillars54,281
svonderdellt,330
kfeld58,258
econibear2,373
scabotto3f,122
ddelacey27,83
alequesne4q,235
atassaker4j,382
wprangley7,134
bjurewicz4a,402
cheskey1t,213
jridgeway25,62
acrayden44,178
wtassell5q,160
wtassell5q,28
mmuck57,109
tpendergrasto,309
ndevillier38,339
asnasdell3e,377
ahurnr,341
cwhysall34,389
tscreach32,4
mketteman1b,288
abitterton53,52
kedel4k,260
ksemon3r,106
marmatidge5e,351
astelfoxx,130
dstoyell5h,404
fstephens50,422
ehorbath3k,5
cschinetti4s,114
rrosin,15
eadamides2d,9
cheskey1t,145
jbugden41,275
glantoph3w,99
kdegliabbati5f,368
cwhysall34,187
glantoph3w,248
krodman3l,313
awilbors,417
smaleck5d,57
rlebarr51,149
bswiffan3x,175
mkeir5i,263
phockey4y,378
cpilley33,282
adipietro1h,5
sofielly2g,186
grubenov4w,218
jguyonnet2u,249
bswiffan3x,32
tmessenger3q,405
iborland5n,201
alequesne4q,208
gkaesmans9,359
gheeks45,357
iborland5n,58
kfideler30,157
hcasine8,366
jeastwood3v,209
hravenshaw4d,157
scabotto3f,216
dczyz3a,32
ccorpe14,345
skopje1c,426
jolooney2r,432
rdefries3d,294
chaddleston1,344
ccriple4t,401
cpackington4c,83
