aalekhov40,164
mkynnd2q,964
eaitken1k,295
sscamal2m,131
jsackes3z,888
alequesne4q,323
ndevillier38,367
remes3h,214
atassaker4j,792
cgoforth17,620
rluebbert21,903
sfulton4i,232
jguyonnet2u,926
vconstantinou5r,46
ibeebis31,942
iborland5n,972
grubenov4w,187
gkreutzer5l,362
tfeehan4n,766
bbahike23,959
csillars54,963
tfeehan4n,931
bturgoose18,143
mranscomb4,217
cwattingham4x,223
tsheringham5k,437
zkrienke6,625
rluebbert21,16
tramsbottom5b,906
bpolak2b,973
dfoxleyc,207
ckobiera1l,574
ggentric4b,802
mraggv,630
rdowers48,39
sseefeldt47,339
aenright20,506
bturgoose18,2
bturgoose18,541
rjoan59,675
tollie52,451
mraggv,645
acrayden44,845
dmitchleyh,627
shargie1i,818
alequesne4q,987
krenackownaw,87
hfreemantle2y,155
dyuryev3c,567
jkey4h,768
afeehely1o,19
sseefeldt47,588
hmyricka,30
sseefeldt47,853
bandreazzi3s,415
tsheringham5k,492
rlebarr51,952
csillars54,594
iswetmorei,528
qbasill2f,307
mfaires4u,798
cgoforth17,300
kdancey5g,889
jridgeway25,506
jbugden41,972
rluebbert21,128
deatock4e,783
mkynnd2q,706
jeastwood3v,100
ahurnr,61
lpreshous39,848
mranscomb4,733
tscreach32,71
dponder4f,206
tpendergrasto,105
atassaker4j,551
bpolak2b,304
pwarnese,81
klutmanp,636
mfurminger2o,456
jkey4h,482
chaddleston1,991
bswiffan3x,585
amicco42,931
hschoroder2v,46
afeehely1o,797
jpenmanu,471
adipietro1h,449
atassaker4j,171
astelfoxx,24
auppett11,678
wprangley7,568
djendrys13,222
bprendiville1r,842
nfarman1e,16
iborland5n,72
tramsbottom5b,803
mketteman1b,500
ohadlow28,217
ctrump3o,301
krenackownaw,663
iswetmorei,309
chaddleston1,57
dyuryev3c,841
hwindress26,278
dfoxleyc,479
molooney2p,20
atassaker4j,852
ehorbath3k,615
pgilhouley3m,188
tsheringham5k,818
cpinck2s,788
kwhyard1g,287
ohadlow28,632
ibeebis31,850
nfarman1e,268
gnode1a,118
kedel4k,168
bruddlesden5o,532
iswetmorei,388
bandreazzi3s,277
dponder4f,495
ibeebis31,528
sbrandham2a,964
tpendergrasto,887
krenackownaw,721
hcasine8,142
mfulcher1s,164
ndevillier38,557
smcbay4m,875
kdegliabbati5f,593
jpenmanu,487
cheskey1t,922
stesto3n,521
mvarah1w,625
smaleck5d,145
kfeld58,978
svonderdellt,457
kdancey5g,808
sbrandham2a,158
rlebarr51,295
wtassell5q,897
ndevillier38,728
flepick15,76
fstachini3j,390
molooney2p,361
bflury1j,373
scroci35,282
jbugden41,852
gtorald24,848
lnoble46,283
eaitken1k,502
rluebbert21,972
marmatidge5e,285
mcrispe1v,758
eaitken1k,37
dlegricek,330
phockey4y,653
tramsbottom5b,43
mhabeshaw29,706
carundel3g,468
rdowers48,706
dyuryev3c,454
mkeir5i,401
eaitken1k,788
fstephens50,181
lstollmeyer49,880
scroci35,634
fstephens50,14
bjurewicz4a,442
sbartosch2k,288
dyuryev3c,780
awilbors,949
sbrandham2a,291
mjolly2i,570
stesto3n,768
ibrabonf,572
pwarnese,201
kdegliabbati5f,302
gheeks45,875
bbaxstair1d,916
bfarbrotherq,395
cheskey1t,466
kmainwaringm,981
hmccague4p,558
sscamal2m,89
tpendergrasto,294
sbartosch2k,753
jgianasi2t,887
sscamal2m,220
pwarnese,257
asnasdell3e,420
econibear2,4
vtremathack2z,31
rblancowe3,232
csillars54,711
mraggv,484
chaddleston1,176
glantoph3w,648
pbauded,878
oprofitl,283
mcrispe1v,223
mranscomb4,743
csillars54,431
cwhysall34,617
vissacov3u,15
phockey4y,884
rlebarr51,42
hwindress26,659
wtassell5q,720
dlegricek,514
jridgeway25,132
ckobiera1l,678
tsheringham5k,806
kdegliabbati5f,516
tmessenger3q,466
msings4r,262
rsparrow1n,568
skopje1c,349
kmcardle4g,593
cpilley33,799
auppett11,752
nfarman1e,873
rsparrow1n,945
bruddlesden5o,210
bfarbrotherq,424
gkaesmans9,479
fstephens50,239
flepick15,320
ccorpe14,538
lstollmeyer49,434
mjolly2i,307
stesto3n,456
tscreach32,79
cpinck2s,899
tmessenger3q,307
bruddlesden5o,70
mjorioz2j,825
deatock4e,995
cmacgilpatrick3t,127
isamweyes56,310
afihelly2l,198
sfulton4i,872
kbramham37,166
fstachini3j,609
ebatterson10,86
econibear2,941
alequesne4q,711
bswiffan3x,284
msings4r,371
ddelacey27,819
svonderdellt,225
wprangley7,188
isamweyes56,23
nadamovitchb,774
jridgeway25,461
dbraunstein5m,71
amicco42,492
tscreach32,204
rblancowe3,153
cmacgilpatrick3t,981
tfeehan4n,119
jsackes3z,809
uleatherland5j,242
epeddie5,516
eadamides2d,439
wtassell5q,579
ksemon3r,604
kfideler30,174
jgianasi2t,661
dyuryev3c,857
kfideler30,965
rblancowe3,716
kmainwaringm,247
dspick3b,374
abitterton53,508
wprangley7,178
mketteman1b,324
twhitechurch2h,143
vrichfieldy,904
lpreshous39,504
mraggv,259
kmainwaringm,561
mmuck57,883
pwarnese,257
pwarnese,296
maujean2e,712
carundel3g,731
mketteman1b,547
rdefries3d,524
rjoan59,212
astelfoxx,484
cpinck2s,250
ccriple4t,837
klutmanp,467
maujean2e,637
sseefeldt47,299
acrayden44,572
nfarman1e,258
stesto3n,732
hfreemantle2y,180
twhitechurch2h,957
lbeany16,189
erosbotham1m,480
smcbay4m,654
scabotto3f,16
mmuck57,27
mkynnd2q,181
klutmanp,196
eadamides2d,275
mfurminger2o,702
kbramham37,290
kmainwaringm,627
marmatidge5e,461
uleatherland5j,717
hcasine8,785
ekimmitt5c,671
nadamovitchb,758
eaitken1k,301
dponder4f,198
skopje1c,958
tpython36,332
cpinck2s,294
tfeehan4n,763
pbauded,447
zkrienke6,64
mmuck57,59
vrichfieldy,988
bswiffan3x,605
gtorald24,881
tpython36,208
dyuryev3c,322
neakin1q,159
fstephens50,719
mkynnd2q,82
ahurnr,938
auppett11,327
hwindress26,67
mranscomb4,90
ddelacey27,612
jsirmon4z,7
rdefries3d,216
ggentric4b,699
zkrienke6,403
kauldsz,367
bmaclaine3y,931
skopje1c,647
sfulton4i,646
remes3h,506
mraggv,566
cwattingham4x,689
rluebbert21,418
hschoroder2v,941
carundel3g,659
aedmondson4l,818
kmcardle4g,930
rgartrell1z,644
nswinfon43,562
kdancey5g,462
ccorpe14,520
rdefries3d,811
fstachini3j,280
dlegricek,672
sscamal2m,784
nderrick1p,727
awilbors,855
zgeockle1u,214
cpackington4c,662
dlegricek,939
cschinetti4s,213
mjolly2i,77
cpilley33,756
ccorpe14,920
bprendiville1r,940
nabethell22,711
ccriple4t,43
mjolly2i,74
ibeebis31,106
dspick3b,850
stesto3n,493
csillars54,657
drogister2w,492
aenright20,804
gkreutzer5l,666
bandreazzi3s,831
glantoph3w,817
bfarbrotherq,743
svonderdellt,245
ckobiera1l,784
astelfoxx,451
bpolak2b,965
dbraunstein5m,79
ibeebis31,646
aedmondson4l,484
cgoforth17,7
vrichfieldy,465
hravenshaw4d,897
aedmondson4l,322
scroci35,726
kfideler30,892
mvarah1w,834
fstephens50,421
mcrispe1v,314
smcbay4m,256
mtenniswood12,599
nabethell22,651
sbrandham2a,322
dyuryev3c,442
hschoroder2v,812
nabethell22,125
mhunnaball1f,955
bbaxstair1d,415
stesto3n,563
mfulcher1s,899
mcrispe1v,321
bmaclaine3y,248
auppett11,200
gkreutzer5l,410
dlautie1y,752
mhabeshaw29,571
eswane3i,517
ahurnr,257
mmuck57,615
hmccague4p,98
krenackownaw,401
kbramham37,696
cgoforth17,72
eadamides2d,282
iborland5n,895
csillars54,123
vrichfieldy,943
bprendiville1r,164
afeehely1o,391
sbergeon2n,80
astelfoxx,988
msings4r,976
sofielly2g,725
ohadlow28,714
cmacgilpatrick3t,814
jbugden41,988
kdegliabbati5f,197
pbachellier2x,105
jivanichev4v,817
lclaffey3p,275
jolooney2r,779
mranscomb4,175
wprangley7,205
ccorpe14,420
hcasine8,220
hmyricka,457
chaddleston1,189
awilbors,721
dkinzett4o,166
eaitken1k,73
mranscomb4,194
kwhyard1g,333
nfarman1e,828
bflury1j,460
twhitechurch2h,583
dmitchleyh,551
bjurewicz4a,212
rsparrow1n,995
bmaclaine3y,403
mkeir5i,402
pwarnese,817
dstoyell5h,104
bpolak2b,46
astelfoxx,755
cetheringtonj,721
mtenniswood12,894
kauldsz,121
rjoan59,565
ckobiera1l,372
bswiffan3x,784
dlegricek,827
nfarman1e,938
lbeany16,611
bpolak2b,647
kdegliabbati5f,852
kfeld58,482
alequesne4q,895
dspick3b,442
afihelly2l,415
cwattingham4x,371
mmcilroy5p,419
oprofitl,342
gkaesmans9,47
dbraunstein5m,190
krenackownaw,174
klutmanp,469
gkreutzer5l,975
rluebbert21,700
smcbay4m,398
alequesne4q,453
mketteman1b,214
econibear2,263
kfeld58,407
vissacov3u,893
ccriple4t,943
kbramham37,387
grubenov4w,236
dstoyell5h,899
asnasdell3e,811
ndevillier38,42
jgianasi2t,142
rrosin,685
mranscomb4,711
maujean2e,344
djendrys13,770
bflury1j,896
jivanichev4v,441
mmcilroy5p,151
awilbors,530
sfulton4i,679
jguyonnet2u,953
mketteman1b,861
oprofitl,398
rblancowe3,378
kdancey5g,534
mfulcher1s,321
cetheringtonj,579
ohadlow28,224
mvarah1w,205
kfeld58,50
mcrispe1v,346
phockey4y,849
cpackington4c,657
afihelly2l,267
ehorbath3k,761
tscreach32,579
kdancey5g,248
cschinetti4s,418
jsackes3z,613
epeddie5,205
mmcilroy5p,870
plambourne1x,12
marmatidge5e,711
jgianasi2t,355
flepick15,941
eaitken1k,665
bandreazzi3s,397
tsheringham5k,520
lpreshous39,875
kmainwaringm,427
jbugden41,78
jguyonnet2u,314
bandreazzi3s,494
plambourne1x,501
cgoforth17,379
smcbay4m,168
twhitechurch2h,888
nfarman1e,882
ddelacey27,435
sbartosch2k,447
dyuryev3c,963
mfaires4u,620
rdefries3d,308
ddelacey27,281
kbramham37,277
rdowers48,402
mfulcher1s,860
kmainwaringm,671
twhitechurch2h,818
asnasdell3e,327
rjoan59,274
ehorbath3k,969
afihelly2l,721
aalekhov40,152
nabethell22,735
mmuck57,392
lbeany16,158
bandreazzi3s,769
rblancowe3,265
gkaesmans9,380
kfeld58,918
eaitken1k,981
vtremathack2z,401
rdefries3d,541
rblancowe3,69
hmccague4p,437
twhitechurch2h,400
ctrump3o,128
glantoph3w,258
lstollmeyer49,691
cgoforth17,899
bturgoose18,755
csillars54,779
vsmillieg,341
bturgoose18,870
bbahike23,417
krodman3l,844
molooney2p,436
pgilhouley3m,937
eswane3i,53
jsackes3z,875
scroci35,103
tramsbottom5b,361
msings4r,501
tramsbottom5b,957
jbugden41,671
vsmillieg,998
qbasill2f,30
djendrys13,26
wtassell5q,442
cpackington4c,222
lnoble46,527
kfideler30,455
jpenmanu,435
mjorioz2j,509
acheverton0,682
rdefries3d,559
pbachellier2x,591
cpackington4c,215
ggentric4b,734
uleatherland5j,314
kdancey5g,331
jolooney2r,261
astelfoxx,268
qbasill2f,901
rjoan59,789
ddelacey27,932
remes3h,923
ebatterson10,484
astelfoxx,233
kfideler30,780
ibrabonf,562
ohadlow28,293
tpython36,314
tsheringham5k,385
pgilhouley3m,626
csillars54,905
cwhysall34,136
chaddleston1,146
shargie1i,966
rdefries3d,643
neakin1q,572
cwhysall34,83
mmuck57,79
ohadlow28,26
dmitchleyh,910
glantoph3w,587
jolooney2r,890
erosbotham1m,799
lnoble46,449
jsackes3z,702
atassaker4j,427
gtorald24,307
afihelly2l,57
astelfoxx,818
tollie52,8
scroci35,625
tpendergrasto,866
chaddleston1,381
astelfoxx,463
bandreazzi3s,537
cetheringtonj,645
tfeehan4n,462
mescot19,114
wprangley7,906
lbeany16,16
chaddleston1,39
wprangley7,488
jgianasi2t,816
iswetmorei,968
hschoroder2v,394
dlegricek,942
nadamovitchb,34
tpython36,701
ibrabonf,686
tpendergrasto,520
dmitchleyh,381
smcbay4m,408
zkrienke6,24
afeehely1o,329
nadamovitchb,3
scroci35,989
gnode1a,742
bbeminster5a,169
rrosin,789
cgoforth17,759
gheeks45,8
aenright20,191
bbaxstair1d,372
dlautie1y,970
skopje1c,959
econibear2,135
dlautie1y,384
klutmanp,647
mfulcher1s,764
jsackes3z,257
vissacov3u,280
cheskey1t,166
cmacgilpatrick3t,583
bbeminster5a,561
dyuryev3c,324
eswane3i,981
lbeany16,43
dbraunstein5m,980
vissacov3u,312
carundel3g,504
erosbotham1m,493
vissacov3u,631
eswane3i,291
lbeany16,835
lclaffey3p,868
mvarah1w,454
bbahike23,625
lpreshous39,285
dmitchleyh,253
ehorbath3k,14
dlautie1y,640
scroci35,134
cpinck2s,179
hfreemantle2y,874
vtremathack2z,175
tpendergrasto,167
acheverton0,537
hfreemantle2y,813
dyuryev3c,407
ohadlow28,726
zkrienke6,889
cetheringtonj,317
bturgoose18,82
eswane3i,636
mfaires4u,601
aenright20,395
acrayden44,270
abitterton53,163
mranscomb4,573
bbaxstair1d,602
sscamal2m,471
mjorioz2j,343
jivanichev4v,740
aedmondson4l,348
alequesne4q,460
dczyz3a,483
djendrys13,722
sbergeon2n,719
skopje1c,937
rjoan59,82
rrosin,296
erosbotham1m,807
gtorald24,692
deatock4e,732
deatock4e,304
rluebbert21,316
gtorald24,514
bruddlesden5o,601
adipietro1h,404
vissacov3u,122
awilbors,585
ndevillier38,449
mkeir5i,530
phockey4y,198
dkinzett4o,550
ohadlow28,45
cwattingham4x,590
cwhysall34,64
aenright20,221
jbugden41,937
sseefeldt47,311
erosbotham1m,972
bturgoose18,215
tollie52,955
nadamovitchb,8
molooney2p,884
mvarah1w,418
fstachini3j,222
nabethell22,300
tramsbottom5b,144
astelfoxx,94
pwarnese,164
mfulcher1s,324
vconstantinou5r,621
nabethell22,898
bswiffan3x,223
acheverton0,489
maujean2e,115
cpilley33,467
bfarbrotherq,977
mtenniswood12,235
bturgoose18,512
ehugill55,606
fstachini3j,699
dspick3b,811
kwhyard1g,753
msings4r,379
bmaclaine3y,14
scabotto3f,949
tollie52,177
zgeockle1u,425
jsackes3z,448
tfeehan4n,277
bandreazzi3s,372
afeehely1o,476
twhitechurch2h,7
adipietro1h,5
rgartrell1z,139
kedel4k,894
tollie52,30
gtorald24,611
csillars54,643
fstachini3j,130
smaleck5d,607
cpilley33,435
dkinzett4o,678
oprofitl,8
cpackington4c,802
mhabeshaw29,579
vsmillieg,44
pbachellier2x,706
jolooney2r,84
dmitchleyh,796
lstollmeyer49,35
cgoforth17,674
dlautie1y,325
bbaxstair1d,612
cmacgilpatrick3t,230
ggentric4b,258
hmyricka,267
dlegricek,791
fstephens50,703
bflury1j,502
sscamal2m,810
abitterton53,181
scabotto3f,986
sscamal2m,166
aenright20,513
rrosin,818
aenright20,736
ibrabonf,68
gkaesmans9,145
eswane3i,579
dponder4f,475
fstephens50,884
tollie52,158
isamweyes56,914
nabethell22,501
atassaker4j,174
ekimmitt5c,640
wprangley7,13
mmuck57,106
cpinck2s,357
afeehely1o,736
cmacgilpatrick3t,105
mfulcher1s,340
dspick3b,535
remes3h,116
marmatidge5e,881
sfulton4i,560
ohadlow28,435
smaleck5d,15
phockey4y,437
kwhyard1g,928
ehorbath3k,848
kwhyard1g,262
lclaffey3p,696
dponder4f,522
zkrienke6,216
dbraunstein5m,475
marmatidge5e,240
erosbotham1m,365
skopje1c,575
wprangley7,948
bbeminster5a,98
ahurnr,659
ggentric4b,49
wprangley7,786
lpreshous39,98
mhunnaball1f,834
vsmillieg,723
afihelly2l,119
awilbors,179
sbartosch2k,852
mranscomb4,842
bjurewicz4a,686
bbahike23,63
vissacov3u,278
shargie1i,208
deatock4e,636
mhabeshaw29,209
kfideler30,289
molooney2p,722
kmainwaringm,193
dyuryev3c,8
maujean2e,532
dlegricek,295
jsummerly2c,898
tramsbottom5b,171
abitterton53,82
bprendiville1r,814
tfeehan4n,753
mkeir5i,595
mfaires4u,618
tpendergrasto,172
shargie1i,94
glantoph3w,374
bflury1j,640
drogister2w,775
bflury1j,928
ndevillier38,225
jsirmon4z,646
ohadlow28,854
jsummerly2c,774
scabotto3f,27
drogister2w,77
awilbors,731
erosbotham1m,116
mketteman1b,912
maujean2e,992
chaddleston1,17
dczyz3a,222
ggentric4b,299
jsackes3z,966
pwarnese,873
hschoroder2v,880
jpenmanu,701
ndevillier38,448
bandreazzi3s,359
grubenov4w,619
mraggv,934
dlautie1y,551
sfulton4i,41
ccorpe14,43
smaleck5d,531
qbasill2f,994
ggentric4b,452
lbeany16,627
cpinck2s,606
ehugill55,473
ebatterson10,533
sbergeon2n,593
cpilley33,783
tmessenger3q,190
rlebarr51,874
eaitken1k,523
alequesne4q,342
dstoyell5h,866
mhunnaball1f,836
ccriple4t,327
bturgoose18,25
bfarbrotherq,138
kbramham37,401
lbeany16,413
tfeehan4n,483
bswiffan3x,346
pbachellier2x,306
jolooney2r,293
mkeir5i,122
jolooney2r,145
mfaires4u,542
mfaires4u,948
skopje1c,721
ggentric4b,43
afihelly2l,416
pgilhouley3m,202
dczyz3a,633
cmacgilpatrick3t,788
mtenniswood12,761
krenackownaw,402
mfulcher1s,374
nabethell22,242
dlegricek,42
grubenov4w,984
rluebbert21,748
nfarman1e,262
ibeebis31,22
mjolly2i,84
auppett11,470
bturgoose18,160
nadamovitchb,729
rdowers48,425
jsirmon4z,635
kfideler30,344
molooney2p,366
mjolly2i,659
mfurminger2o,867
dponder4f,641
tramsbottom5b,349
mjorioz2j,828
dmitchleyh,632
bpolak2b,333
mkeir5i,628
bturgoose18,879
ccorpe14,233
drogister2w,844
ccorpe14,188
lstollmeyer49,145
vissacov3u,821
tscreach32,825
fstachini3j,644
kdegliabbati5f,57
eaitken1k,171
mmuck57,396
bturgoose18,837
remes3h,378
cheskey1t,210
lbeany16,211
ibrabonf,479
lstollmeyer49,518
bbeminster5a,189
nadamovitchb,178
nderrick1p,954
ddelacey27,483
econibear2,439
cgoforth17,902
gkaesmans9,136
sbrandham2a,643
jbugden41,876
aedmondson4l,803
msings4r,45
acrayden44,526
aedmondson4l,961
dczyz3a,709
kfideler30,532
amicco42,208
mfurminger2o,881
hcasine8,317
shargie1i,576
kauldsz,889
ibrabonf,893
dstoyell5h,643
isamweyes56,357
hravenshaw4d,310
stesto3n,967
ndevillier38,812
pwarnese,393
marmatidge5e,918
lbeany16,846
mkeir5i,704
cpilley33,342
cpinck2s,475
drogister2w,753
abitterton53,247
mkeir5i,720
cgoforth17,668
hfreemantle2y,38
twhitechurch2h,657
mfulcher1s,98
hschoroder2v,273
pgilhouley3m,622
cmacgilpatrick3t,579
ibrabonf,506
astelfoxx,964
fstephens50,241
qbasill2f,355
bswiffan3x,168
gnode1a,313
krodman3l,931
deatock4e,85
jridgeway25,149
vrichfieldy,848
twhitechurch2h,650
tfeehan4n,942
aedmondson4l,621
jguyonnet2u,981
adipietro1h,532
gkaesmans9,489
krodman3l,152
ibeebis31,75
ddelacey27,6
mjolly2i,593
gkaesmans9,811
mfulcher1s,853
jeastwood3v,519
awilbors,80
afihelly2l,897
eswane3i,661
sbrandham2a,503
ohadlow28,932
gnode1a,772
ccorpe14,398
rjoan59,1
vtremathack2z,42
jpenmanu,105
msings4r,439
ccorpe14,469
mfaires4u,490
uleatherland5j,110
pbauded,168
bbaxstair1d,663
mkynnd2q,824
smcbay4m,191
jolooney2r,149
gkreutzer5l,770
acrayden44,942
hschoroder2v,298
chaddleston1,613
twhitechurch2h,260
ibeebis31,5
ibeebis31,417
vsmillieg,431
nabethell22,693
jgianasi2t,62
kfeld58,313
fstachini3j,276
aenright20,453
kbramham37,15
dspick3b,688
eadamides2d,408
sbartosch2k,995
sbrandham2a,995
tfeehan4n,641
lclaffey3p,671
ahurnr,774
cgoforth17,493
rblancowe3,621
cwhysall34,683
cpinck2s,870
jsummerly2c,667
oprofitl,390
kedel4k,65
kmainwaringm,640
sbergeon2n,359
bbaxstair1d,596
qbasill2f,743
pgilhouley3m,103
isamweyes56,860
mfulcher1s,81
smcbay4m,417
kfideler30,825
bmaclaine3y,882
vsmillieg,506
hwindress26,605
dbraunstein5m,607
afeehely1o,425
dkinzett4o,873
marmatidge5e,693
ctrump3o,313
mfurminger2o,816
mtenniswood12,310
kfideler30,898
mhabeshaw29,132
atassaker4j,885
remes3h,20
qbasill2f,391
hmccague4p,464
ohadlow28,572
econibear2,140
hcasine8,963
cetheringtonj,841
hfreemantle2y,66
msings4r,34
nadamovitchb,441
cpilley33,181
jsummerly2c,617
mfurminger2o,987
vissacov3u,288
grubenov4w,517
ckobiera1l,116
carundel3g,570
jbugden41,953
hravenshaw4d,270
tpython36,635
bprendiville1r,265
tmessenger3q,869
drogister2w,163
bpolak2b,135
tsheringham5k,951
nfarman1e,228
hfreemantle2y,956
mmuck57,351
jpenmanu,416
hravenshaw4d,321
qbasill2f,179
stesto3n,310
ddelacey27,611
twhitechurch2h,578
jpenmanu,215
bbeminster5a,531
rlebarr51,173
nswinfon43,370
jguyonnet2u,928
nfarman1e,640
drogister2w,401
qbasill2f,605
wtassell5q,648
ddelacey27,363
gheeks45,458
ddelacey27,604
cpilley33,827
bflury1j,93
pwarnese,648
lnoble46,390
pwarnese,397
maujean2e,956
plambourne1x,478
kmcardle4g,660
vissacov3u,678
mvarah1w,233
smaleck5d,943
kmcardle4g,97
jeastwood3v,813
hmccague4p,378
mranscomb4,118
vissacov3u,896
smcbay4m,491
shargie1i,990
csillars54,176
nfarman1e,657
bflury1j,464
eadamides2d,414
kwhyard1g,402
stesto3n,652
lstollmeyer49,413
rjoan59,420
dponder4f,408
ehugill55,790
kwhyard1g,833
ggentric4b,918
deatock4e,690
ebatterson10,221
zkrienke6,105
kfeld58,999
ggentric4b,503
dczyz3a,420
nderrick1p,604
mkeir5i,748
ccriple4t,805
aalekhov40,50
dyuryev3c,811
cschinetti4s,731
hmyricka,759
adipietro1h,57
afeehely1o,838
molooney2p,531
smcbay4m,626
kfeld58,917
nadamovitchb,406
tmessenger3q,627
ctrump3o,83
econibear2,345
hschoroder2v,418
asnasdell3e,322
scroci35,377
ibeebis31,873
vtremathack2z,260
sseefeldt47,8
vsmillieg,515
jkey4h,8
bturgoose18,693
cwattingham4x,851
rrosin,105
mhabeshaw29,661
rluebbert21,739
maujean2e,729
asnasdell3e,265
rluebbert21,686
ehorbath3k,37
vissacov3u,678
bfarbrotherq,72
jivanichev4v,323
dkinzett4o,114
bturgoose18,257
afeehely1o,438
dczyz3a,180
svonderdellt,794
lpreshous39,599
flepick15,98
scroci35,835
atassaker4j,439
mjorioz2j,643
nadamovitchb,760
kdegliabbati5f,772
hravenshaw4d,835
svonderdellt,102
nadamovitchb,36
sbrandham2a,473
ctrump3o,710
dfoxleyc,724
hwindress26,781
klutmanp,327
smcbay4m,102
lstollmeyer49,350
mescot19,930
lbeany16,440
auppett11,242
ksemon3r,531
rdefries3d,743
tmessenger3q,414
afihelly2l,41
pwarnese,411
asnasdell3e,317
rluebbert21,274
jsackes3z,198
alequesne4q,760
bandreazzi3s,452
dmitchleyh,459
acheverton0,494
rlebarr51,994
krodman3l,778
abitterton53,455
adipietro1h,76
ahurnr,704
cheskey1t,989
dlautie1y,330
hwindress26,501
scabotto3f,428
gtorald24,503
ctrump3o,132
ksemon3r,723
tpython36,830
shargie1i,568
eaitken1k,824
cwhysall34,803
bandreazzi3s,131
kedel4k,575
hravenshaw4d,111
ddelacey27,638
maujean2e,983
rblancowe3,451
nadamovitchb,397
pwarnese,694
lclaffey3p,836
mcrispe1v,362
rlebarr51,285
uleatherland5j,80
gtorald24,839
dponder4f,941
rjoan59,130
hschoroder2v,315
smaleck5d,779
mfaires4u,427
eswane3i,372
rjoan59,195
ksemon3r,214
jgianasi2t,405
bbeminster5a,362
tmessenger3q,590
jeastwood3v,292
lnoble46,539
vsmillieg,234
wtassell5q,390
acheverton0,261
oprofitl,135
hwindress26,959
lbeany16,694
bprendiville1r,274
eswane3i,504
afihelly2l,645
tramsbottom5b,520
hfreemantle2y,17
mfulcher1s,464
mtenniswood12,117
cpilley33,600
tsheringham5k,225
remes3h,71
amicco42,465
ckobiera1l,693
fstephens50,515
mescot19,291
ahurnr,464
zgeockle1u,295
drogister2w,493
jridgeway25,365
remes3h,21
mketteman1b,714
iswetmorei,798
aalekhov40,364
ddelacey27,74
kfideler30,618
kmcardle4g,920
csillars54,184
nderrick1p,48
ibrabonf,983
zgeockle1u,869
rjoan59,146
stesto3n,277
oprofitl,489
kauldsz,888
smcbay4m,358
ndevillier38,959
kedel4k,782
eaitken1k,772
nswinfon43,74
kmainwaringm,949
dfoxleyc,444
bruddlesden5o,801
jolooney2r,733
jsummerly2c,489
hfreemantle2y,137
ehugill55,772
hfreemantle2y,85
kfideler30,355
sseefeldt47,155
eadamides2d,662
mfulcher1s,282
amicco42,134
alequesne4q,601
vtremathack2z,712
lpreshous39,713
astelfoxx,51
lstollmeyer49,287
sfulton4i,8
afeehely1o,38
jeastwood3v,921
dfoxleyc,515
rsparrow1n,824
rblancowe3,596
rlebarr51,752
mjorioz2j,516
jpenmanu,801
aenright20,481
jsackes3z,804
lbeany16,16
econibear2,518
dlautie1y,365
dyuryev3c,83
dspick3b,638
flepick15,30
dponder4f,179
oprofitl,484
lbeany16,479
ctrump3o,19
cwhysall34,400
eaitken1k,149
rdowers48,171
mfurminger2o,432
jolooney2r,94
mkynnd2q,302
deatock4e,931
lpreshous39,682
fstephens50,836
nderrick1p,290
molooney2p,550
astelfoxx,470
zkrienke6,797
bruddlesden5o,683
bfarbrotherq,265
dyuryev3c,925
skopje1c,907
scabotto3f,248
phockey4y,343
mranscomb4,880
krodman3l,933
bturgoose18,109
nswinfon43,411
pgilhouley3m,876
bbaxstair1d,315
tsheringham5k,861
deatock4e,649
lpreshous39,327
hfreemantle2y,479
mescot19,808
lpreshous39,466
bflury1j,794
tsheringham5k,810
chaddleston1,134
rlebarr51,408
cpackington4c,972
tsheringham5k,179
mmcilroy5p,82
vrichfieldy,524
mvarah1w,851
eadamides2d,926
eadamides2d,68
vissacov3u,803
ckobiera1l,762
iswetmorei,15
ekimmitt5c,479
hwindress26,887
sfulton4i,812
cwhysall34,984
dmitchleyh,507
jkey4h,908
deatock4e,470
stesto3n,553
acheverton0,553
sofielly2g,427
djendrys13,263
mfulcher1s,395
klutmanp,57
wtassell5q,836
eadamides2d,68
sofielly2g,159
mfulcher1s,159
scabotto3f,722
maujean2e,775
wtassell5q,417
nderrick1p,315
econibear2,415
bandreazzi3s,767
mraggv,330
mranscomb4,391
dbraunstein5m,433
gheeks45,938
rrosin,154
mtenniswood12,732
sbartosch2k,576
eaitken1k,426
cgoforth17,929
bandreazzi3s,410
mketteman1b,759
zkrienke6,639
mmuck57,382
nswinfon43,341
ksemon3r,128
dlautie1y,839
cwhysall34,532
mescot19,527
cwattingham4x,110
fstachini3j,998
erosbotham1m,641
rsparrow1n,485
mketteman1b,450
bflury1j,721
rjoan59,121
kfideler30,662
kdancey5g,286
mfaires4u,144
ctrump3o,541
fstachini3j,272
lnoble46,180
lclaffey3p,787
maujean2e,881
dlegricek,337
msings4r,126
wprangley7,633
vconstantinou5r,929
lclaffey3p,363
ekimmitt5c,406
jgianasi2t,739
wtassell5q,266
lclaffey3p,836
rlebarr51,589
gkreutzer5l,365
pgilhouley3m,986
ccorpe14,875
jpenmanu,292
tsheringham5k,388
tpython36,608
fstephens50,34
mranscomb4,992
sscamal2m,761
twhitechurch2h,990
bfarbrotherq,748
aenright20,435
klutmanp,159
jkey4h,589
stesto3n,44
ibrabonf,973
cgoforth17,824
rgartrell1z,911
djendrys13,179
tfeehan4n,720
lclaffey3p,97
rgartrell1z,567
kfideler30,25
gkreutzer5l,327
dstoyell5h,504
awilbors,476
kfeld58,99
rlebarr51,621
neakin1q,382
glantoph3w,192
scabotto3f,742
dkinzett4o,991
rlebarr51,481
pbachellier2x,448
jridgeway25,361
amicco42,353
ctrump3o,669
rdefries3d,955
aenright20,530
jpenmanu,163
pbachellier2x,373
eadamides2d,610
lbeany16,901
lnoble46,855
cschinetti4s,85
mfaires4u,459
kmcardle4g,718
bbahike23,951
erosbotham1m,698
hfreemantle2y,550
alequesne4q,550
bruddlesden5o,211
scroci35,332
cgoforth17,235
bpolak2b,421
tsheringham5k,146
cpilley33,294
bmaclaine3y,401
bturgoose18,706
awilbors,141
kfeld58,931
stesto3n,31
erosbotham1m,581
isamweyes56,874
mescot19,961
iswetmorei,248
zkrienke6,77
kauldsz,60
grubenov4w,506
cpilley33,187
bbaxstair1d,241
dmitchleyh,151
mvarah1w,801
dbraunstein5m,616
mranscomb4,533
mraggv,210
hwindress26,300
mhunnaball1f,152
bbahike23,263
plambourne1x,92
acrayden44,376
kbramham37,922
sbergeon2n,43
ctrump3o,978
tollie52,805
bflury1j,443
kmainwaringm,761
dponder4f,383
hcasine8,269
cgoforth17,20
cpinck2s,474
krenackownaw,643
lnoble46,493
afeehely1o,968
dspick3b,254
auppett11,444
ahurnr,42
kfeld58,489
cgoforth17,844
vissacov3u,616
mraggv,606
mtenniswood12,83
dstoyell5h,630
jgianasi2t,59
ahurnr,873
bmaclaine3y,525
wprangley7,336
atassaker4j,4
dlegricek,705
adipietro1h,194
cetheringtonj,383
krenackownaw,48
rdowers48,453
mjolly2i,272
kbramham37,707
mcrispe1v,926
svonderdellt,682
marmatidge5e,487
hmccague4p,458
econibear2,572
pgilhouley3m,193
cpackington4c,427
nabethell22,137
mtenniswood12,913
flepick15,368
jsummerly2c,228
mfurminger2o,117
mraggv,330
mfulcher1s,958
scroci35,809
ccorpe14,995
hfreemantle2y,535
rdefries3d,857
tsheringham5k,469
bpolak2b,67
iswetmorei,219
mfaires4u,607
lpreshous39,531
hmyricka,588
nadamovitchb,809
mtenniswood12,542
afihelly2l,375
afihelly2l,675
gkaesmans9,520
csillars54,260
eswane3i,945
twhitechurch2h,90
rsparrow1n,224
kauldsz,720
rluebbert21,69
lpreshous39,206
mmcilroy5p,124
afeehely1o,872
eadamides2d,790
vtremathack2z,837
nswinfon43,995
mfaires4u,7
cwhysall34,835
bruddlesden5o,126
grubenov4w,89
ctrump3o,64
lstollmeyer49,377
iswetmorei,978
astelfoxx,448
kdegliabbati5f,561
mmuck57,815
ccorpe14,73
mhunnaball1f,313
ckobiera1l,194
nfarman1e,737
rdefries3d,317
jeastwood3v,132
cwattingham4x,974
gheeks45,937
hcasine8,584
abitterton53,76
bbeminster5a,603
maujean2e,649
hcasine8,242
sbartosch2k,9
bpolak2b,813
krodman3l,660
mhunnaball1f,786
bruddlesden5o,207
csillars54,218
mfaires4u,470
fstephens50,917
hfreemantle2y,68
bturgoose18,846
gnode1a,492
wtassell5q,679
skopje1c,702
krenackownaw,623
dkinzett4o,202
aalekhov40,157
nabethell22,427
dspick3b,77
afeehely1o,144
kdegliabbati5f,708
ddelacey27,547
kdancey5g,662
kdancey5g,128
remes3h,223
mfurminger2o,736
eaitken1k,986
eswane3i,81
mfulcher1s,113
iswetmorei,949
scroci35,61
pbachellier2x,336
gkreutzer5l,827
epeddie5,940
ddelacey27,935
hmyricka,265
smcbay4m,766
hcasine8,566
djendrys13,723
erosbotham1m,795
cetheringtonj,192
ahurnr,919
asnasdell3e,738
rdowers48,73
nderrick1p,330
mhabeshaw29,818
nadamovitchb,139
pgilhouley3m,156
auppett11,606
jpenmanu,745
tmessenger3q,799
dbraunstein5m,797
jbugden41,663
csillars54,236
jkey4h,149
ehugill55,18
pbauded,56
rluebbert21,137
nabethell22,888
mmuck57,387
klutmanp,736
neakin1q,393
bjurewicz4a,378
jeastwood3v,719
jgianasi2t,294
rlebarr51,234
jbugden41,628
mfulcher1s,144
nderrick1p,867
tfeehan4n,811
gkreutzer5l,637
skopje1c,457
nswinfon43,545
aalekhov40,433
mjorioz2j,661
dstoyell5h,955
pbauded,730
tsheringham5k,186
wprangley7,970
nfarman1e,563
iswetmorei,219
eaitken1k,981
vrichfieldy,143
zgeockle1u,686
ndevillier38,977
rblancowe3,341
nadamovitchb,719
iborland5n,222
acrayden44,517
klutmanp,913
ibrabonf,518
vsmillieg,94
eadamides2d,777
grubenov4w,260
tsheringham5k,333
adipietro1h,329
abitterton53,555
deatock4e,895
wtassell5q,969
mescot19,352
rjoan59,276
lnoble46,837
mcrispe1v,482
smcbay4m,495
bbeminster5a,39
ohadlow28,59
afeehely1o,280
drogister2w,275
phockey4y,952
cetheringtonj,474
kwhyard1g,539
mketteman1b,388
mjolly2i,357
amicco42,881
qbasill2f,206
mjorioz2j,722
twhitechurch2h,505
ebatterson10,905
alequesne4q,815
atassaker4j,904
vrichfieldy,634
mkeir5i,348
dstoyell5h,8
sbrandham2a,633
csillars54,338
sseefeldt47,450
bflury1j,719
dlautie1y,85
ndevillier38,857
mraggv,194
vsmillieg,858
bbeminster5a,834
ehorbath3k,807
dfoxleyc,353
afihelly2l,288
kfideler30,618
ddelacey27,577
erosbotham1m,266
fstachini3j,122
csillars54,464
eadamides2d,619
carundel3g,387
phockey4y,46
mvarah1w,783
dstoyell5h,391
mkeir5i,388
mtenniswood12,45
cwattingham4x,102
jridgeway25,574
sseefeldt47,757
gnode1a,195
mfulcher1s,85
afihelly2l,322
stesto3n,85
bruddlesden5o,731
adipietro1h,162
cschinetti4s,845
sscamal2m,204
twhitechurch2h,981
dczyz3a,85
jridgeway25,88
remes3h,843
maujean2e,447
sscamal2m,434
dlautie1y,49
rsparrow1n,268
nswinfon43,54
bprendiville1r,982
uleatherland5j,156
kedel4k,749
kfeld58,636
eaitken1k,798
glantoph3w,13
dbraunstein5m,781
neakin1q,17
ibeebis31,962
dlautie1y,276
mhunnaball1f,484
mraggv,588
eswane3i,614
vissacov3u,97
mcrispe1v,615
bfarbrotherq,801
rdowers48,639
stesto3n,982
dfoxleyc,472
ekimmitt5c,164
qbasill2f,835
mmuck57,544
sfulton4i,943
qbasill2f,233
nadamovitchb,818
rjoan59,101
bjurewicz4a,719
kdegliabbati5f,598
dyuryev3c,357
jridgeway25,569
adipietro1h,556
afeehely1o,491
cetheringtonj,6
mjorioz2j,777
cwattingham4x,397
isamweyes56,258
jridgeway25,974
tramsbottom5b,586
jpenmanu,853
mfurminger2o,916
bswiffan3x,711
remes3h,102
kfeld58,75
afeehely1o,265
pgilhouley3m,266
gkaesmans9,867
cmacgilpatrick3t,550
jkey4h,90
scabotto3f,506
scroci35,252
tsheringham5k,47
nfarman1e,830
bandreazzi3s,119
dponder4f,620
mmcilroy5p,362
sbergeon2n,769
fstachini3j,484
smcbay4m,146
eswane3i,164
epeddie5,220
deatock4e,399
vsmillieg,343
jguyonnet2u,569
lclaffey3p,571
mkynnd2q,800
scabotto3f,251
kmainwaringm,916
eaitken1k,882
jivanichev4v,170
acheverton0,814
zkrienke6,127
bmaclaine3y,789
bturgoose18,751
nadamovitchb,956
kbramham37,258
pbachellier2x,293
krodman3l,887
rgartrell1z,452
jsummerly2c,644
ehugill55,346
pbauded,191
rluebbert21,98
rrosin,704
mfulcher1s,119
auppett11,390
cgoforth17,278
sofielly2g,207
jivanichev4v,762
dlegricek,784
tpendergrasto,954
vrichfieldy,490
cwhysall34,309
epeddie5,955
nfarman1e,146
ddelacey27,956
vsmillieg,743
cgoforth17,94
kauldsz,42
tpendergrasto,236
mfulcher1s,843
dmitchleyh,129
svonderdellt,94
mranscomb4,314
wprangley7,753
eswane3i,327
shargie1i,72
cwhysall34,679
tsheringham5k,579
ekimmitt5c,429
rrosin,487
gtorald24,835
klutmanp,454
alequesne4q,438
kfeld58,312
uleatherland5j,628
nderrick1p,937
vconstantinou5r,169
astelfoxx,738
nswinfon43,408
bfarbrotherq,569
bfarbrotherq,338
mjolly2i,288
maujean2e,69
tmessenger3q,190
vsmillieg,10
stesto3n,422
epeddie5,187
stesto3n,209
afeehely1o,851
chaddleston1,760
jeastwood3v,803
zgeockle1u,846
sbartosch2k,642
zgeockle1u,247
ehugill55,289
cpinck2s,50
bfarbrotherq,783
msings4r,778
chaddleston1,29
jsirmon4z,411
bpolak2b,931
ohadlow28,405
mkynnd2q,955
nfarman1e,38
rluebbert21,358
adipietro1h,876
cpilley33,673
dlautie1y,407
dmitchleyh,753
dlegricek,662
glantoph3w,541
wprangley7,603
rluebbert21,839
gnode1a,386
tsheringham5k,855
ccriple4t,587
dyuryev3c,551
deatock4e,309
atassaker4j,736
tscreach32,482
vsmillieg,882
gkaesmans9,575
mranscomb4,697
cetheringtonj,535
kfideler30,310
dyuryev3c,308
kwhyard1g,255
epeddie5,973
lclaffey3p,172
lstollmeyer49,739
ksemon3r,686
bfarbrotherq,76
molooney2p,825
nfarman1e,561
dlegricek,734
hmccague4p,777
jsirmon4z,655
bflury1j,574
rluebbert21,276
tramsbottom5b,66
jpenmanu,165
dlegricek,219
dstoyell5h,96
jgianasi2t,62
vissacov3u,552
econibear2,169
hwindress26,768
msings4r,955
nabethell22,476
mfulcher1s,165
ddelacey27,720
oprofitl,171
vconstantinou5r,645
fstephens50,36
ndevillier38,114
eaitken1k,902
bpolak2b,657
nswinfon43,875
sfulton4i,444
atassaker4j,669
sbergeon2n,412
iborland5n,718
ebatterson10,597
lstollmeyer49,133
dmitchleyh,943
adipietro1h,638
wprangley7,146
smcbay4m,336
oprofitl,354
krodman3l,70
eaitken1k,36
adipietro1h,999
grubenov4w,713
scroci35,256
krenackownaw,670
sseefeldt47,622
rblancowe3,912
cschinetti4s,679
kmcardle4g,427
jridgeway25,345
rgartrell1z,751
kfeld58,822
acrayden44,660
ddelacey27,325
drogister2w,548
aalekhov40,182
jgianasi2t,186
jivanichev4v,671
ehugill55,873
tramsbottom5b,693
dyuryev3c,124
ibeebis31,111
kedel4k,621
bflury1j,437
mjorioz2j,433
bfarbrotherq,64
bpolak2b,10
smcbay4m,616
ndevillier38,823
dspick3b,19
iborland5n,184
dponder4f,460
econibear2,73
ibeebis31,354
dlautie1y,489
fstephens50,124
vconstantinou5r,847
mvarah1w,628
kwhyard1g,486
pbachellier2x,521
sbartosch2k,687
mjolly2i,91
pwarnese,452
rluebbert21,633
eswane3i,295
drogister2w,960
econibear2,88
afeehely1o,268
bbaxstair1d,342
ehugill55,85
jsirmon4z,243
pgilhouley3m,810
eadamides2d,106
jeastwood3v,676
twhitechurch2h,883
erosbotham1m,885
epeddie5,69
sfulton4i,83
maujean2e,803
gnode1a,320
astelfoxx,839
tpython36,299
ccriple4t,519
astelfoxx,537
gnode1a,114
hfreemantle2y,485
drogister2w,493
aalekhov40,812
rblancowe3,43
kfideler30,182
tollie52,4
nswinfon43,584
qbasill2f,410
vissacov3u,184
aalekhov40,967
gkreutzer5l,239
tscreach32,106
deatock4e,14
rgartrell1z,57
hwindress26,226
grubenov4w,993
gtorald24,170
glantoph3w,145
cwattingham4x,260
vtremathack2z,647
twhitechurch2h,904
mmcilroy5p,438
cwattingham4x,65
jpenmanu,254
ddelacey27,307
uleatherland5j,287
sbrandham2a,682
vissacov3u,434
astelfoxx,967
gheeks45,462
mraggv,893
krenackownaw,801
gheeks45,749
neakin1q,687
tpython36,111
kdancey5g,819
dponder4f,738
hschoroder2v,77
jgianasi2t,242
bandreazzi3s,321
rblancowe3,9
mmuck57,470
nabethell22,885
fstachini3j,547
remes3h,3
ahurnr,990
mraggv,194
plambourne1x,698
hmyricka,437
bbeminster5a,369
erosbotham1m,508
rblancowe3,509
qbasill2f,974
mtenniswood12,282
vconstantinou5r,896
ctrump3o,825
nadamovitchb,128
bflury1j,657
eaitken1k,460
iswetmorei,782
ahurnr,295
ctrump3o,66
ksemon3r,574
dbraunstein5m,842
jsackes3z,404
kdancey5g,636
nadamovitchb,225
kdancey5g,230
jridgeway25,678
tscreach32,178
jeastwood3v,381
ggentric4b,171
kauldsz,468
sofielly2g,914
erosbotham1m,406
nswinfon43,214
rdowers48,567
scabotto3f,255
ohadlow28,115
mmuck57,180
bmaclaine3y,606
nderrick1p,158
jivanichev4v,365
twhitechurch2h,429
cheskey1t,529
rjoan59,365
awilbors,22
dbraunstein5m,268
tmessenger3q,461
vtremathack2z,326
mkynnd2q,619
gnode1a,646
bjurewicz4a,135
shargie1i,184
nfarman1e,890
rdowers48,755
hfreemantle2y,569
skopje1c,358
cheskey1t,579
ebatterson10,188
molooney2p,518
carundel3g,899
dbraunstein5m,428
hcasine8,217
ohadlow28,988
kfeld58,964
mmcilroy5p,768
bbaxstair1d,311
mkynnd2q,200
jridgeway25,124
cpinck2s,568
rjoan59,147
jolooney2r,41
bprendiville1r,765
flepick15,697
plambourne1x,574
rrosin,929
epeddie5,244
pwarnese,15
fstachini3j,685
fstachini3j,983
dlegricek,621
sseefeldt47,967
sofielly2g,380
tfeehan4n,963
plambourne1x,101
mhabeshaw29,237
mescot19,490
vissacov3u,224
jbugden41,15
adipietro1h,808
tsheringham5k,954
ckobiera1l,354
ctrump3o,383
tsheringham5k,456
vissacov3u,675
mranscomb4,401
hfreemantle2y,144
alequesne4q,193
dkinzett4o,184
mfulcher1s,699
hschoroder2v,348
mraggv,709
eswane3i,648
sbartosch2k,397
lnoble46,654
skopje1c,131
hwindress26,116
tscreach32,660
mfaires4u,267
drogister2w,972
dspick3b,582
ohadlow28,923
grubenov4w,576
wtassell5q,825
fstachini3j,717
mfurminger2o,833
ekimmitt5c,918
kfeld58,671
cpilley33,740
kbramham37,468
bbahike23,140
kdancey5g,79
hschoroder2v,156
vrichfieldy,839
gkaesmans9,486
alequesne4q,734
kmcardle4g,188
ckobiera1l,222
mvarah1w,206
auppett11,638
vissacov3u,304
mescot19,937
vsmillieg,377
sscamal2m,656
jsackes3z,235
alequesne4q,801
bswiffan3x,87
wtassell5q,997
wprangley7,154
kdancey5g,993
mtenniswood12,394
ctrump3o,218
afihelly2l,110
jgianasi2t,496
econibear2,244
sofielly2g,98
svonderdellt,321
remes3h,931
bpolak2b,981
mjolly2i,139
aenright20,430
cpinck2s,623
jbugden41,473
jguyonnet2u,402
sscamal2m,829
cheskey1t,947
tpendergrasto,121
hravenshaw4d,26
mraggv,21
hfreemantle2y,47
eswane3i,702
ctrump3o,465
kedel4k,961
isamweyes56,294
ibrabonf,357
bpolak2b,213
alequesne4q,375
dbraunstein5m,837
bswiffan3x,653
econibear2,485
tramsbottom5b,989
rrosin,361
jolooney2r,951
vsmillieg,99
sbartosch2k,890
afihelly2l,993
gtorald24,75
kauldsz,83
bbaxstair1d,36
mmcilroy5p,358
mraggv,639
mmcilroy5p,797
vissacov3u,778
phockey4y,143
adipietro1h,554
krenackownaw,632
nabethell22,314
bruddlesden5o,341
lstollmeyer49,710
kfideler30,42
mfaires4u,704
klutmanp,804
wtassell5q,886
mraggv,326
ndevillier38,967
aedmondson4l,114
jpenmanu,286
tscreach32,571
eaitken1k,304
nadamovitchb,781
cmacgilpatrick3t,497
rdowers48,145
hcasine8,621
mtenniswood12,959
kauldsz,113
jsummerly2c,569
remes3h,778
acrayden44,45
jpenmanu,255
mescot19,761
vsmillieg,639
cpinck2s,305
econibear2,515
kmainwaringm,603
iborland5n,290
ehugill55,206
kauldsz,901
pbauded,616
rgartrell1z,56
mhunnaball1f,728
cetheringtonj,652
bbeminster5a,321
jbugden41,363
ehugill55,568
pbachellier2x,18
jridgeway25,972
ahurnr,829
dlautie1y,400
dstoyell5h,658
gkreutzer5l,320
tpendergrasto,172
bjurewicz4a,729
jsirmon4z,510
qbasill2f,18
nderrick1p,410
lpreshous39,996
drogister2w,810
nfarman1e,51
jbugden41,730
ctrump3o,461
ibeebis31,495
rgartrell1z,859
kbramham37,932
pbachellier2x,390
afihelly2l,350
uleatherland5j,72
cpinck2s,985
cpinck2s,841
vsmillieg,933
sfulton4i,80
cschinetti4s,143
oprofitl,981
carundel3g,480
fstephens50,750
cetheringtonj,902
phockey4y,915
bmaclaine3y,593
sofielly2g,455
rluebbert21,889
acheverton0,568
rsparrow1n,246
ebatterson10,433
ggentric4b,471
sbartosch2k,370
tramsbottom5b,86
isamweyes56,952
mfaires4u,8
pwarnese,360
mtenniswood12,262
dbraunstein5m,961
bbaxstair1d,932
eswane3i,360
uleatherland5j,424
adipietro1h,349
jpenmanu,85
mescot19,365
bmaclaine3y,939
pbachellier2x,2
bbahike23,441
rdefries3d,872
dlegricek,421
kdancey5g,810
cmacgilpatrick3t,547
scroci35,824
rgartrell1z,821
kfideler30,459
rgartrell1z,96
afeehely1o,187
asnasdell3e,299
dyuryev3c,497
lpreshous39,62
afeehely1o,384
stesto3n,881
eadamides2d,712
bpolak2b,184
zkrienke6,725
rblancowe3,910
ehorbath3k,188
scabotto3f,759
kmainwaringm,235
alequesne4q,926
econibear2,619
mjorioz2j,645
mvarah1w,624
sseefeldt47,191
tpython36,826
hmccague4p,344
ibeebis31,360
cmacgilpatrick3t,616
mranscomb4,951
kwhyard1g,134
vissacov3u,295
carundel3g,894
rrosin,552
ehugill55,338
astelfoxx,88
rblancowe3,581
kfideler30,268
ohadlow28,910
awilbors,651
mtenniswood12,809
deatock4e,330
gheeks45,186
ohadlow28,456
dmitchleyh,492
kdegliabbati5f,454
wtassell5q,538
jpenmanu,966
cmacgilpatrick3t,171
ibeebis31,769
afihelly2l,237
hfreemantle2y,194
nswinfon43,724
nswinfon43,137
vrichfieldy,324
ckobiera1l,764
sbrandham2a,868
cwattingham4x,475
hmyricka,372
lnoble46,408
tpython36,494
gkaesmans9,757
ahurnr,598
dfoxleyc,806
mraggv,864
flepick15,569
isamweyes56,261
bruddlesden5o,706
carundel3g,747
bmaclaine3y,459
cpilley33,790
molooney2p,284
gnode1a,955
remes3h,10
gtorald24,205
ckobiera1l,118
mfurminger2o,738
drogister2w,942
jpenmanu,211
zkrienke6,799
vtremathack2z,378
dlautie1y,695
jolooney2r,575
cpackington4c,633
mmuck57,574
lbeany16,711
lstollmeyer49,223
glantoph3w,714
zgeockle1u,990
remes3h,948
eswane3i,999
mjorioz2j,211
dmitchleyh,617
vsmillieg,929
eaitken1k,92
oprofitl,935
vrichfieldy,324
bjurewicz4a,680
dponder4f,793
sbergeon2n,253
mmcilroy5p,689
msings4r,881
dmitchleyh,772
rjoan59,1
vconstantinou5r,337
ddelacey27,316
mraggv,946
vissacov3u,473
twhitechurch2h,357
jsirmon4z,778
bfarbrotherq,60
glantoph3w,858
bturgoose18,65
amicco42,706
kauldsz,280
bswiffan3x,378
tpendergrasto,531
deatock4e,937
tramsbottom5b,298
dponder4f,619
ohadlow28,559
mcrispe1v,234
mkynnd2q,563
mmuck57,725
hravenshaw4d,996
vtremathack2z,153
jsackes3z,199
rblancowe3,788
glantoph3w,882
dponder4f,277
rdowers48,501
rblancowe3,85
afihelly2l,361
jkey4h,271
jridgeway25,301
lpreshous39,359
rluebbert21,283
qbasill2f,382
nswinfon43,151
isamweyes56,454
bturgoose18,437
mjolly2i,480
uleatherland5j,225
ddelacey27,899
lnoble46,91
jbugden41,367
wtassell5q,342
mfurminger2o,939
drogister2w,149
tramsbottom5b,293
shargie1i,651
tfeehan4n,359
cgoforth17,309
bbaxstair1d,554
rjoan59,667
lclaffey3p,447
bbaxstair1d,866
lstollmeyer49,27
epeddie5,616
dlegricek,785
svonderdellt,946
dlegricek,579
dyuryev3c,50
phockey4y,177
rgartrell1z,382
lpreshous39,336
mkynnd2q,97
mcrispe1v,974
shargie1i,704
jpenmanu,599
asnasdell3e,930
mmcilroy5p,277
ccriple4t,864
nswinfon43,323
cgoforth17,812
rblancowe3,925
dczyz3a,355
tmessenger3q,120
jbugden41,192
cschinetti4s,540
jridgeway25,836
cwhysall34,352
tpendergrasto,591
nabethell22,877
astelfoxx,79
phockey4y,646
sbrandham2a,728
gkreutzer5l,596
bflury1j,3
auppett11,169
jeastwood3v,85
ctrump3o,85
rblancowe3,795
lstollmeyer49,577
eswane3i,322
mranscomb4,148
pbauded,582
bbeminster5a,564
tsheringham5k,83
stesto3n,123
sfulton4i,763
stesto3n,345
neakin1q,312
scroci35,939
bbaxstair1d,573
gnode1a,57
mranscomb4,538
molooney2p,415
lnoble46,906
carundel3g,970
vsmillieg,192
vtremathack2z,352
hcasine8,859
carundel3g,787
jgianasi2t,756
jeastwood3v,278
jridgeway25,494
rjoan59,221
jguyonnet2u,613
kbramham37,368
smaleck5d,519
eaitken1k,681
shargie1i,293
mketteman1b,887
wtassell5q,803
wtassell5q,367
cpilley33,848
ksemon3r,667
dstoyell5h,977
fstachini3j,716
ctrump3o,228
lnoble46,817
iborland5n,352
mketteman1b,232
grubenov4w,213
mkeir5i,671
mketteman1b,309
kdancey5g,185
ekimmitt5c,801
fstephens50,901
nfarman1e,937
dbraunstein5m,77
atassaker4j,161
bswiffan3x,782
tpython36,708
eadamides2d,574
plambourne1x,216
twhitechurch2h,808
lnoble46,817
smaleck5d,943
cpilley33,955
jgianasi2t,833
tfeehan4n,769
lnoble46,163
acrayden44,649
wprangley7,602
tscreach32,679
maujean2e,999
mescot19,856
tfeehan4n,956
flepick15,718
bandreazzi3s,738
ctrump3o,888
djendrys13,250
mfulcher1s,203
tscreach32,203
kwhyard1g,963
tmessenger3q,775
erosbotham1m,202
isamweyes56,953
mcrispe1v,41
uleatherland5j,594
nderrick1p,587
chaddleston1,889
ibrabonf,366
scabotto3f,412
neakin1q,96
tsheringham5k,391
epeddie5,942
dlegricek,10
kdegliabbati5f,607
hfreemantle2y,22
hmyricka,709
bjurewicz4a,139
afihelly2l,384
cheskey1t,879
rjoan59,281
tsheringham5k,199
auppett11,132
csillars54,553
bfarbrotherq,356
dspick3b,950
tscreach32,126
rrosin,313
epeddie5,671
rgartrell1z,125
