abitterton53,59
cwhysall34,53
jpenmanu,49
bmaclaine3y,12
bjurewicz4a,51
hmccague4p,60
jgianasi2t,64
ekimmitt5c,32
dlautie1y,42
kedel4k,14
auppett11,45
phockey4y,33
rrosin,59
cgoforth17,26
msings4r,45
tfeehan4n,38
fstephens50,64
mhabeshaw29,60
sscamal2m,50
ebatterson10,33
mfulcher1s,22
vtremathack2z,59
tollie52,14
vsmillieg,9
bfarbrotherq,46
ebatterson10,35
cetheringtonj,51
gtorald24,15
pwarnese,44
krodman3l,10
mhunnaball1f,26
vissacov3u,13
bjurewicz4a,66
glantoph3w,25
mfulcher1s,5
dczyz3a,26
cetheringtonj,44
rblancowe3,39
ckobiera1l,40
nadamovitchb,53
cpinck2s,68
iswetmorei,70
lpreshous39,11
cheskey1t,48
pwarnese,9
ckobiera1l,35
dponder4f,17
nswinfon43,8
rluebbert21,65
vtremathack2z,26
djendrys13,42
tsheringham5k,32
shargie1i,48
dlegricek,60
smcbay4m,9
jeastwood3v,55
kfeld58,52
alequesne4q,34
jgianasi2t,10
ksemon3r,8
aenright20,4
bprendiville1r,31
vrichfieldy,10
bbaxstair1d,57
cgoforth17,17
mcrispe1v,50
mcrispe1v,29
ibrabonf,7
mjorioz2j,53
grubenov4w,18
afihelly2l,67
afihelly2l,46
cwhysall34,42
afeehely1o,10
acrayden44,45
kdancey5g,16
dspick3b,42
afeehely1o,21
msings4r,24
sbergeon2n,64
djendrys13,34
kedel4k,38
tpython36,54
bflury1j,3
aalekhov40,47
tramsbottom5b,62
eaitken1k,54
sbrandham2a,60
ibrabonf,56
astelfoxx,40
hcasine8,46
sseefeldt47,20
awilbors,30
astelfoxx,34
dczyz3a,17
stesto3n,28
erosbotham1m,58
grubenov4w,40
ndevillier38,61
rluebbert21,11
jsackes3z,51
acrayden44,29
mescot19,52
klutmanp,10
rlebarr51,32
hschoroder2v,34
vconstantinou5r,38
mjolly2i,14
auppett11,65
msings4r,45
jsackes3z,42
lstollmeyer49,14
maujean2e,59
krodman3l,29
jivanichev4v,70
ndevillier38,61
eswane3i,45
jsummerly2c,34
dlegricek,53
cpilley33,68
pbachellier2x,25
svonderdellt,8
rdowers48,22
vtremathack2z,66
vtremathack2z,55
eswane3i,32
msings4r,71
vconstantinou5r,17
dlegricek,40
grubenov4w,5
hravenshaw4d,20
sbartosch2k,48
abitterton53,46
bfarbrotherq,22
tscreach32,29
vtremathack2z,14
mmuck57,70
pgilhouley3m,54
mraggv,50
tmessenger3q,33
ibrabonf,45
mjolly2i,41
mraggv,33
lbeany16,36
econibear2,62
mvarah1w,16
jkey4h,1
uleatherland5j,70
zgeockle1u,24
vsmillieg,62
bbaxstair1d,9
mfurminger2o,57
alequesne4q,20
sseefeldt47,26
acrayden44,42
hmccague4p,53
ndevillier38,34
bprendiville1r,23
bjurewicz4a,59
iborland5n,64
bbaxstair1d,25
twhitechurch2h,32
deatock4e,12
cschinetti4s,32
uleatherland5j,14
nswinfon43,68
wprangley7,25
vconstantinou5r,63
acheverton0,22
rdefries3d,61
mfaires4u,16
lclaffey3p,49
eaitken1k,2
tramsbottom5b,16
tmessenger3q,6
sscamal2m,16
dmitchleyh,29
chaddleston1,31
tmessenger3q,57
jivanichev4v,23
erosbotham1m,18
jeastwood3v,26
cheskey1t,70
rrosin,54
dmitchleyh,57
ndevillier38,62
ksemon3r,52
msings4r,25
plambourne1x,37
mfaires4u,14
asnasdell3e,10
bturgoose18,46
svonderdellt,49
gnode1a,8
ekimmitt5c,8
pgilhouley3m,43
abitterton53,42
ksemon3r,37
sbergeon2n,55
adipietro1h,25
cwattingham4x,49
kfeld58,4
fstephens50,12
bfarbrotherq,32
drogister2w,38
dfoxleyc,36
ckobiera1l,10
cmacgilpatrick3t,9
csillars54,50
bandreazzi3s,7
jsackes3z,12
ekimmitt5c,65
neakin1q,9
bswiffan3x,49
mjorioz2j,19
tollie52,25
jridgeway25,18
mfurminger2o,41
jsackes3z,42
acheverton0,34
bturgoose18,39
shargie1i,48
oprofitl,21
kdancey5g,63
asnasdell3e,59
cschinetti4s,8
dlautie1y,59
dlautie1y,45
astelfoxx,58
rblancowe3,14
bflury1j,27
nabethell22,24
ibeebis31,62
djendrys13,30
dspick3b,30
dkinzett4o,39
tpython36,51
ibrabonf,47
mtenniswood12,67
kauldsz,58
alequesne4q,31
amicco42,26
ddelacey27,19
hmccague4p,61
skopje1c,71
iswetmorei,59
ctrump3o,16
zkrienke6,11
jkey4h,4
lclaffey3p,6
klutmanp,12
pgilhouley3m,5
rdowers48,45
eaitken1k,24
kbramham37,54
phockey4y,54
remes3h,20
rblancowe3,64
sbrandham2a,27
dlegricek,21
mhabeshaw29,24
mtenniswood12,71
dlegricek,52
sbartosch2k,5
mjolly2i,5
smcbay4m,27
bbaxstair1d,25
pbachellier2x,2
dspick3b,67
nfarman1e,71
jkey4h,8
cheskey1t,23
cpilley33,16
nadamovitchb,70
mjorioz2j,60
svonderdellt,15
ccorpe14,2
kwhyard1g,44
bbeminster5a,40
vissacov3u,17
bruddlesden5o,36
bbahike23,30
djendrys13,66
ibeebis31,43
cgoforth17,34
glantoph3w,63
jolooney2r,49
carundel3g,66
bjurewicz4a,30
gnode1a,57
acheverton0,24
kmainwaringm,6
lstollmeyer49,10
dstoyell5h,41
flepick15,6
erosbotham1m,2
sbartosch2k,20
vrichfieldy,37
dponder4f,18
rblancowe3,66
rlebarr51,27
hmyricka,15
ohadlow28,55
afihelly2l,22
vconstantinou5r,15
oprofitl,32
econibear2,71
sbrandham2a,42
afihelly2l,29
grubenov4w,3
gkaesmans9,32
dlautie1y,37
mescot19,70
jkey4h,16
sfulton4i,53
abitterton53,11
wtassell5q,23
wtassell5q,25
cwhysall34,60
molooney2p,52
bruddlesden5o,45
cgoforth17,37
jguyonnet2u,61
smcbay4m,16
nabethell22,3
sbartosch2k,34
mescot19,37
lbeany16,67
ehorbath3k,41
vissacov3u,68
carundel3g,40
glantoph3w,20
mmuck57,21
krenackownaw,3
tollie52,11
iborland5n,20
pbauded,69
bswiffan3x,38
ctrump3o,56
mfurminger2o,60
hschoroder2v,41
wprangley7,56
remes3h,34
zgeockle1u,60
awilbors,39
epeddie5,56
mhabeshaw29,60
alequesne4q,14
cetheringtonj,15
tollie52,62
svonderdellt,31
mjorioz2j,3
pwarnese,64
dfoxleyc,36
tpython36,19
fstephens50,29
mfurminger2o,53
adipietro1h,10
gnode1a,21
scroci35,60
abitterton53,13
ccriple4t,8
bpolak2b,35
kdegliabbati5f,31
rblancowe3,59
drogister2w,69
aenright20,17
scabotto3f,51
mhunnaball1f,55
qbasill2f,67
fstachini3j,55
neakin1q,64
tsheringham5k,67
bfarbrotherq,8
shargie1i,26
pwarnese,44
remes3h,27
tscreach32,65
zgeockle1u,40
rlebarr51,68
jbugden41,49
tfeehan4n,3
pgilhouley3m,65
sfulton4i,15
ahurnr,2
hmyricka,10
eadamides2d,57
jbugden41,6
mketteman1b,70
pgilhouley3m,48
mtenniswood12,54
jsackes3z,23
rlebarr51,63
lpreshous39,24
rrosin,35
bbaxstair1d,66
adipietro1h,1
acrayden44,34
gkreutzer5l,14
kdegliabbati5f,17
csillars54,31
mkeir5i,70
marmatidge5e,28
cpilley33,32
jpenmanu,66
mmcilroy5p,71
dbraunstein5m,16
msings4r,11
mkeir5i,45
nderrick1p,29
hschoroder2v,21
dczyz3a,70
ksemon3r,68
jridgeway25,36
isamweyes56,32
epeddie5,40
bbaxstair1d,31
hravenshaw4d,58
fstachini3j,49
mcrispe1v,17
klutmanp,69
nfarman1e,60
hwindress26,1
wprangley7,4
remes3h,43
econibear2,14
pbauded,43
kdegliabbati5f,29
marmatidge5e,5
vrichfieldy,41
lnoble46,30
vconstantinou5r,59
kfideler30,44
ibeebis31,40
krodman3l,37
glantoph3w,63
sseefeldt47,4
abitterton53,68
mescot19,3
adipietro1h,47
dfoxleyc,26
bmaclaine3y,23
gtorald24,4
mmcilroy5p,65
kmainwaringm,18
ebatterson10,64
hwindress26,52
ibeebis31,54
hwindress26,48
rgartrell1z,46
lclaffey3p,57
ekimmitt5c,59
mketteman1b,51
hfreemantle2y,63
glantoph3w,47
rrosin,7
cwhysall34,58
dkinzett4o,22
kfeld58,18
cetheringtonj,20
ccorpe14,50
hmyricka,71
scroci35,20
kdancey5g,2
cmacgilpatrick3t,64
mmcilroy5p,65
dyuryev3c,7
sbrandham2a,63
bswiffan3x,25
kmainwaringm,3
mmcilroy5p,64
cwattingham4x,16
nfarman1e,44
svonderdellt,54
mkeir5i,25
rjoan59,3
dmitchleyh,22
mketteman1b,54
mkynnd2q,13
sbergeon2n,20
ehugill55,1
rjoan59,57
bflury1j,7
mjolly2i,49
ccorpe14,51
rjoan59,29
asnasdell3e,27
molooney2p,7
mranscomb4,21
lbeany16,56
tscreach32,57
zkrienke6,53
mkynnd2q,17
smcbay4m,45
ccriple4t,49
gnode1a,54
tfeehan4n,36
mmcilroy5p,60
aedmondson4l,39
qbasill2f,20
kfideler30,46
kbramham37,13
mketteman1b,35
rgartrell1z,13
cwhysall34,45
maujean2e,20
kfideler30,68
gnode1a,14
awilbors,23
dyuryev3c,21
bbeminster5a,44
cetheringtonj,70
shargie1i,59
uleatherland5j,6
auppett11,26
vconstantinou5r,27
dmitchleyh,22
jeastwood3v,32
fstachini3j,31
amicco42,6
smcbay4m,17
deatock4e,7
hfreemantle2y,15
mvarah1w,9
awilbors,65
lstollmeyer49,17
bjurewicz4a,7
nfarman1e,29
mfurminger2o,6
kfeld58,31
djendrys13,13
mfurminger2o,34
ndevillier38,6
