lstollmeyer49,129,1
alequesne4q,213,2
bbaxstair1d,235,2
rrosin,333,1
asnasdell3e,406,2
cschinetti4s,119,1
mescot19,307,2
gnode1a,132,2
neakin1q,293,2
wprangley7,413,1
dyuryev3c,409,2
astelfoxx,154,2
hwindress26,222,1
kmainwaringm,216,1
kbramham37,282,2
afihelly2l,55,1
kdegliabbati5f,150,2
jsackes3z,229,1
msings4r,340,2
svonderdellt,232,2
bjurewicz4a,333,1
gkreutzer5l,127,1
rlebarr51,286,1
kdancey5g,143,1
bbaxstair1d,173,1
kfideler30,21,2
mmcilroy5p,27,2
vsmillieg,341,1
asnasdell3e,34,2
sbergeon2n,273,2
mraggv,60,2
rluebbert21,14,2
dponder4f,7,1
ccriple4t,359,2
epeddie5,42,2
kfeld58,2,2
dlegricek,151,1
cmacgilpatrick3t,70,1
mketteman1b,142,2
sfulton4i,320,1
ksemon3r,221,2
sscamal2m,217,2
lbeany16,58,1
iborland5n,287,2
iswetmorei,201,2
cwhysall34,145,2
fstachini3j,332,2
sseefeldt47,321,1
fstephens50,400,1
mfulcher1s,37,1
cgoforth17,306,2
mketteman1b,104,1
remes3h,252,1
vtremathack2z,429,1
hravenshaw4d,130,2
mtenniswood12,28,1
adipietro1h,428,2
hmyricka,269,2
hschoroder2v,260,2
bbaxstair1d,248,1
jpenmanu,137,1
bbeminster5a,137,2
kdegliabbati5f,278,1
econibear2,94,2
afihelly2l,430,1
bbaxstair1d,101,2
abitterton53,270,2
cwhysall34,141,1
cpilley33,406,2
hravenshaw4d,261,1
tollie52,14,2
ccorpe14,96,1
ibrabonf,390,2
mhabeshaw29,69,1
cgoforth17,307,1
remes3h,148,1
mjolly2i,240,2
ctrump3o,134,2
mhabeshaw29,365,2
rblancowe3,58,1
jolooney2r,278,2
eadamides2d,335,2
tfeehan4n,133,1
tpython36,128,2
jsackes3z,167,2
bbeminster5a,123,2
mcrispe1v,232,1
afihelly2l,263,1
nabethell22,119,1
rdowers48,256,1
bflury1j,140,1
lpreshous39,120,2
bturgoose18,208,2
krodman3l,83,2
shargie1i,215,1
bfarbrotherq,95,2
grubenov4w,75,1
svonderdellt,34,1
abitterton53,298,1
dbraunstein5m,45,2
cetheringtonj,16,1
sseefeldt47,365,1
dczyz3a,33,1
hcasine8,96,2
alequesne4q,135,2
deatock4e,422,1
mescot19,215,1
rdefries3d,260,2
vsmillieg,168,1
bmaclaine3y,87,1
abitterton53,403,2
hwindress26,220,1
iswetmorei,155,2
bflury1j,253,1
mranscomb4,100,1
jguyonnet2u,241,2
bmaclaine3y,303,1
mcrispe1v,405,1
nderrick1p,162,1
adipietro1h,69,2
klutmanp,432,1
cmacgilpatrick3t,219,2
dkinzett4o,8,1
erosbotham1m,302,2
zkrienke6,436,1
zgeockle1u,17,2
mmuck57,421,1
isamweyes56,40,1
afeehely1o,52,2
jbugden41,52,1
ehugill55,237,2
adipietro1h,434,1
msings4r,94,1
wprangley7,81,2
hmccague4p,170,2
ohadlow28,340,1
gnode1a,376,1
mfurminger2o,175,1
shargie1i,53,2
scroci35,104,1
marmatidge5e,235,1
dfoxleyc,313,1
rlebarr51,395,2
sbartosch2k,188,2
grubenov4w,311,1
dmitchleyh,411,2
ebatterson10,13,1
nswinfon43,219,2
tsheringham5k,219,1
aedmondson4l,111,1
vconstantinou5r,374,1
vconstantinou5r,281,1
rjoan59,415,1
sscamal2m,9,2
abitterton53,319,1
hschoroder2v,103,2
kedel4k,343,1
rblancowe3,20,2
cwhysall34,17,2
vtremathack2z,434,2
lnoble46,15,2
sbrandham2a,176,1
msings4r,421,1
dlegricek,232,2
jsackes3z,367,1
pgilhouley3m,319,2
grubenov4w,69,2
vrichfieldy,69,1
ibrabonf,128,1
abitterton53,92,2
rblancowe3,103,2
bfarbrotherq,433,1
mjolly2i,288,2
mhunnaball1f,24,1
cwhysall34,101,2
bswiffan3x,125,1
sseefeldt47,254,1
rluebbert21,329,2
wtassell5q,350,1
awilbors,250,2
acheverton0,432,2
mjolly2i,281,2
mfurminger2o,272,1
nadamovitchb,163,2
jgianasi2t,244,2
dfoxleyc,188,2
awilbors,150,1
kdancey5g,104,2
mjolly2i,322,1
glantoph3w,145,1
kbramham37,349,1
jbugden41,71,1
maujean2e,283,1
dfoxleyc,105,2
ibeebis31,224,2
astelfoxx,382,1
tscreach32,117,1
dczyz3a,417,2
ibrabonf,431,1
bfarbrotherq,368,2
klutmanp,224,2
auppett11,184,2
cheskey1t,279,1
hfreemantle2y,73,1
jivanichev4v,235,2
cetheringtonj,114,1
drogister2w,45,2
zkrienke6,134,2
cgoforth17,380,1
kfeld58,109,2
ndevillier38,228,1
marmatidge5e,182,1
ksemon3r,292,1
hmyricka,408,1
msings4r,352,2
pwarnese,169,2
mkeir5i,68,1
jeastwood3v,255,2
mketteman1b,122,2
pgilhouley3m,355,2
ccriple4t,436,1
econibear2,117,2
ebatterson10,30,2
carundel3g,139,1
cetheringtonj,173,2
astelfoxx,345,1
ekimmitt5c,26,1
djendrys13,69,2
amicco42,233,2
bprendiville1r,422,1
gtorald24,102,2
dmitchleyh,93,1
eaitken1k,337,1
carundel3g,257,1
scroci35,13,1
rrosin,198,1
bturgoose18,393,1
pgilhouley3m,386,2
nfarman1e,405,1
bflury1j,261,2
sbrandham2a,133,2
bfarbrotherq,363,2
qbasill2f,63,2
pgilhouley3m,351,2
remes3h,297,2
tmessenger3q,133,2
mmcilroy5p,48,1
deatock4e,428,1
cwattingham4x,438,2
ccorpe14,369,2
zgeockle1u,99,2
bswiffan3x,299,2
mtenniswood12,196,2
rlebarr51,78,1
kfideler30,279,2
mfurminger2o,40,2
kwhyard1g,343,1
alequesne4q,131,1
rblancowe3,150,2
bswiffan3x,219,2
ekimmitt5c,363,2
jeastwood3v,231,2
alequesne4q,356,1
drogister2w,27,2
ksemon3r,103,2
gtorald24,328,1
cheskey1t,384,2
qbasill2f,157,1
kfideler30,278,1
acheverton0,15,1
glantoph3w,407,1
pwarnese,327,1
erosbotham1m,132,2
tfeehan4n,47,1
cpilley33,264,1
rgartrell1z,148,1
mketteman1b,16,2
zgeockle1u,284,1
cwhysall34,268,2
sbartosch2k,233,1
smcbay4m,316,1
shargie1i,433,2
auppett11,332,1
molooney2p,294,2
gkaesmans9,1,1
bpolak2b,154,2
tmessenger3q,418,1
vconstantinou5r,106,2
hfreemantle2y,157,2
vrichfieldy,73,2
dlegricek,34,2
nfarman1e,20,1
mfurminger2o,209,1
mjorioz2j,318,2
scabotto3f,210,1
dlautie1y,110,1
pbachellier2x,379,1
ekimmitt5c,258,1
dlautie1y,254,2
djendrys13,416,2
acrayden44,420,2
wprangley7,389,2
aalekhov40,138,1
nadamovitchb,220,2
jkey4h,387,1
sfulton4i,133,1
sbrandham2a,289,2
sbartosch2k,389,2
acheverton0,230,1
ddelacey27,15,1
cgoforth17,410,2
jpenmanu,48,2
bruddlesden5o,388,1
ndevillier38,102,2
gnode1a,126,1
glantoph3w,83,1
awilbors,174,2
bbaxstair1d,71,1
chaddleston1,22,1
dspick3b,254,1
tpython36,292,1
tramsbottom5b,29,2
rjoan59,144,1
dmitchleyh,237,1
smcbay4m,408,2
dczyz3a,160,1
ehorbath3k,122,1
mjorioz2j,403,1
mtenniswood12,418,2
bbaxstair1d,119,2
rgartrell1z,127,1
mkeir5i,173,1
sbrandham2a,157,2
smcbay4m,243,1
vtremathack2z,334,2
mkynnd2q,370,2
dmitchleyh,82,1
pbauded,27,1
eaitken1k,274,1
mfurminger2o,91,1
hwindress26,364,2
molooney2p,173,1
mhabeshaw29,133,2
uleatherland5j,199,2
svonderdellt,438,1
neakin1q,320,1
kedel4k,56,1
lbeany16,124,2
dspick3b,108,2
cpinck2s,406,2
flepick15,77,1
ibeebis31,178,1
mvarah1w,236,2
mhunnaball1f,119,2
svonderdellt,412,2
tscreach32,175,2
auppett11,302,2
glantoph3w,290,2
cwattingham4x,311,2
jsackes3z,132,1
djendrys13,320,1
mmcilroy5p,98,2
ibeebis31,370,1
jkey4h,127,1
nfarman1e,395,1
lpreshous39,163,2
bjurewicz4a,171,2
tsheringham5k,413,2
mmcilroy5p,101,1
kmainwaringm,225,1
ksemon3r,124,1
pbauded,410,1
fstachini3j,368,2
maujean2e,228,1
rrosin,286,2
bjurewicz4a,32,2
pwarnese,319,1
jeastwood3v,89,2
stesto3n,197,1
dlautie1y,406,2
mfurminger2o,55,2
mkynnd2q,193,2
plambourne1x,344,2
mescot19,158,2
gnode1a,407,2
bandreazzi3s,231,1
dspick3b,190,1
pbachellier2x,356,1
glantoph3w,215,1
mescot19,50,1
mfaires4u,67,1
krenackownaw,293,1
bbahike23,319,1
jsummerly2c,70,2
tfeehan4n,235,1
bjurewicz4a,335,1
ndevillier38,280,2
djendrys13,339,1
pwarnese,226,2
ckobiera1l,271,2
tramsbottom5b,90,1
iborland5n,143,1
kauldsz,311,1
hschoroder2v,149,2
lclaffey3p,244,1
vtremathack2z,408,2
phockey4y,437,2
dyuryev3c,358,1
jkey4h,285,1
cheskey1t,183,2
sbergeon2n,361,1
kfeld58,338,1
lstollmeyer49,123,2
mkeir5i,424,2
svonderdellt,258,2
krodman3l,275,2
vissacov3u,67,2
jsackes3z,379,2
lclaffey3p,312,2
nswinfon43,11,2
nfarman1e,33,2
eaitken1k,161,2
hmccague4p,262,1
rjoan59,82,1
twhitechurch2h,59,1
vconstantinou5r,216,2
acrayden44,313,2
msings4r,169,1
oprofitl,135,1
kdegliabbati5f,174,1
asnasdell3e,259,1
djendrys13,331,1
erosbotham1m,74,2
vconstantinou5r,377,1
mcrispe1v,123,2
tmessenger3q,189,1
ahurnr,412,1
klutmanp,175,1
msings4r,333,2
oprofitl,146,1
rdowers48,424,1
wtassell5q,4,2
mfaires4u,108,2
vconstantinou5r,79,1
smcbay4m,261,2
acrayden44,240,2
cpilley33,165,2
fstephens50,69,1
ctrump3o,81,2
ckobiera1l,322,2
mfulcher1s,415,2
pgilhouley3m,94,2
kdancey5g,294,1
lstollmeyer49,428,2
rlebarr51,277,2
uleatherland5j,265,1
mjorioz2j,183,1
hmccague4p,300,2
grubenov4w,342,2
gnode1a,234,2
eswane3i,377,1
vrichfieldy,142,1
epeddie5,310,1
abitterton53,196,1
cetheringtonj,45,2
smcbay4m,99,1
shargie1i,184,2
adipietro1h,46,1
tollie52,217,1
csillars54,370,2
mjorioz2j,117,1
ibrabonf,84,2
jkey4h,257,1
eswane3i,283,1
ndevillier38,384,2
dlautie1y,162,2
dkinzett4o,352,2
bjurewicz4a,319,2
vissacov3u,340,1
bprendiville1r,73,2
vissacov3u,105,2
rrosin,369,1
remes3h,29,1
cschinetti4s,311,1
phockey4y,137,1
tollie52,306,1
dstoyell5h,431,1
acrayden44,49,1
lclaffey3p,389,1
afeehely1o,401,1
awilbors,354,2
krodman3l,24,1
lbeany16,194,2
hmyricka,21,2
skopje1c,298,2
ccorpe14,322,2
ekimmitt5c,320,1
aenright20,4,2
mvarah1w,232,2
tpython36,392,1
ckobiera1l,146,2
ibeebis31,96,2
tscreach32,348,2
afihelly2l,425,2
jgianasi2t,28,1
csillars54,363,1
kfeld58,365,1
jivanichev4v,144,2
dlegricek,36,1
fstachini3j,182,1
fstephens50,15,1
uleatherland5j,337,1
sbartosch2k,98,1
dlegricek,243,1
kmainwaringm,210,2
econibear2,99,1
tollie52,143,2
cetheringtonj,23,1
rblancowe3,83,1
sbergeon2n,323,2
jridgeway25,64,2
nabethell22,209,1
dponder4f,257,2
jridgeway25,369,2
bruddlesden5o,352,1
ndevillier38,289,1
mmcilroy5p,60,2
ebatterson10,252,2
aenright20,436,2
amicco42,404,1
mraggv,144,2
vtremathack2z,315,1
mmuck57,80,1
scabotto3f,7,1
oprofitl,314,2
nderrick1p,86,1
mjolly2i,284,2
kmcardle4g,376,2
drogister2w,391,2
csillars54,325,1
hschoroder2v,424,1
shargie1i,71,1
mtenniswood12,220,1
rrosin,330,2
kmainwaringm,152,2
astelfoxx,264,2
epeddie5,380,2
kwhyard1g,270,2
cwattingham4x,95,1
aenright20,153,2
lstollmeyer49,437,1
hcasine8,345,1
mkynnd2q,167,1
jgianasi2t,410,2
shargie1i,138,2
deatock4e,179,2
fstachini3j,364,2
tollie52,393,1
maujean2e,172,2
ibrabonf,70,2
mranscomb4,304,1
jolooney2r,318,1
scroci35,15,2
smaleck5d,135,2
bandreazzi3s,17,2
gheeks45,218,2
tfeehan4n,105,1
stesto3n,117,1
afeehely1o,223,2
jolooney2r,14,1
cheskey1t,113,1
kdegliabbati5f,231,2
ahurnr,362,1
ehugill55,227,1
csillars54,82,1
vconstantinou5r,273,2
kedel4k,36,1
jeastwood3v,331,2
mcrispe1v,352,1
astelfoxx,218,2
lbeany16,5,2
bandreazzi3s,415,2
jeastwood3v,318,1
jkey4h,398,2
ndevillier38,313,1
pbauded,355,1
djendrys13,375,1
rgartrell1z,121,1
grubenov4w,245,1
mmcilroy5p,7,1
kwhyard1g,65,1
vsmillieg,228,2
hmyricka,9,1
jpenmanu,262,2
pbauded,367,2
auppett11,133,2
acheverton0,277,1
tmessenger3q,233,1
atassaker4j,20,2
smcbay4m,38,2
cpackington4c,15,1
gtorald24,93,1
tpython36,138,1
vissacov3u,372,2
rluebbert21,62,2
cpilley33,242,1
uleatherland5j,222,1
nadamovitchb,299,1
mraggv,32,2
hmyricka,232,1
dponder4f,150,1
cetheringtonj,245,2
glantoph3w,333,2
marmatidge5e,313,1
bbeminster5a,429,1
sseefeldt47,291,2
ckobiera1l,246,1
hravenshaw4d,56,1
jgianasi2t,316,2
tramsbottom5b,262,2
lstollmeyer49,144,1
msings4r,321,1
jeastwood3v,395,1
klutmanp,409,2
hcasine8,355,2
adipietro1h,16,2
kedel4k,358,1
deatock4e,66,1
aalekhov40,345,2
ccorpe14,135,2
mkeir5i,370,1
kdancey5g,245,2
bjurewicz4a,369,2
afeehely1o,201,1
glantoph3w,318,2
neakin1q,161,1
uleatherland5j,38,1
kedel4k,94,2
tscreach32,327,1
mhabeshaw29,60,2
ccriple4t,122,2
hschoroder2v,233,2
fstephens50,91,1
acrayden44,38,1
mtenniswood12,183,2
mfulcher1s,8,1
plambourne1x,135,2
sscamal2m,61,2
tramsbottom5b,321,2
kmcardle4g,397,2
cpinck2s,140,1
djendrys13,121,1
cwhysall34,361,1
mcrispe1v,190,2
cpilley33,4,2
dyuryev3c,21,2
rrosin,140,2
dlautie1y,373,2
bruddlesden5o,193,1
mranscomb4,207,1
zgeockle1u,92,2
jguyonnet2u,227,1
dponder4f,151,1
cpinck2s,24,1
kmainwaringm,310,1
krenackownaw,173,2
ebatterson10,436,2
vrichfieldy,304,1
iborland5n,388,2
dlautie1y,407,2
vtremathack2z,70,2
lclaffey3p,265,2
aedmondson4l,246,2
iborland5n,275,1
cmacgilpatrick3t,162,2
scroci35,314,2
bandreazzi3s,315,1
dmitchleyh,161,1
astelfoxx,41,1
ctrump3o,17,2
sbartosch2k,391,2
kmainwaringm,91,2
abitterton53,65,2
mmuck57,409,1
nderrick1p,38,2
mescot19,21,2
lbeany16,79,1
dfoxleyc,411,1
amicco42,145,2
sbrandham2a,36,2
iswetmorei,252,1
dfoxleyc,69,1
krenackownaw,349,1
bturgoose18,307,2
bprendiville1r,414,2
vissacov3u,91,1
smcbay4m,384,2
chaddleston1,151,1
jridgeway25,175,2
mtenniswood12,237,2
alequesne4q,311,2
pwarnese,81,2
rjoan59,154,2
ekimmitt5c,31,1
smcbay4m,349,2
bswiffan3x,40,1
mescot19,113,2
nabethell22,406,2
tsheringham5k,50,1
atassaker4j,75,1
shargie1i,187,2
tscreach32,320,2
jguyonnet2u,218,1
cpinck2s,342,1
ehorbath3k,137,2
maujean2e,394,1
mfaires4u,336,2
dlautie1y,195,1
aalekhov40,52,1
ehugill55,233,2
mkynnd2q,84,1
dmitchleyh,10,2
zkrienke6,422,2
cmacgilpatrick3t,184,1
mmcilroy5p,239,2
mfulcher1s,11,2
ccorpe14,314,1
hravenshaw4d,10,2
mfurminger2o,43,1
dczyz3a,429,2
sscamal2m,175,2
ccriple4t,169,1
twhitechurch2h,138,2
jgianasi2t,93,1
jolooney2r,331,1
rdowers48,13,2
kmcardle4g,25,1
ahurnr,177,2
atassaker4j,329,1
eaitken1k,373,2
mfulcher1s,250,1
ccriple4t,425,1
gheeks45,159,1
eadamides2d,59,2
tmessenger3q,428,2
mmuck57,174,2
gheeks45,189,2
ibrabonf,94,1
qbasill2f,252,2
vtremathack2z,213,2
scabotto3f,48,1
ekimmitt5c,336,1
afeehely1o,221,2
alequesne4q,17,1
cheskey1t,377,1
bprendiville1r,24,2
tollie52,40,1
sbartosch2k,146,1
ccriple4t,33,1
gnode1a,332,1
kfideler30,288,1
ebatterson10,237,2
atassaker4j,183,2
maujean2e,367,2
chaddleston1,133,1
bfarbrotherq,265,1
csillars54,199,2
bbahike23,239,1
ibeebis31,39,1
chaddleston1,242,1
sseefeldt47,127,1
wtassell5q,49,1
bfarbrotherq,144,2
mmcilroy5p,268,2
jsackes3z,56,2
mfulcher1s,78,2
sseefeldt47,84,2
acheverton0,326,2
plambourne1x,175,2
lbeany16,81,1
vtremathack2z,360,1
auppett11,231,2
deatock4e,399,1
cwattingham4x,95,2
sbartosch2k,51,1
dlautie1y,42,1
rblancowe3,89,2
aedmondson4l,269,1
kbramham37,420,2
tmessenger3q,163,2
cmacgilpatrick3t,6,2
ehugill55,138,1
aedmondson4l,298,1
cetheringtonj,187,1
ccriple4t,296,2
hravenshaw4d,312,2
kmainwaringm,162,2
rdefries3d,417,1
pbachellier2x,359,1
smaleck5d,147,2
lstollmeyer49,312,1
nfarman1e,217,1
iborland5n,330,1
iswetmorei,225,2
krodman3l,85,1
jbugden41,383,1
rrosin,360,2
dstoyell5h,421,2
afihelly2l,6,1
acheverton0,317,1
ccriple4t,63,1
jguyonnet2u,382,2
ebatterson10,338,1
mjorioz2j,343,2
bturgoose18,372,1
mkeir5i,295,2
rdefries3d,313,1
lstollmeyer49,336,2
bruddlesden5o,347,1
mescot19,116,2
jbugden41,51,2
sfulton4i,303,2
rdefries3d,242,1
vissacov3u,430,2
dstoyell5h,59,1
bjurewicz4a,94,2
bflury1j,389,2
phockey4y,272,2
ckobiera1l,137,2
alequesne4q,149,2
mescot19,178,1
qbasill2f,265,2
ehorbath3k,411,1
cpilley33,72,1
zkrienke6,215,2
hcasine8,382,1
shargie1i,53,2
sfulton4i,22,2
nabethell22,233,1
klutmanp,278,2
rlebarr51,385,2
zgeockle1u,242,2
zkrienke6,362,2
phockey4y,362,1
ebatterson10,237,1
molooney2p,386,1
ddelacey27,385,2
csillars54,402,1
bbeminster5a,117,2
cwhysall34,300,2
adipietro1h,276,2
nswinfon43,146,1
tsheringham5k,58,2
klutmanp,322,2
carundel3g,107,2
mfurminger2o,218,1
kmainwaringm,119,2
sscamal2m,180,1
gheeks45,47,2
krodman3l,349,2
iborland5n,222,2
wprangley7,187,2
jguyonnet2u,37,2
nderrick1p,297,2
ehorbath3k,95,1
tollie52,415,2
jridgeway25,416,2
bbahike23,178,1
uleatherland5j,173,1
svonderdellt,62,1
pbachellier2x,139,1
kdegliabbati5f,53,2
bbahike23,309,2
cheskey1t,117,2
asnasdell3e,37,1
bpolak2b,2,2
ksemon3r,191,2
deatock4e,425,2
jsirmon4z,262,2
lnoble46,99,1
aenright20,396,2
mranscomb4,304,1
pbauded,78,1
cpackington4c,189,1
deatock4e,74,2
gkaesmans9,199,1
atassaker4j,359,2
klutmanp,99,2
glantoph3w,94,1
mketteman1b,361,1
kwhyard1g,432,2
mfurminger2o,147,1
jsummerly2c,352,1
ekimmitt5c,28,2
dfoxleyc,295,2
deatock4e,3,1
ohadlow28,150,1
gheeks45,363,1
sofielly2g,270,1
krodman3l,81,1
sbrandham2a,90,1
ggentric4b,107,1
skopje1c,147,1
jpenmanu,198,2
kmcardle4g,71,2
ekimmitt5c,224,2
rdefries3d,259,2
pgilhouley3m,183,2
jpenmanu,360,2
mraggv,373,2
jolooney2r,58,1
grubenov4w,286,2
twhitechurch2h,377,1
sseefeldt47,409,1
pwarnese,397,1
ibrabonf,34,1
jbugden41,411,2
bflury1j,103,1
eaitken1k,63,1
mtenniswood12,328,2
epeddie5,268,2
bfarbrotherq,426,1
nswinfon43,258,1
dponder4f,127,1
jolooney2r,254,1
fstachini3j,181,1
vconstantinou5r,124,2
smcbay4m,36,2
acrayden44,171,1
tfeehan4n,293,1
tpendergrasto,254,1
plambourne1x,27,2
sbrandham2a,373,1
rdowers48,435,1
iborland5n,369,2
cmacgilpatrick3t,47,1
rdefries3d,62,1
mvarah1w,369,1
wtassell5q,98,2
dbraunstein5m,247,1
zgeockle1u,338,1
jeastwood3v,330,2
mkeir5i,374,2
vrichfieldy,41,1
dfoxleyc,378,1
bmaclaine3y,205,1
chaddleston1,9,1
asnasdell3e,314,2
uleatherland5j,401,2
nswinfon43,216,2
twhitechurch2h,102,1
cmacgilpatrick3t,340,1
rrosin,396,1
flepick15,427,2
dczyz3a,96,1
csillars54,414,2
ebatterson10,88,1
drogister2w,296,1
erosbotham1m,329,1
ksemon3r,161,1
qbasill2f,287,1
mvarah1w,280,1
cpinck2s,154,1
ccorpe14,244,2
auppett11,234,2
kfideler30,350,1
dponder4f,240,1
rlebarr51,139,2
sbergeon2n,114,2
ehorbath3k,75,1
bruddlesden5o,178,2
nabethell22,185,2
gtorald24,217,2
bbeminster5a,8,2
mfaires4u,412,2
nadamovitchb,215,2
adipietro1h,30,1
gnode1a,428,2
nabethell22,103,1
krodman3l,120,1
amicco42,388,2
cpilley33,291,1
smcbay4m,372,2
jgianasi2t,435,1
jivanichev4v,389,2
maujean2e,195,1
tfeehan4n,258,2
neakin1q,167,2
ksemon3r,61,2
nabethell22,308,2
ebatterson10,105,1
dfoxleyc,395,1
hschoroder2v,170,1
aedmondson4l,202,1
dstoyell5h,403,2
hmyricka,42,2
kdegliabbati5f,84,2
hcasine8,225,2
zkrienke6,165,1
tfeehan4n,131,1
bpolak2b,32,1
dlautie1y,428,2
smaleck5d,205,1
ibeebis31,312,2
carundel3g,131,2
nabethell22,165,1
rdowers48,59,1
dbraunstein5m,215,1
dyuryev3c,336,2
jgianasi2t,143,1
sbrandham2a,16,2
ndevillier38,183,1
dmitchleyh,392,1
hfreemantle2y,402,1
rsparrow1n,400,1
eswane3i,421,2
hravenshaw4d,15,1
jsummerly2c,156,1
krenackownaw,221,1
dponder4f,86,1
nabethell22,341,2
deatock4e,100,1
hmccague4p,407,1
scroci35,283,1
eadamides2d,185,1
grubenov4w,131,1
sscamal2m,66,1
gheeks45,22,2
rsparrow1n,426,1
mfaires4u,124,2
neakin1q,294,1
kbramham37,110,2
sbartosch2k,59,1
sbergeon2n,111,1
jolooney2r,118,1
rluebbert21,271,1
gtorald24,403,2
mmuck57,263,2
cgoforth17,410,2
mescot19,373,2
lnoble46,403,2
dyuryev3c,379,2
kedel4k,213,2
mkeir5i,347,1
sbartosch2k,288,1
mfulcher1s,232,1
mkynnd2q,256,2
isamweyes56,279,2
stesto3n,115,2
dbraunstein5m,119,1
jivanichev4v,149,1
flepick15,178,2
bswiffan3x,183,1
bmaclaine3y,321,2
jgianasi2t,235,2
rjoan59,403,2
hwindress26,219,2
zkrienke6,138,1
jpenmanu,281,2
hcasine8,33,2
cwattingham4x,260,2
deatock4e,99,2
aalekhov40,155,1
kdancey5g,360,1
fstephens50,174,1
atassaker4j,64,2
jgianasi2t,387,1
hcasine8,198,1
msings4r,407,2
ndevillier38,225,2
isamweyes56,220,2
bswiffan3x,160,2
kauldsz,24,1
pbauded,237,2
ibrabonf,362,1
mkeir5i,295,1
dkinzett4o,432,2
tsheringham5k,139,1
mmuck57,328,1
isamweyes56,85,2
mvarah1w,405,1
hwindress26,84,2
awilbors,431,2
bpolak2b,433,1
cschinetti4s,394,1
isamweyes56,243,1
tpython36,95,2
fstephens50,290,1
hfreemantle2y,189,2
wtassell5q,385,2
cheskey1t,320,2
sofielly2g,328,1
nswinfon43,51,1
scroci35,48,1
kfideler30,29,1
mketteman1b,150,1
bfarbrotherq,350,2
jeastwood3v,343,1
jolooney2r,408,1
tollie52,260,2
ksemon3r,335,1
eaitken1k,60,2
tscreach32,319,1
bmaclaine3y,147,2
bbahike23,368,1
rgartrell1z,415,1
nderrick1p,35,1
astelfoxx,392,2
dkinzett4o,99,1
bmaclaine3y,384,2
pbauded,199,1
djendrys13,117,2
carundel3g,114,2
cschinetti4s,62,1
stesto3n,64,1
atassaker4j,414,1
acrayden44,91,1
bbeminster5a,339,2
hcasine8,22,2
tpendergrasto,84,1
erosbotham1m,274,1
alequesne4q,217,2
rblancowe3,265,2
rluebbert21,169,2
ahurnr,378,2
mraggv,242,1
jsirmon4z,345,2
qbasill2f,149,1
gkreutzer5l,345,2
jpenmanu,370,1
vconstantinou5r,21,1
kmainwaringm,254,2
cmacgilpatrick3t,343,1
jsackes3z,90,2
bjurewicz4a,348,2
stesto3n,78,1
cgoforth17,355,2
kbramham37,301,2
pbachellier2x,203,1
ccriple4t,116,1
kmcardle4g,136,2
ckobiera1l,366,1
carundel3g,415,2
rjoan59,351,2
sbergeon2n,286,2
econibear2,267,1
tmessenger3q,404,2
eswane3i,115,2
nadamovitchb,11,2
neakin1q,222,1
asnasdell3e,292,2
dbraunstein5m,161,2
gkreutzer5l,100,2
mjolly2i,411,2
cwhysall34,204,2
nfarman1e,23,1
atassaker4j,87,1
djendrys13,37,2
ibeebis31,152,1
adipietro1h,40,2
tpendergrasto,22,2
kdegliabbati5f,164,1
tsheringham5k,305,1
astelfoxx,29,2
ndevillier38,61,1
bbahike23,369,2
eadamides2d,409,1
phockey4y,206,1
nadamovitchb,105,1
flepick15,299,2
cmacgilpatrick3t,401,2
wprangley7,220,2
cwhysall34,10,1
sfulton4i,301,1
adipietro1h,197,1
smaleck5d,364,2
tollie52,333,1
chaddleston1,194,1
rjoan59,334,1
dponder4f,381,1
kauldsz,186,1
dspick3b,404,1
jsummerly2c,235,1
bjurewicz4a,100,1
mketteman1b,119,1
ddelacey27,406,2
ddelacey27,419,2
vconstantinou5r,346,2
mkynnd2q,322,1
nderrick1p,234,2
tpendergrasto,73,2
epeddie5,326,2
mfulcher1s,57,1
adipietro1h,240,1
dlegricek,271,1
tmessenger3q,186,2
klutmanp,325,1
mjolly2i,205,2
bfarbrotherq,9,1
iswetmorei,170,2
jkey4h,230,2
eswane3i,1,1
bandreazzi3s,100,1
tsheringham5k,182,1
mhunnaball1f,379,2
cetheringtonj,427,2
vtremathack2z,169,1
aedmondson4l,11,2
cwhysall34,4,2
acheverton0,205,2
mranscomb4,87,2
csillars54,11,1
erosbotham1m,396,1
skopje1c,28,2
jsummerly2c,191,1
gkaesmans9,74,2
cschinetti4s,355,2
erosbotham1m,28,1
ddelacey27,423,2
mjorioz2j,420,2
kedel4k,380,1
rdowers48,145,1
lclaffey3p,263,2
chaddleston1,318,2
pbauded,395,2
jsirmon4z,49,2
jivanichev4v,155,1
phockey4y,173,2
klutmanp,17,2
shargie1i,395,1
kmainwaringm,197,1
mketteman1b,110,2
mescot19,359,2
smaleck5d,393,1
rdowers48,225,2
jivanichev4v,67,2
mfaires4u,111,2
kmcardle4g,421,2
sbrandham2a,287,1
vconstantinou5r,140,2
dstoyell5h,282,2
gkaesmans9,13,2
kdegliabbati5f,349,1
scroci35,68,1
hravenshaw4d,162,1
bturgoose18,113,1
bjurewicz4a,233,2
atassaker4j,400,1
tmessenger3q,190,1
mhabeshaw29,99,1
bruddlesden5o,371,1
fstephens50,61,1
grubenov4w,137,1
sfulton4i,66,1
pbachellier2x,439,2
cetheringtonj,53,1
kdancey5g,240,2
hravenshaw4d,162,2
grubenov4w,32,1
kfeld58,137,2
hcasine8,423,1
ggentric4b,16,2
bfarbrotherq,208,2
lnoble46,114,1
mhabeshaw29,59,1
svonderdellt,297,1
bjurewicz4a,85,2
jeastwood3v,25,1
amicco42,439,2
vtremathack2z,140,2
bbeminster5a,299,2
dstoyell5h,83,2
vsmillieg,418,2
alequesne4q,187,1
sseefeldt47,359,2
kmcardle4g,333,2
iborland5n,85,1
neakin1q,236,1
kmcardle4g,368,2
jivanichev4v,18,2
gheeks45,61,2
nfarman1e,189,2
ddelacey27,142,2
bruddlesden5o,407,2
lclaffey3p,100,2
dbraunstein5m,133,1
wprangley7,19,2
bflury1j,406,2
kbramham37,92,2
mvarah1w,360,2
hwindress26,327,1
skopje1c,179,1
dmitchleyh,159,2
lpreshous39,38,2
lnoble46,339,2
grubenov4w,17,2
bturgoose18,192,2
rlebarr51,193,2
sscamal2m,106,1
jguyonnet2u,198,1
rluebbert21,153,1
dfoxleyc,370,1
mmuck57,83,2
hschoroder2v,435,1
carundel3g,188,1
ehugill55,221,1
maujean2e,32,2
cpinck2s,377,1
tpendergrasto,237,2
rjoan59,378,1
ccorpe14,215,1
rlebarr51,175,2
rdefries3d,128,1
dlegricek,119,1
ehorbath3k,251,1
pbauded,408,1
adipietro1h,264,1
dlautie1y,339,2
dlegricek,106,2
acheverton0,185,1
oprofitl,94,2
neakin1q,252,2
hmyricka,216,1
pbachellier2x,175,2
jsirmon4z,321,1
jolooney2r,391,1
jkey4h,417,2
csillars54,143,2
jgianasi2t,20,2
bswiffan3x,350,2
smaleck5d,258,1
cpinck2s,373,2
plambourne1x,45,1
aenright20,21,2
pwarnese,86,1
tsheringham5k,301,2
bpolak2b,57,1
nderrick1p,415,1
vissacov3u,305,1
krodman3l,132,2
nderrick1p,305,2
kfeld58,395,2
hmyricka,186,1
tfeehan4n,219,2
pwarnese,149,1
mranscomb4,109,2
mmcilroy5p,323,1
mraggv,333,2
sscamal2m,190,2
ohadlow28,68,2
mhunnaball1f,279,2
kdegliabbati5f,127,2
acrayden44,148,1
awilbors,286,2
kbramham37,363,1
rblancowe3,7,1
zgeockle1u,73,2
bswiffan3x,358,1
jolooney2r,338,2
gnode1a,45,2
hschoroder2v,176,1
afihelly2l,237,1
svonderdellt,231,1
mketteman1b,193,2
sseefeldt47,390,2
rsparrow1n,267,1
dspick3b,210,1
rsparrow1n,423,2
acrayden44,324,1
mmuck57,425,1
iborland5n,24,1
nfarman1e,22,1
rdefries3d,272,2
mjorioz2j,338,2
hwindress26,208,2
sbrandham2a,330,1
kfeld58,195,2
plambourne1x,168,1
remes3h,280,1
lclaffey3p,1,1
tollie52,189,1
lbeany16,404,2
epeddie5,197,1
cheskey1t,101,1
iswetmorei,179,1
lstollmeyer49,355,2
grubenov4w,153,2
mtenniswood12,9,1
vsmillieg,222,2
epeddie5,239,2
kfideler30,309,1
bpolak2b,257,2
cschinetti4s,288,2
cpinck2s,385,1
shargie1i,332,2
cwhysall34,388,1
aalekhov40,26,2
vsmillieg,199,2
aedmondson4l,231,1
ggentric4b,307,1
fstephens50,138,2
mcrispe1v,391,1
plambourne1x,2,2
lclaffey3p,285,1
mmcilroy5p,118,1
phockey4y,158,1
mvarah1w,433,1
acheverton0,413,2
sfulton4i,291,1
cpackington4c,360,2
gkreutzer5l,415,1
hfreemantle2y,376,2
fstachini3j,372,1
cschinetti4s,120,1
jivanichev4v,122,2
lbeany16,155,2
jivanichev4v,51,2
lclaffey3p,163,2
bandreazzi3s,223,1
jgianasi2t,212,1
jsirmon4z,134,2
marmatidge5e,351,1
sbergeon2n,1,2
hcasine8,332,1
rdefries3d,251,2
nadamovitchb,191,1
bprendiville1r,77,1
sfulton4i,175,1
remes3h,195,2
ibeebis31,378,2
bbahike23,220,2
sbartosch2k,364,1
atassaker4j,409,1
gkreutzer5l,174,1
rsparrow1n,204,2
jkey4h,118,1
tfeehan4n,270,1
ddelacey27,326,1
uleatherland5j,105,1
cwattingham4x,325,2
rsparrow1n,219,1
stesto3n,1,2
svonderdellt,131,1
eadamides2d,64,1
gheeks45,77,1
hravenshaw4d,241,1
krodman3l,388,2
acrayden44,329,2
mkynnd2q,308,2
rluebbert21,121,2
eadamides2d,176,2
hmyricka,282,2
ksemon3r,297,1
kedel4k,39,1
kedel4k,119,2
ggentric4b,151,2
kfideler30,126,2
cwattingham4x,402,2
eadamides2d,266,1
kmcardle4g,316,1
bjurewicz4a,417,2
rgartrell1z,17,2
fstephens50,256,1
oprofitl,389,2
mmuck57,428,2
mcrispe1v,374,2
kfideler30,379,2
dbraunstein5m,237,2
scroci35,8,2
afeehely1o,27,2
dlegricek,6,1
dlautie1y,438,1
mketteman1b,269,2
mranscomb4,397,2
nderrick1p,90,1
mhabeshaw29,254,2
gkaesmans9,431,1
atassaker4j,159,1
oprofitl,107,2
rlebarr51,158,2
tpendergrasto,278,1
ctrump3o,428,1
pwarnese,421,2
tscreach32,109,2
bprendiville1r,272,2
kauldsz,268,1
kdegliabbati5f,99,1
mtenniswood12,179,1
ekimmitt5c,244,1
eswane3i,333,1
tpython36,175,1
mketteman1b,215,2
mranscomb4,124,1
mfaires4u,196,2
hmyricka,106,1
rsparrow1n,127,2
ctrump3o,395,1
econibear2,420,2
dyuryev3c,71,2
mmcilroy5p,137,1
lbeany16,152,2
marmatidge5e,332,1
ibrabonf,331,2
asnasdell3e,147,2
dyuryev3c,240,1
amicco42,57,1
skopje1c,125,2
ebatterson10,10,2
plambourne1x,427,2
mraggv,281,2
neakin1q,402,2
dponder4f,417,2
glantoph3w,170,2
twhitechurch2h,82,2
skopje1c,379,2
aalekhov40,11,2
mketteman1b,274,2
hschoroder2v,317,1
drogister2w,66,1
krodman3l,291,1
jbugden41,308,1
ehorbath3k,83,1
dfoxleyc,285,2
ibrabonf,249,2
bbaxstair1d,218,2
marmatidge5e,113,2
bpolak2b,358,1
kfideler30,8,1
eadamides2d,347,2
isamweyes56,378,1
rgartrell1z,294,1
glantoph3w,294,2
krodman3l,3,1
stesto3n,304,2
pwarnese,122,2
rlebarr51,337,1
cheskey1t,388,1
mescot19,366,2
nfarman1e,6,1
ohadlow28,129,2
vrichfieldy,13,1
hmyricka,28,1
mketteman1b,28,2
csillars54,101,1
kbramham37,36,2
ehugill55,333,1
auppett11,45,2
bswiffan3x,321,1
mfaires4u,403,1
cpilley33,329,1
eswane3i,4,1
ckobiera1l,54,2
scabotto3f,48,1
kfeld58,123,1
sofielly2g,163,2
krodman3l,293,2
jgianasi2t,22,1
afeehely1o,225,2
ibrabonf,232,1
aenright20,340,1
carundel3g,275,2
rdowers48,140,1
bswiffan3x,102,1
bmaclaine3y,364,2
nadamovitchb,64,1
vrichfieldy,319,1
rdowers48,315,1
ndevillier38,189,1
aalekhov40,248,2
lnoble46,236,2
molooney2p,422,1
kdegliabbati5f,275,2
bturgoose18,379,2
bmaclaine3y,167,2
mranscomb4,1,2
krodman3l,121,2
tmessenger3q,298,1
epeddie5,14,1
eaitken1k,400,1
rluebbert21,357,1
rdefries3d,327,1
bandreazzi3s,93,2
scroci35,184,1
cmacgilpatrick3t,76,1
wtassell5q,399,2
chaddleston1,157,1
mfaires4u,27,1
ndevillier38,283,2
mmuck57,24,1
oprofitl,233,1
awilbors,347,1
bfarbrotherq,406,2
nderrick1p,22,1
ekimmitt5c,36,1
jkey4h,157,2
krenackownaw,398,2
acrayden44,373,1
bbahike23,384,2
eswane3i,320,1
oprofitl,243,2
wtassell5q,435,2
hwindress26,25,1
kfeld58,171,1
kmcardle4g,314,2
bandreazzi3s,85,2
flepick15,288,2
jolooney2r,353,1
pwarnese,142,1
phockey4y,82,1
hmccague4p,38,1
sbergeon2n,314,1
tpython36,297,2
lbeany16,254,1
astelfoxx,421,2
svonderdellt,44,1
vsmillieg,69,2
hmccague4p,34,1
zgeockle1u,309,2
ahurnr,297,2
drogister2w,263,2
sseefeldt47,67,1
pbauded,164,2
auppett11,279,1
ibrabonf,309,1
mhunnaball1f,223,2
chaddleston1,168,2
gkreutzer5l,197,2
mfaires4u,46,1
hmyricka,358,1
nfarman1e,68,2
marmatidge5e,288,2
nswinfon43,363,2
jguyonnet2u,222,2
mcrispe1v,215,2
acheverton0,250,1
deatock4e,201,1
bflury1j,431,2
ksemon3r,379,1
cpilley33,392,2
aedmondson4l,28,1
rdowers48,236,2
cwattingham4x,180,2
oprofitl,90,2
gnode1a,138,2
uleatherland5j,93,2
erosbotham1m,397,1
wprangley7,244,1
wprangley7,400,2
bpolak2b,334,1
jpenmanu,242,1
gheeks45,349,2
cmacgilpatrick3t,167,2
rlebarr51,337,1
amicco42,361,2
vsmillieg,114,2
nswinfon43,29,1
pbachellier2x,361,2
gtorald24,354,1
kmcardle4g,46,2
mcrispe1v,184,2
glantoph3w,260,1
twhitechurch2h,103,1
epeddie5,33,1
sbergeon2n,26,2
tscreach32,150,1
eadamides2d,57,2
ccriple4t,335,1
dczyz3a,48,1
asnasdell3e,122,2
flepick15,293,2
aalekhov40,79,2
jridgeway25,72,2
gnode1a,153,1
vsmillieg,44,1
hmccague4p,344,2
dstoyell5h,219,1
rsparrow1n,343,2
jkey4h,275,1
dczyz3a,285,1
mhunnaball1f,349,1
kbramham37,328,1
deatock4e,37,1
ccorpe14,54,2
sbrandham2a,132,2
eswane3i,177,2
cpinck2s,405,2
abitterton53,421,1
cmacgilpatrick3t,157,2
aedmondson4l,55,2
bandreazzi3s,138,1
zkrienke6,338,2
ksemon3r,151,2
ggentric4b,153,1
aedmondson4l,5,1
bswiffan3x,192,2
rlebarr51,54,2
bjurewicz4a,422,1
dmitchleyh,110,1
pgilhouley3m,7,1
mhunnaball1f,78,1
maujean2e,248,2
skopje1c,239,1
dkinzett4o,157,1
hmccague4p,146,1
bmaclaine3y,58,1
ctrump3o,224,2
bandreazzi3s,189,2
bandreazzi3s,45,1
dspick3b,247,2
rlebarr51,329,1
econibear2,43,1
abitterton53,29,2
bfarbrotherq,141,1
ggentric4b,140,1
oprofitl,323,2
grubenov4w,83,1
cpackington4c,60,2
jolooney2r,291,1
sscamal2m,102,2
dlegricek,427,1
mkeir5i,7,2
remes3h,290,2
cwhysall34,137,2
remes3h,290,1
cwattingham4x,172,2
kbramham37,400,2
tramsbottom5b,325,1
eadamides2d,9,2
msings4r,251,1
kmainwaringm,258,2
ehorbath3k,168,1
jsackes3z,93,1
dyuryev3c,236,1
cwattingham4x,318,2
hravenshaw4d,356,1
nderrick1p,80,1
ibeebis31,102,2
cwattingham4x,300,2
mhabeshaw29,402,1
tscreach32,389,2
jsirmon4z,17,1
smaleck5d,21,1
uleatherland5j,211,2
hcasine8,293,1
iborland5n,394,2
auppett11,356,1
mjorioz2j,16,2
shargie1i,427,2
cgoforth17,138,1
smcbay4m,146,2
kmainwaringm,427,2
dstoyell5h,289,2
sseefeldt47,324,2
zkrienke6,220,2
dkinzett4o,90,2
vissacov3u,162,1
iborland5n,38,2
aedmondson4l,341,2
gkreutzer5l,433,1
gheeks45,202,2
gkreutzer5l,216,2
kauldsz,140,2
phockey4y,306,1
shargie1i,435,2
pwarnese,130,2
adipietro1h,257,2
ddelacey27,78,1
smcbay4m,134,1
jsummerly2c,156,1
econibear2,43,1
ddelacey27,92,1
bturgoose18,270,2
mketteman1b,248,2
jsackes3z,428,2
mraggv,58,2
bflury1j,372,1
fstephens50,276,1
skopje1c,262,1
acheverton0,108,1
aedmondson4l,124,2
nfarman1e,375,2
aedmondson4l,67,1
abitterton53,363,2
aenright20,37,1
astelfoxx,389,2
kwhyard1g,279,1
nswinfon43,32,1
shargie1i,107,2
jguyonnet2u,263,2
vsmillieg,60,2
wtassell5q,301,1
cgoforth17,16,1
mvarah1w,221,2
cetheringtonj,154,2
dfoxleyc,217,2
kfeld58,408,2
wtassell5q,385,1
tpendergrasto,138,1
lbeany16,148,2
deatock4e,325,2
ccorpe14,226,1
dlegricek,216,2
phockey4y,31,1
jpenmanu,121,2
ehorbath3k,394,2
nfarman1e,216,2
plambourne1x,351,1
maujean2e,110,2
kdancey5g,385,1
ccorpe14,59,1
kwhyard1g,353,1
molooney2p,314,2
mraggv,98,1
dkinzett4o,361,1
vsmillieg,181,1
dyuryev3c,224,1
kwhyard1g,178,2
nswinfon43,176,1
mfurminger2o,388,2
asnasdell3e,411,2
kdancey5g,69,1
sofielly2g,125,2
ccriple4t,8,2
acrayden44,266,2
mtenniswood12,438,2
dstoyell5h,341,2
scroci35,176,1
dstoyell5h,36,2
mtenniswood12,48,1
acheverton0,147,2
afihelly2l,294,1
smaleck5d,130,1
ekimmitt5c,313,1
mranscomb4,22,1
scabotto3f,166,2
mhabeshaw29,73,2
kwhyard1g,254,2
ccriple4t,291,2
pbachellier2x,64,2
dfoxleyc,392,2
bswiffan3x,152,2
jguyonnet2u,238,2
nabethell22,156,1
zgeockle1u,361,1
gtorald24,240,2
bflury1j,276,1
sfulton4i,99,2
bbahike23,199,1
oprofitl,77,2
ggentric4b,239,1
krenackownaw,424,2
eaitken1k,203,1
neakin1q,58,1
isamweyes56,386,2
bruddlesden5o,33,1
scabotto3f,84,1
aalekhov40,73,2
hcasine8,238,1
ggentric4b,195,2
kdancey5g,394,1
mmuck57,408,1
jridgeway25,181,2
rjoan59,146,2
lnoble46,36,1
bpolak2b,51,1
shargie1i,417,2
nabethell22,197,1
dkinzett4o,237,2
rdowers48,258,2
oprofitl,106,1
iswetmorei,373,1
ibrabonf,283,1
bflury1j,393,1
ndevillier38,260,2
vissacov3u,412,2
aedmondson4l,227,2
pgilhouley3m,20,2
rjoan59,210,1
nabethell22,341,1
kfeld58,32,1
eaitken1k,379,2
auppett11,251,2
remes3h,95,1
kdegliabbati5f,198,2
nderrick1p,66,1
kauldsz,133,2
twhitechurch2h,413,1
jridgeway25,84,2
jkey4h,322,2
marmatidge5e,52,2
asnasdell3e,38,2
rdowers48,55,2
tramsbottom5b,370,1
econibear2,292,1
kauldsz,348,2
phockey4y,109,1
hravenshaw4d,405,1
ddelacey27,165,1
sbrandham2a,81,2
molooney2p,296,1
jsummerly2c,113,2
lclaffey3p,235,2
bjurewicz4a,416,1
ahurnr,77,1
drogister2w,32,2
lpreshous39,408,2
kmcardle4g,296,1
mjolly2i,104,1
kauldsz,314,2
bprendiville1r,381,2
uleatherland5j,360,1
remes3h,236,1
iborland5n,354,1
bandreazzi3s,10,2
twhitechurch2h,76,2
remes3h,120,1
gnode1a,86,2
msings4r,231,2
nadamovitchb,395,1
dkinzett4o,274,2
carundel3g,435,1
ibeebis31,293,1
sfulton4i,156,1
erosbotham1m,257,2
qbasill2f,14,1
cetheringtonj,28,2
hschoroder2v,291,1
gkaesmans9,395,2
econibear2,291,1
rluebbert21,188,2
klutmanp,200,1
tollie52,53,1
sscamal2m,195,1
aalekhov40,280,1
drogister2w,302,1
dstoyell5h,332,2
vissacov3u,437,1
vtremathack2z,87,1
mkeir5i,109,2
hcasine8,388,2
mjolly2i,296,2
wprangley7,242,1
ibeebis31,376,2
amicco42,55,2
vsmillieg,365,1
rsparrow1n,217,2
jguyonnet2u,133,1
zgeockle1u,158,1
mjorioz2j,41,2
mfulcher1s,331,2
qbasill2f,329,2
scabotto3f,296,2
ccriple4t,91,2
mhabeshaw29,314,2
tramsbottom5b,268,1
jsackes3z,369,1
dfoxleyc,254,1
ddelacey27,3,2
mfaires4u,216,1
dlegricek,374,2
jsummerly2c,275,1
epeddie5,37,1
lpreshous39,122,2
uleatherland5j,177,2
kfeld58,243,1
bflury1j,346,1
aalekhov40,149,1
nabethell22,354,2
flepick15,9,1
dyuryev3c,18,2
mketteman1b,112,2
zkrienke6,197,1
awilbors,84,1
auppett11,325,1
lstollmeyer49,419,2
bmaclaine3y,368,2
pbachellier2x,326,1
pbauded,238,1
isamweyes56,189,2
vsmillieg,149,1
ahurnr,204,2
lbeany16,369,1
krodman3l,431,2
hschoroder2v,288,2
msings4r,78,1
chaddleston1,51,2
dczyz3a,281,2
eswane3i,110,1
ehugill55,342,1
jeastwood3v,395,1
zkrienke6,429,1
aedmondson4l,249,1
ccorpe14,199,2
lpreshous39,147,1
ksemon3r,114,2
carundel3g,430,1
mranscomb4,340,2
wtassell5q,213,2
ehorbath3k,271,2
kedel4k,146,2
stesto3n,90,2
bflury1j,286,2
rgartrell1z,383,1
vsmillieg,388,2
bprendiville1r,67,1
ehorbath3k,326,1
chaddleston1,191,1
klutmanp,303,2
klutmanp,119,1
jsackes3z,407,1
rsparrow1n,270,2
neakin1q,164,2
stesto3n,182,1
econibear2,50,2
tscreach32,174,2
afihelly2l,220,1
gtorald24,172,1
gkreutzer5l,66,1
gtorald24,274,1
uleatherland5j,164,1
eadamides2d,141,1
dczyz3a,137,1
nadamovitchb,336,1
bbaxstair1d,61,1
sofielly2g,259,2
mvarah1w,165,2
tpendergrasto,141,1
cetheringtonj,110,1
gkaesmans9,61,1
mfulcher1s,328,2
cschinetti4s,398,1
mkynnd2q,296,2
gkaesmans9,270,2
ibrabonf,86,2
nadamovitchb,188,2
cwattingham4x,133,1
rgartrell1z,383,1
qbasill2f,270,2
tmessenger3q,288,1
mhunnaball1f,396,2
ckobiera1l,413,1
bbaxstair1d,291,1
cpinck2s,115,1
dspick3b,261,2
rluebbert21,219,2
lstollmeyer49,418,2
mcrispe1v,81,1
asnasdell3e,73,1
kedel4k,134,2
scroci35,430,1
mjorioz2j,127,2
jeastwood3v,164,2
mmcilroy5p,134,1
bpolak2b,401,1
wprangley7,81,2
hfreemantle2y,373,1
csillars54,19,1
rsparrow1n,16,2
cpilley33,206,1
jridgeway25,210,2
mraggv,411,2
sbergeon2n,325,2
dyuryev3c,377,1
tpendergrasto,112,1
hravenshaw4d,186,1
molooney2p,1,2
awilbors,283,2
mcrispe1v,260,2
epeddie5,140,2
twhitechurch2h,349,1
jbugden41,101,2
mjolly2i,85,1
vtremathack2z,51,2
iswetmorei,340,2
hwindress26,208,2
dmitchleyh,27,1
uleatherland5j,418,2
dkinzett4o,205,2
wprangley7,19,2
bruddlesden5o,394,1
ksemon3r,324,2
scabotto3f,124,1
jsirmon4z,167,1
scroci35,229,1
krenackownaw,10,1
afihelly2l,137,2
rblancowe3,65,1
cschinetti4s,84,2
kdegliabbati5f,290,1
mkynnd2q,259,2
jpenmanu,248,2
atassaker4j,343,2
jridgeway25,314,1
cgoforth17,310,2
cpilley33,148,2
neakin1q,142,1
adipietro1h,433,1
glantoph3w,438,2
kfideler30,244,1
bfarbrotherq,344,1
bflury1j,71,2
eaitken1k,110,1
cpinck2s,57,2
fstephens50,394,2
mfurminger2o,90,1
kmcardle4g,89,2
kauldsz,403,2
bpolak2b,167,2
nswinfon43,428,1
lpreshous39,114,1
ekimmitt5c,291,2
djendrys13,328,1
mjorioz2j,167,1
jsackes3z,28,1
hmccague4p,432,1
vtremathack2z,236,1
sbartosch2k,217,1
rdefries3d,279,1
gkaesmans9,226,2
tramsbottom5b,317,1
kauldsz,434,1
bprendiville1r,68,1
dczyz3a,140,1
plambourne1x,351,1
astelfoxx,144,1
isamweyes56,73,2
tollie52,383,1
scroci35,308,1
rgartrell1z,33,1
hfreemantle2y,226,1
sscamal2m,222,1
aalekhov40,109,2
hmccague4p,57,1
dponder4f,95,1
jivanichev4v,280,2
mmuck57,428,2
rblancowe3,218,2
jsummerly2c,150,1
rrosin,292,2
dlegricek,409,1
eaitken1k,166,1
tramsbottom5b,104,1
tscreach32,206,1
stesto3n,189,2
krodman3l,289,2
rdowers48,337,2
lpreshous39,185,1
mkynnd2q,420,1
econibear2,117,2
vrichfieldy,425,2
krenackownaw,158,2
mvarah1w,187,1
tsheringham5k,137,2
bbahike23,375,1
jeastwood3v,155,1
wprangley7,86,1
drogister2w,103,2
dmitchleyh,135,1
smcbay4m,51,1
jivanichev4v,277,2
ddelacey27,218,1
pgilhouley3m,335,2
aenright20,53,1
bprendiville1r,417,1
lpreshous39,103,1
sofielly2g,307,2
bbaxstair1d,259,2
mmcilroy5p,379,1
ibeebis31,346,2
rdefries3d,428,2
kdancey5g,425,2
gheeks45,204,1
bbeminster5a,267,2
kwhyard1g,325,1
cpackington4c,158,2
bmaclaine3y,101,2
ddelacey27,169,1
hwindress26,297,2
dlegricek,141,1
gkaesmans9,421,1
dczyz3a,4,2
jeastwood3v,68,2
iswetmorei,181,2
mranscomb4,272,1
bflury1j,92,1
auppett11,82,2
hravenshaw4d,78,2
rblancowe3,173,1
sseefeldt47,72,2
vrichfieldy,80,1
alequesne4q,376,2
gtorald24,365,2
tfeehan4n,355,2
ehorbath3k,298,2
dbraunstein5m,149,2
chaddleston1,109,2
astelfoxx,268,2
fstephens50,106,2
ohadlow28,143,1
mjorioz2j,33,1
ebatterson10,42,1
aalekhov40,79,1
mkynnd2q,182,2
vissacov3u,325,1
ehorbath3k,22,1
hschoroder2v,297,2
fstachini3j,208,2
bprendiville1r,237,2
rjoan59,331,2
ckobiera1l,435,2
flepick15,171,1
neakin1q,124,1
mtenniswood12,192,2
molooney2p,50,2
nadamovitchb,170,2
ohadlow28,31,2
epeddie5,235,1
molooney2p,400,2
rdefries3d,263,2
grubenov4w,86,2
auppett11,176,2
kfideler30,218,1
rdowers48,51,1
atassaker4j,241,2
lnoble46,173,1
skopje1c,286,2
carundel3g,88,2
tscreach32,295,2
cpackington4c,124,2
mescot19,91,2
sofielly2g,275,1
gkaesmans9,230,1
cschinetti4s,80,2
ahurnr,110,2
bpolak2b,127,2
svonderdellt,13,1
kedel4k,154,1
awilbors,25,2
rblancowe3,170,2
pwarnese,310,1
bbeminster5a,377,1
ctrump3o,307,2
rblancowe3,225,1
hcasine8,76,2
mraggv,269,1
abitterton53,232,1
krenackownaw,187,1
bpolak2b,327,1
alequesne4q,105,2
mjorioz2j,31,1
aenright20,399,2
dponder4f,28,2
mhabeshaw29,388,2
bbahike23,194,2
skopje1c,256,2
mhabeshaw29,111,1
jgianasi2t,92,1
eswane3i,130,2
phockey4y,101,1
eadamides2d,129,2
carundel3g,77,2
tpython36,147,2
ckobiera1l,240,1
cheskey1t,72,1
mhunnaball1f,18,2
mcrispe1v,368,2
smaleck5d,322,2
jsirmon4z,83,2
rrosin,101,1
bruddlesden5o,386,2
cschinetti4s,262,2
cschinetti4s,50,2
jpenmanu,282,1
plambourne1x,293,1
mkynnd2q,397,2
bbaxstair1d,202,1
cpinck2s,61,2
pbachellier2x,83,2
ckobiera1l,318,2
jkey4h,22,1
wprangley7,438,1
kdegliabbati5f,253,1
rjoan59,400,2
jguyonnet2u,407,2
amicco42,185,1
oprofitl,163,1
alequesne4q,167,1
oprofitl,233,1
mvarah1w,109,2
skopje1c,97,1
amicco42,102,1
astelfoxx,432,1
grubenov4w,310,2
mmuck57,435,2
jsummerly2c,76,1
hmccague4p,146,2
bturgoose18,390,1
sscamal2m,385,2
isamweyes56,170,1
cheskey1t,101,2
cgoforth17,149,1
jbugden41,26,1
dczyz3a,55,1
tpendergrasto,420,1
jpenmanu,398,1
ehugill55,259,2
afeehely1o,32,1
sofielly2g,120,1
eswane3i,24,2
rdefries3d,408,1
tramsbottom5b,419,2
ggentric4b,26,2
krenackownaw,198,2
gtorald24,251,2
rluebbert21,292,1
cgoforth17,8,1
pwarnese,272,1
lnoble46,417,2
fstachini3j,327,1
jsummerly2c,12,2
jkey4h,336,2
svonderdellt,247,2
ahurnr,228,1
dponder4f,174,2
cpilley33,431,1
zkrienke6,119,2
hschoroder2v,219,1
mkeir5i,183,1
awilbors,151,2
dstoyell5h,66,1
nswinfon43,132,1
ahurnr,324,1
bbeminster5a,198,2
mfulcher1s,240,1
flepick15,67,1
sofielly2g,238,2
awilbors,73,2
cgoforth17,160,2
dspick3b,278,2
abitterton53,137,2
dczyz3a,394,2
hmccague4p,8,1
ibrabonf,80,1
flepick15,177,2
rdefries3d,288,2
kbramham37,135,2
mhunnaball1f,215,1
tfeehan4n,198,2
dlautie1y,160,2
ggentric4b,413,1
cgoforth17,386,2
kmcardle4g,6,1
mcrispe1v,251,1
ehugill55,292,2
cpackington4c,388,2
afihelly2l,336,2
lbeany16,438,1
shargie1i,380,2
ohadlow28,240,2
ebatterson10,178,2
bbeminster5a,179,1
fstachini3j,211,1
rsparrow1n,87,2
iswetmorei,303,1
oprofitl,343,2
rsparrow1n,237,2
dkinzett4o,331,1
econibear2,274,2
mmcilroy5p,79,1
jridgeway25,395,1
tpendergrasto,378,2
kfideler30,102,1
ehugill55,326,2
tmessenger3q,36,2
remes3h,274,1
mjorioz2j,136,1
ccorpe14,79,2
gkreutzer5l,60,2
hfreemantle2y,224,1
wtassell5q,202,1
ahurnr,263,1
kwhyard1g,175,1
mraggv,265,1
rrosin,189,2
neakin1q,356,1
pbauded,406,1
dponder4f,146,1
dmitchleyh,186,2
isamweyes56,262,2
rjoan59,148,1
bmaclaine3y,120,2
acrayden44,356,1
tpython36,131,1
tfeehan4n,113,2
jkey4h,234,2
rgartrell1z,420,2
lnoble46,419,1
nfarman1e,252,1
plambourne1x,359,2
kwhyard1g,364,2
marmatidge5e,48,2
vissacov3u,408,1
cmacgilpatrick3t,15,2
ctrump3o,109,1
rgartrell1z,251,1
mmuck57,50,2
twhitechurch2h,430,1
zgeockle1u,294,1
ggentric4b,22,1
jsirmon4z,257,1
hfreemantle2y,224,2
kdancey5g,328,2
kfeld58,278,1
bprendiville1r,97,1
epeddie5,408,1
bbeminster5a,106,2
gtorald24,164,2
grubenov4w,352,2
bbahike23,359,1
ibeebis31,323,2
cwhysall34,226,1
lstollmeyer49,337,1
cgoforth17,395,1
chaddleston1,204,2
jolooney2r,413,1
gkreutzer5l,299,2
bmaclaine3y,363,1
amicco42,332,2
hmccague4p,37,1
jbugden41,238,2
wprangley7,110,2
cpilley33,436,2
nswinfon43,208,2
molooney2p,96,2
tpendergrasto,252,2
jridgeway25,169,2
ctrump3o,355,1
nabethell22,46,1
smaleck5d,416,1
marmatidge5e,155,1
nswinfon43,132,1
pbachellier2x,329,2
tpython36,111,1
cpackington4c,188,2
eswane3i,252,2
ctrump3o,194,2
kmainwaringm,397,2
gtorald24,339,2
scabotto3f,393,1
awilbors,323,1
bruddlesden5o,57,1
rluebbert21,312,1
bbeminster5a,90,1
tsheringham5k,368,1
mfulcher1s,405,1
mkynnd2q,290,2
rrosin,179,1
mfurminger2o,305,2
isamweyes56,110,1
gnode1a,39,2
bturgoose18,245,2
remes3h,429,1
jpenmanu,349,2
nadamovitchb,229,1
oprofitl,428,1
cwhysall34,137,1
jolooney2r,324,1
dbraunstein5m,251,1
mranscomb4,407,2
lnoble46,39,1
hmyricka,301,2
bmaclaine3y,107,2
jgianasi2t,132,1
awilbors,110,1
mfurminger2o,127,2
ebatterson10,392,1
scroci35,429,1
vrichfieldy,26,2
bbaxstair1d,200,2
rluebbert21,38,1
csillars54,18,1
cpackington4c,171,1
ggentric4b,245,1
rlebarr51,144,1
tfeehan4n,239,2
flepick15,31,2
cpackington4c,12,1
ccorpe14,224,1
mfurminger2o,401,1
gkaesmans9,86,1
ibeebis31,278,2
bturgoose18,295,2
mkeir5i,114,2
kdegliabbati5f,193,2
isamweyes56,191,1
nadamovitchb,113,2
dspick3b,98,1
gkreutzer5l,135,2
phockey4y,20,1
kdancey5g,68,1
dkinzett4o,330,1
lpreshous39,162,2
tpendergrasto,90,1
zgeockle1u,336,2
ksemon3r,136,1
lclaffey3p,141,2
kmainwaringm,62,1
ndevillier38,276,2
hwindress26,23,1
kdancey5g,239,2
jsirmon4z,115,1
ckobiera1l,110,2
molooney2p,136,2
drogister2w,200,1
dyuryev3c,366,1
phockey4y,270,2
krenackownaw,285,1
zkrienke6,388,2
cheskey1t,333,2
ddelacey27,140,1
hschoroder2v,233,2
lclaffey3p,257,1
jridgeway25,17,2
jolooney2r,111,2
neakin1q,279,1
glantoph3w,132,1
econibear2,15,1
gtorald24,92,1
pbauded,29,2
flepick15,308,1
marmatidge5e,420,1
hcasine8,22,2
tramsbottom5b,362,2
glantoph3w,383,1
bpolak2b,287,2
lbeany16,154,2
rblancowe3,322,1
dkinzett4o,393,2
svonderdellt,60,1
kfideler30,3,2
lpreshous39,295,1
molooney2p,1,2
scroci35,154,1
sofielly2g,168,1
bjurewicz4a,275,2
csillars54,347,1
bswiffan3x,422,1
ggentric4b,387,2
jguyonnet2u,140,2
cheskey1t,288,1
nderrick1p,311,1
afeehely1o,209,2
tscreach32,150,1
bprendiville1r,233,2
sbartosch2k,137,2
ccriple4t,22,2
cwattingham4x,63,1
maujean2e,6,2
wprangley7,203,1
ohadlow28,110,2
mhabeshaw29,229,1
cpackington4c,299,1
glantoph3w,272,2
jivanichev4v,243,2
econibear2,418,2
eswane3i,391,1
lbeany16,245,1
nfarman1e,33,1
plambourne1x,285,1
ahurnr,257,2
kauldsz,350,2
astelfoxx,211,1
afeehely1o,115,1
epeddie5,25,2
kbramham37,354,2
sfulton4i,424,2
dstoyell5h,219,2
sscamal2m,437,2
tpython36,242,1
jguyonnet2u,9,2
jbugden41,284,2
cwattingham4x,57,2
mescot19,393,1
sseefeldt47,432,1
scabotto3f,430,1
jbugden41,154,1
jeastwood3v,168,1
ggentric4b,78,1
scabotto3f,189,2
kmainwaringm,290,2
aenright20,359,2
bbaxstair1d,428,1
rrosin,101,1
asnasdell3e,143,1
kdancey5g,37,1
afihelly2l,203,1
bruddlesden5o,20,1
lbeany16,199,2
rblancowe3,219,2
scabotto3f,315,1
dlautie1y,149,1
eaitken1k,419,1
mjolly2i,341,1
vissacov3u,304,1
kfideler30,233,2
gkaesmans9,396,1
sbartosch2k,266,1
djendrys13,271,1
jolooney2r,51,2
erosbotham1m,170,1
lstollmeyer49,346,2
vrichfieldy,394,2
vrichfieldy,199,2
mkynnd2q,61,2
iswetmorei,171,1
zkrienke6,58,1
auppett11,113,2
scabotto3f,413,1
hfreemantle2y,213,2
smcbay4m,402,2
gtorald24,186,1
djendrys13,20,1
lstollmeyer49,169,2
ohadlow28,300,1
ekimmitt5c,218,2
ibrabonf,174,2
ahurnr,28,1
kedel4k,377,2
mranscomb4,202,1
nderrick1p,132,1
flepick15,265,2
tsheringham5k,15,1
mjolly2i,390,1
kbramham37,115,2
dponder4f,154,2
cschinetti4s,324,2
gheeks45,191,1
jsackes3z,34,2
asnasdell3e,173,2
auppett11,288,2
ohadlow28,284,1
hfreemantle2y,326,1
kwhyard1g,57,1
dczyz3a,397,1
jguyonnet2u,243,1
zgeockle1u,324,1
mhunnaball1f,197,2
rrosin,289,1
vrichfieldy,243,1
lclaffey3p,242,2
mjolly2i,39,2
iswetmorei,59,1
smaleck5d,126,1
bandreazzi3s,342,1
ehugill55,102,2
twhitechurch2h,386,1
vsmillieg,177,1
jsirmon4z,135,1
lpreshous39,220,2
afihelly2l,80,1
dspick3b,399,1
jpenmanu,197,2
qbasill2f,141,2
erosbotham1m,163,2
sbergeon2n,80,1
bbahike23,433,2
cetheringtonj,56,1
dbraunstein5m,362,1
skopje1c,69,2
jridgeway25,136,1
jkey4h,265,2
lnoble46,190,1
cpilley33,108,2
kedel4k,270,2
hwindress26,129,2
tfeehan4n,181,1
sbartosch2k,392,1
tscreach32,334,1
dczyz3a,146,2
maujean2e,266,2
marmatidge5e,237,1
mkynnd2q,113,2
vconstantinou5r,178,2
msings4r,115,1
erosbotham1m,117,2
hschoroder2v,227,1
ohadlow28,434,1
afeehely1o,384,2
fstachini3j,59,2
wtassell5q,207,1
gtorald24,5,1
jridgeway25,294,2
awilbors,93,1
mmuck57,389,1
jsackes3z,297,2
twhitechurch2h,313,1
rrosin,124,1
sbrandham2a,348,1
