listID,list_name,description,completed
1,MEGACE,pede justo eu massa donec dapibus duis at velit eu est,0
2,Sweet Clover Mixture,,0
3,Lower Back Complex,turpis nec euismod scelerisque quam turpis adipiscing lorem vitae mattis nibh ligula nec sem,0
4,Aminophylline,magnis dis parturient montes nascetur ridiculus mus vivamus vestibulum sagittis sapien cum sociis natoque penatibus et magnis,1
5,2 in 1,etiam vel augue vestibulum rutrum rutrum neque aenean auctor gravida sem praesent id massa id nisl,0
6,Microgestin,sed tristique in tempus sit amet sem fusce consequat nulla nisl nunc nisl duis bibendum felis sed interdum,1
7,Lactulose,dignissim vestibulum vestibulum ante ipsum primis in faucibus orci luctus et ultrices posuere cubilia curae,0
8,Bio Willow,sed justo pellentesque viverra pede ac diam cras pellentesque volutpat dui maecenas tristique,1
9,CLONIDINE HYDROCHLORIDE,magna at nunc commodo placerat praesent blandit nam nulla integer pede justo lacinia eget tincidunt eget tempus,0
10,Citalopram,,0
11,Cultivated Oat,gravida nisi at nibh in hac habitasse platea dictumst aliquam augue quam sollicitudin vitae consectetuer eget rutrum,1
12,Zonisamide,,0
13,Carvedilol,cum sociis natoque penatibus et magnis dis parturient montes nascetur ridiculus mus vivamus vestibulum sagittis sapien cum sociis,1
14,Tolazamide,,0
15,Black Walnut,sed justo pellentesque viverra pede ac diam cras pellentesque volutpat dui maecenas tristique est et,0
16,Clonazepam,,0
17,Amidate,eu tincidunt in leo maecenas pulvinar lobortis est phasellus sit amet erat,0
18,LBEL NATURAL FINISH MOISTURIZING FOUNDATION SPF 25,,1
19,Dove Men plus Care,suscipit a feugiat et eros vestibulum ac est lacinia nisi venenatis tristique,1
20,Terrasil Cold Sore Treatment,,0
21,Lorazepam,in faucibus orci luctus et ultrices posuere cubilia curae duis faucibus accumsan,1
22,CareOne loperamide hydrochloride,eget vulputate ut ultrices vel augue vestibulum ante ipsum primis in faucibus orci luctus et ultrices posuere cubilia,1
23,donepezil hydrochloride,eget eros elementum pellentesque quisque porta volutpat erat quisque erat eros viverra eget congue eget semper rutrum nulla,0
24,DEXAMETHASONE SODIUM PHOSPHATE,nulla elit ac nulla sed vel enim sit amet nunc,0
25,Aurum 30 Special Order,tempus semper est quam pharetra magna ac consequat metus sapien ut,0
26,Lexapro,,0
27,Allscale,primis in faucibus orci luctus et ultrices posuere cubilia curae nulla dapibus dolor vel est donec,0
28,Cefuroxime Axetil,tortor id nulla ultrices aliquet maecenas leo odio condimentum id luctus nec molestie sed justo,1
29,Hypercalm - Mental Focus,suscipit a feugiat et eros vestibulum ac est lacinia nisi venenatis tristique fusce congue,1
30,PLANTAGO LANCEOLATA POLLEN,ultricies eu nibh quisque id justo sit amet sapien dignissim vestibulum vestibulum ante ipsum primis in,0
31,Ibuprofen,,1
32,ED-A-HIST PSE,sollicitudin vitae consectetuer eget rutrum at lorem integer tincidunt ante vel,1
33,Medi-First,quisque arcu libero rutrum ac lobortis vel dapibus at diam nam tristique tortor eu pede,0
34,Paroxetine,,1
35,EQUUS CABALLUS SKIN,,1
36,Ibuprofen,eu orci mauris lacinia sapien quis libero nullam sit amet turpis elementum ligula vehicula consequat morbi a ipsum integer,1
37,"Acetaminophen, Dextromethorphan Hydrobromide, Guaifenesin, Phenylephrine Hydrochloride",suscipit ligula in lacus curabitur at ipsum ac tellus semper interdum mauris ullamcorper purus sit amet nulla quisque arcu libero,0
38,Antipyrine and Benzocaine,,0
39,Levaquin,tempor convallis nulla neque libero convallis eget eleifend luctus ultricies eu nibh quisque id justo,0
40,Humco Gentian Violet 2%,congue vivamus metus arcu adipiscing molestie hendrerit at vulputate vitae nisl aenean lectus pellentesque eget nunc donec quis,1
41,RUE21 Ocean Breeze Antibacterial Hand Sanitizer,mauris non ligula pellentesque ultrices phasellus id sapien in sapien iaculis congue vivamus metus arcu adipiscing,0
42,Actonel,in lectus pellentesque at nulla suspendisse potenti cras in purus eu magna,0
43,Clearasil Daily Clear,ut nulla sed accumsan felis ut at dolor quis odio consequat varius integer ac leo pellentesque ultrices,1
44,Softlips Salted Caramel,,0
45,ASACOL,tortor sollicitudin mi sit amet lobortis sapien sapien non mi integer ac neque,1
46,Pink Eye Relief,vivamus metus arcu adipiscing molestie hendrerit at vulputate vitae nisl aenean lectus pellentesque eget nunc donec quis orci,0
47,Spinach,curabitur at ipsum ac tellus semper interdum mauris ullamcorper purus,1
48,Nifedipine,,1
49,Softlips,,1
50,Cisplatin,amet turpis elementum ligula vehicula consequat morbi a ipsum integer a nibh,0
51,Nabumetone,vehicula consequat morbi a ipsum integer a nibh in quis justo maecenas rhoncus aliquam lacus morbi quis tortor id nulla,0
52,IMAGE ESSENTIALS,ac tellus semper interdum mauris ullamcorper purus sit amet nulla quisque arcu libero rutrum ac lobortis vel dapibus at,0
53,Head and Shoulders,justo eu massa donec dapibus duis at velit eu est congue elementum in hac habitasse,0
54,Gabapentin,,0
55,Up and Up infants acetaminophen,sed vel enim sit amet nunc viverra dapibus nulla suscipit ligula in lacus curabitur at ipsum ac tellus semper,1
56,chewable,lectus pellentesque at nulla suspendisse potenti cras in purus eu magna vulputate,0
57,Sterile Water,,0
58,Carbidopa and Levodopa,pretium nisl ut volutpat sapien arcu sed augue aliquam erat volutpat in congue etiam,1
59,VITALUMIERE AQUA,,1
60,cortisone,pulvinar nulla pede ullamcorper augue a suscipit nulla elit ac nulla sed vel enim,0
61,Cefprozil,,1
62,HYDROCORTISONE,,0
63,"Molds, Penicillium Mix",quam fringilla rhoncus mauris enim leo rhoncus sed vestibulum sit amet cursus,0
64,Irbesartan and Hydrochlorothiazide,,1
65,FIRMING DAY,eu est congue elementum in hac habitasse platea dictumst morbi vestibulum velit id pretium,0
66,Metoclopramide,luctus ultricies eu nibh quisque id justo sit amet sapien dignissim vestibulum vestibulum ante ipsum primis,1
67,Dextroamphetamine Sulfate,cras non velit nec nisi vulputate nonummy maecenas tincidunt lacus at velit vivamus vel nulla eget eros elementum,1
68,Oily SK Cleansing,,1
69,ALCOHOL FREE HAND SANITIZER,sem praesent id massa id nisl venenatis lacinia aenean sit amet justo morbi ut odio cras mi pede,1
70,Hydrocortisone,,1
71,Ciclopirox Olamine,,0
72,Clarithromycin,quis augue luctus tincidunt nulla mollis molestie lorem quisque ut erat curabitur gravida nisi at,0
73,"Food - Animal Products and Poultry Products, Beef Bovine spp.",lectus vestibulum quam sapien varius ut blandit non interdum in ante vestibulum ante ipsum primis in faucibus orci luctus,1
74,Sorine,iaculis justo in hac habitasse platea dictumst etiam faucibus cursus urna ut tellus nulla ut erat id mauris vulputate,0
75,Hydrate,,1
76,zidovudine,potenti in eleifend quam a odio in hac habitasse platea dictumst maecenas ut massa,1
77,Mata Balm,vestibulum quam sapien varius ut blandit non interdum in ante vestibulum ante,1
78,Night Time Cherry,nulla neque libero convallis eget eleifend luctus ultricies eu nibh quisque id justo,0
79,Mango papaya anti-bacterial SCENTED HAND SANITIZER,,0
80,Hydrocortisone Acetate,,0
81,HEALTHY ACCENTS,at turpis a pede posuere nonummy integer non velit donec diam neque vestibulum eget vulputate,1
82,Metaxalone,velit nec nisi vulputate nonummy maecenas tincidunt lacus at velit vivamus vel nulla eget,1
83,Atorvastatin Calcium,aliquet pulvinar sed nisl nunc rhoncus dui vel sem sed,1
84,Risperidone,sit amet cursus id turpis integer aliquet massa id lobortis convallis tortor risus dapibus augue vel accumsan tellus nisi eu,1
85,doxycycline hyclate,nisi eu orci mauris lacinia sapien quis libero nullam sit amet turpis elementum,1
86,Deb InstantFoam Alcohol Sanitizer,augue luctus tincidunt nulla mollis molestie lorem quisque ut erat curabitur gravida nisi at nibh,1
87,Papaya,in leo maecenas pulvinar lobortis est phasellus sit amet erat nulla tempus vivamus,1
88,Diphenoxylate Hydrochloride and Atropine Sulfate,proin at turpis a pede posuere nonummy integer non velit donec,1
89,Cleocin,,1
90,restorsea Rejuvenating Day SPF 30 Broad Spectrum UVA UVB with Vibransea Complex,,0
91,Flu Relief Therapy Day Time,,1
92,Ibuprofen,,1
93,Cyclobenzaprine Hydrochloride,,0
94,LEADER iNTENSE COUGH RELIEVER,viverra pede ac diam cras pellentesque volutpat dui maecenas tristique est et tempus semper est quam,0
95,Ampicillin and Sulbactam,dapibus nulla suscipit ligula in lacus curabitur at ipsum ac tellus semper interdum,1
96,Epstein Barr Virus Remedy,consequat in consequat ut nulla sed accumsan felis ut at dolor quis odio consequat varius,1
97,Stannum 5,justo aliquam quis turpis eget elit sodales scelerisque mauris sit amet,0
98,MOXEZA,,1
99,ACYCLOVIR,ligula suspendisse ornare consequat lectus in est risus auctor sed tristique in,0
100,CLARINS SKIN ILLUSION Mineral and Plant Extracts SPF 10 Titanium Dioxide- Sunscreen - Natural Radiance Foundation Tint 105,,1
101,Acetaminophen PM,augue vel accumsan tellus nisi eu orci mauris lacinia sapien quis libero nullam sit amet turpis elementum,1
102,PHENDIMETRAZINE TARTRATE,phasellus sit amet erat nulla tempus vivamus in felis eu sapien cursus vestibulum proin eu mi nulla ac enim in,0
103,Xpect First aid Buffered Eye and Skin,,0
104,Lantiseptic,rhoncus mauris enim leo rhoncus sed vestibulum sit amet cursus id turpis integer aliquet massa id lobortis,0
105,NATURAL SUN AQ TOTAL ANTI-AGING ESSENCE SUN,,0
106,Naturasil,,0
107,Parathyreoidea Aurum Special Order,libero nam dui proin leo odio porttitor id consequat in consequat,0
108,Venlafaxine Hydrochloride,ultrices posuere cubilia curae duis faucibus accumsan odio curabitur convallis duis consequat dui nec nisi volutpat eleifend,1
109,Serdaen,,1
110,Phenytoin,praesent blandit nam nulla integer pede justo lacinia eget tincidunt eget,0
111,Depakote,quis augue luctus tincidunt nulla mollis molestie lorem quisque ut erat curabitur,0
112,Chlorthalidone,dis parturient montes nascetur ridiculus mus etiam vel augue vestibulum rutrum rutrum neque aenean auctor gravida sem praesent id,0
113,Bonogen Activator,in est risus auctor sed tristique in tempus sit amet sem fusce consequat nulla,1
114,Cold Sore Treatment,,1
115,SAFEWAY,,1
116,Isopropyl Alcohol,ipsum integer a nibh in quis justo maecenas rhoncus aliquam lacus morbi quis tortor id nulla ultrices,1
117,LANEIGE SNOW CRYSTAL,risus semper porta volutpat quam pede lobortis ligula sit amet eleifend pede libero quis orci nullam molestie nibh in lectus,0
118,CELLBOOSTING HOMME,velit nec nisi vulputate nonummy maecenas tincidunt lacus at velit vivamus,1
119,Rivastigmine Tartrate,justo sollicitudin ut suscipit a feugiat et eros vestibulum ac est lacinia nisi venenatis tristique fusce congue diam id ornare,1
120,Ionite R,eleifend quam a odio in hac habitasse platea dictumst maecenas ut massa quis augue luctus,1
121,ADVATE,tortor duis mattis egestas metus aenean fermentum donec ut mauris eget massa tempor,0
122,Amoxicillin and Clavulanate Potassium,ut rhoncus aliquet pulvinar sed nisl nunc rhoncus dui vel sem sed,0
123,TOLNAFTATE ANTIFUNGAL,id mauris vulputate elementum nullam varius nulla facilisi cras non velit nec nisi,0
124,Lenscale,,0
125,ACNE SOLUTIONS CLEARING CONCEALER,in porttitor pede justo eu massa donec dapibus duis at velit eu,1
126,Ibuprofen,phasellus sit amet erat nulla tempus vivamus in felis eu sapien cursus vestibulum proin eu mi nulla,0
127,Hepatatox,duis mattis egestas metus aenean fermentum donec ut mauris eget massa tempor convallis nulla neque libero convallis,1
128,Chicken Pox Symptom Relief,massa tempor convallis nulla neque libero convallis eget eleifend luctus ultricies eu nibh quisque id justo sit amet sapien,1
129,fexofenadine hydrochloride,neque sapien placerat ante nulla justo aliquam quis turpis eget elit sodales scelerisque mauris sit amet eros suspendisse accumsan tortor,0
130,All Day Allergy,posuere metus vitae ipsum aliquam non mauris morbi non lectus aliquam,1
131,Amlodipine Besylate,ac nibh fusce lacus purus aliquet at feugiat non pretium,0
132,Head and Shoulders Conditioner,turpis a pede posuere nonummy integer non velit donec diam neque vestibulum eget vulputate,0
133,Levitra,eu magna vulputate luctus cum sociis natoque penatibus et magnis dis parturient montes nascetur ridiculus,0
134,OBAGI-C RX SYSTEM NORMAL-OILY,leo odio condimentum id luctus nec molestie sed justo pellentesque viverra pede ac diam,0
135,Pleo Ex,habitasse platea dictumst aliquam augue quam sollicitudin vitae consectetuer eget,1
136,AILANTHUS GLANDULOSUS,,1
137,Ibuprofen,,1
138,E.O.L.,,1
139,Petrolatum,,0
140,Melatonin Forte,vitae quam suspendisse potenti nullam porttitor lacus at turpis donec posuere,0
141,Rapamune,ac enim in tempor turpis nec euismod scelerisque quam turpis adipiscing lorem vitae mattis nibh ligula nec sem,0
142,NICORETTE,,0
143,MAGNESIA PHOS,eget elit sodales scelerisque mauris sit amet eros suspendisse accumsan tortor quis turpis sed ante vivamus,1
144,CEFTRIAXONE,primis in faucibus orci luctus et ultrices posuere cubilia curae donec pharetra magna vestibulum aliquet ultrices erat tortor sollicitudin,1
145,Peppermint Ice anti-bacterial SCENTED HAND SANITIZER,pulvinar nulla pede ullamcorper augue a suscipit nulla elit ac nulla,0
146,BAC-D Antibacterial Wound sanitizer,,1
147,Humulin,morbi ut odio cras mi pede malesuada in imperdiet et commodo vulputate justo in blandit ultrices enim lorem,1
148,Verapamil Hydrochloride,duis at velit eu est congue elementum in hac habitasse platea,1
149,Oil-Free Foaming Acne Wash,justo in blandit ultrices enim lorem ipsum dolor sit amet consectetuer adipiscing elit proin interdum mauris non ligula pellentesque,0
150,Loperamide Hydrochloride,ut odio cras mi pede malesuada in imperdiet et commodo vulputate justo in blandit ultrices enim lorem ipsum,0
151,Cumin,pharetra magna ac consequat metus sapien ut nunc vestibulum ante ipsum primis in faucibus orci,1
152,Carvedilol,lorem quisque ut erat curabitur gravida nisi at nibh in,1
153,ShopRite Childrens Multi Symptom Cold Relief,ipsum primis in faucibus orci luctus et ultrices posuere cubilia curae mauris viverra diam vitae quam suspendisse potenti nullam porttitor,1
154,Clindamycin in 5 Percent Dextrose,,1
155,Doxycycline Hyclate,lacus at velit vivamus vel nulla eget eros elementum pellentesque quisque porta volutpat,1
156,Imipramine Hydrochloride,sem duis aliquam convallis nunc proin at turpis a pede posuere nonummy integer non velit donec diam neque,0
157,Nighttime Cold Flu Relief,,0
158,Atenolol,,0
159,Propranolol Hydrochloride,dolor sit amet consectetuer adipiscing elit proin interdum mauris non ligula pellentesque ultrices phasellus id,1
160,Topcare Nicotine,,1
161,Personal Cloth Wipes,morbi vel lectus in quam fringilla rhoncus mauris enim leo rhoncus sed,1
162,ESIKA Extreme Moisturizing SPF 16,,0
163,Aero Florafree Antibacterial,natoque penatibus et magnis dis parturient montes nascetur ridiculus mus vivamus vestibulum,0
164,BabyGanics Sunscreen,,1
165,healthy accents clear lax,viverra eget congue eget semper rutrum nulla nunc purus phasellus in felis,0
166,Pore Rescue Acne,,0
167,Bystolic,ipsum praesent blandit lacinia erat vestibulum sed magna at nunc commodo placerat praesent blandit nam nulla integer pede justo lacinia,1
168,Kadian ER,,1
169,Maximum Strength PMS Formula,commodo vulputate justo in blandit ultrices enim lorem ipsum dolor sit amet consectetuer adipiscing elit proin interdum mauris non,0
170,Irbesartan,vestibulum aliquet ultrices erat tortor sollicitudin mi sit amet lobortis sapien sapien non mi integer,0
171,Womens Gentle Laxative,elementum eu interdum eu tincidunt in leo maecenas pulvinar lobortis,0
172,Duloxetine,nonummy integer non velit donec diam neque vestibulum eget vulputate,1
173,amlodipine besylate,lectus pellentesque at nulla suspendisse potenti cras in purus eu magna vulputate luctus cum sociis natoque penatibus et magnis dis,0
174,Lobster,vel lectus in quam fringilla rhoncus mauris enim leo rhoncus sed vestibulum sit amet cursus id turpis integer aliquet,1
175,"Food - Plant Source, Pea, Green or English Pisum sativum",dis parturient montes nascetur ridiculus mus vivamus vestibulum sagittis sapien cum sociis natoque penatibus et magnis dis parturient,1
176,Stimulant laxative plus stool softener,tellus semper interdum mauris ullamcorper purus sit amet nulla quisque arcu libero rutrum ac lobortis vel dapibus at diam,0
177,Oxygen,,0
178,XENADERM,odio condimentum id luctus nec molestie sed justo pellentesque viverra pede ac diam,1
179,Hydrogen Peroxide,,0
180,Medical Provider Single Use EZ Flu Shot Fluvirin 2014-2015,,0
181,Myxcin-C,,0
182,Ropinirole Hydrochloride,,0
183,Tramadol Hydrochloride,at dolor quis odio consequat varius integer ac leo pellentesque ultrices mattis odio donec vitae,1
184,Ceftriaxone,,0
185,TOFRANIL,duis consequat dui nec nisi volutpat eleifend donec ut dolor morbi vel lectus in quam fringilla rhoncus,1
186,HYDROCODONE BITARTRATE AND ACETAMINOPHEN,nisi venenatis tristique fusce congue diam id ornare imperdiet sapien urna pretium nisl ut volutpat sapien,1
187,Glipizide,tortor duis mattis egestas metus aenean fermentum donec ut mauris eget massa tempor,1
188,PsoCleer,rutrum nulla nunc purus phasellus in felis donec semper sapien a libero nam dui proin leo odio porttitor,1
189,Hydrocodone Bitartrate and Acetaminophen,,0
190,Epicoccum nigrum,,0
191,MAX,nisi eu orci mauris lacinia sapien quis libero nullam sit amet turpis elementum ligula vehicula consequat morbi,1
192,SPF 30 Sunscreen Tottle,potenti nullam porttitor lacus at turpis donec posuere metus vitae ipsum aliquam non mauris morbi non lectus,0
193,Naproxen Sodium,non quam nec dui luctus rutrum nulla tellus in sagittis dui vel nisl duis ac,0
194,Injury Topical,,1
195,Sheep Sorrel,cubilia curae mauris viverra diam vitae quam suspendisse potenti nullam porttitor lacus at turpis,0
196,Treatment Set TS331413,ante ipsum primis in faucibus orci luctus et ultrices posuere cubilia curae mauris viverra,1
197,Ampicillin and Sulbactam,sit amet sapien dignissim vestibulum vestibulum ante ipsum primis in faucibus orci luctus et ultrices posuere cubilia curae nulla,1
198,ProBLEN Libido,amet cursus id turpis integer aliquet massa id lobortis convallis tortor,1
199,Citrus Urtica comp. Special Order,vestibulum sagittis sapien cum sociis natoque penatibus et magnis dis parturient montes nascetur ridiculus mus etiam vel augue vestibulum rutrum,1
200,Losartan Potassium,cubilia curae nulla dapibus dolor vel est donec odio justo sollicitudin ut suscipit,1
201,Aplicare Antiseptic Perineal Wash II,,1
202,PECAN,aliquet ultrices erat tortor sollicitudin mi sit amet lobortis sapien sapien non mi integer ac,0
203,headache relief,,1
204,azithromycin,imperdiet nullam orci pede venenatis non sodales sed tincidunt eu felis fusce posuere felis sed lacus morbi sem mauris,1
205,Yellow Pine,lacus at velit vivamus vel nulla eget eros elementum pellentesque quisque porta volutpat erat quisque,1
206,SOL LEON Sunscreen SPF 15,,0
207,kirkland signature aller fex,,0
208,Eve Lom Brilliant Cover Concealer Broad Spectrum SPF 15 Sunscreen,arcu sed augue aliquam erat volutpat in congue etiam justo etiam pretium,0
209,Extra Strength Pain Reliever,nibh in quis justo maecenas rhoncus aliquam lacus morbi quis tortor id nulla ultrices aliquet maecenas leo odio condimentum id,0
210,Up (and) Up Green Apple Scent,,1
211,Miconazole Nitrate,ultrices erat tortor sollicitudin mi sit amet lobortis sapien sapien non mi integer ac neque duis bibendum morbi non,1
212,povidine iodine,nulla dapibus dolor vel est donec odio justo sollicitudin ut suscipit a feugiat et eros vestibulum ac est lacinia nisi,1
213,Topiramate,sapien dignissim vestibulum vestibulum ante ipsum primis in faucibus orci luctus et ultrices posuere cubilia curae nulla dapibus dolor vel,1
214,Neutrogena Rapid Clear,,0
215,Loratadine D,,1
216,Perphenazine and Amitriptyline Hydrochloride,sapien non mi integer ac neque duis bibendum morbi non quam nec,1
217,CHLORZOXAZONE,,0
218,GOJO E2 Foam Handwash with PCMX,justo morbi ut odio cras mi pede malesuada in imperdiet et commodo vulputate justo,1
219,Risperidone,aenean auctor gravida sem praesent id massa id nisl venenatis lacinia aenean sit,0
220,Warfarin Sodium,,0
221,Ranitidine Hydrochloride,vulputate ut ultrices vel augue vestibulum ante ipsum primis in faucibus orci,0
222,Hygienic Cleansing Pads,platea dictumst etiam faucibus cursus urna ut tellus nulla ut erat id mauris vulputate elementum,0
223,Risperidone,est donec odio justo sollicitudin ut suscipit a feugiat et eros,1
224,Hydralazine Hydrochloride,in est risus auctor sed tristique in tempus sit amet sem fusce consequat nulla,1
225,Rite Aid,leo rhoncus sed vestibulum sit amet cursus id turpis integer aliquet massa id lobortis convallis tortor risus dapibus augue vel,1
226,Nitroglycerin,duis at velit eu est congue elementum in hac habitasse platea dictumst morbi vestibulum velit id,0
227,kirkland signature quit 4,turpis eget elit sodales scelerisque mauris sit amet eros suspendisse accumsan tortor quis,0
228,Lisinopril,id ornare imperdiet sapien urna pretium nisl ut volutpat sapien arcu sed augue aliquam erat,1
229,Enteric Coated Aspirin,posuere cubilia curae nulla dapibus dolor vel est donec odio justo sollicitudin,1
230,Sulfamethoxazole and Trimethoprim,magna bibendum imperdiet nullam orci pede venenatis non sodales sed tincidunt eu,0
231,Adapalene,eget rutrum at lorem integer tincidunt ante vel ipsum praesent blandit lacinia erat vestibulum sed magna at nunc commodo placerat,0
232,risperidone,id turpis integer aliquet massa id lobortis convallis tortor risus dapibus augue vel accumsan tellus,0
233,Tramadol Hydrochloride,in felis eu sapien cursus vestibulum proin eu mi nulla ac enim in,0
234,Vineyard Grape Antibacterial Hand Wash,dapibus nulla suscipit ligula in lacus curabitur at ipsum ac tellus semper interdum mauris ullamcorper purus,0
235,cilostazol,lacus morbi sem mauris laoreet ut rhoncus aliquet pulvinar sed nisl nunc rhoncus,0
236,Wok Lok Pain Relieving Oil,,0
237,Melphalan Hydrochloride,lacus morbi quis tortor id nulla ultrices aliquet maecenas leo odio condimentum id luctus nec,0
238,ANNUAL SALTBUSH POLLEN,eros suspendisse accumsan tortor quis turpis sed ante vivamus tortor duis mattis egestas metus aenean fermentum donec ut,0
239,CREEPING BENT GRASS POLLEN,in lectus pellentesque at nulla suspendisse potenti cras in purus eu magna vulputate luctus,1
240,TEETHING KIDS RELIEF,,0
241,Naproxen,viverra eget congue eget semper rutrum nulla nunc purus phasellus in felis donec semper sapien,1
242,Paroxetine,,1
243,Oxygen,aliquet pulvinar sed nisl nunc rhoncus dui vel sem sed sagittis nam congue risus,0
244,Aveeno Positively Ageless Complete Anti Aging System,fermentum donec ut mauris eget massa tempor convallis nulla neque libero convallis,1
245,HYDROCODONE BITARTRATE AND ACETAMINOPHEN,ante ipsum primis in faucibus orci luctus et ultrices posuere cubilia curae mauris viverra diam vitae quam suspendisse potenti nullam,1
246,Cephalexin,ipsum aliquam non mauris morbi non lectus aliquam sit amet diam in magna bibendum imperdiet,0
247,Pluratuss,,0
248,LAMOTRIGINE,eget semper rutrum nulla nunc purus phasellus in felis donec semper sapien a libero nam dui proin leo odio porttitor,1
249,YS Solution Ac control Skin Regular Mild,,1
250,Tobacco Leaf,nisl nunc rhoncus dui vel sem sed sagittis nam congue risus semper porta,1
251,Oxcarbazepine,aliquet ultrices erat tortor sollicitudin mi sit amet lobortis sapien sapien non mi integer ac neque,0
252,Zyprexa,vestibulum sagittis sapien cum sociis natoque penatibus et magnis dis parturient montes nascetur ridiculus,0
253,nicotine,libero nullam sit amet turpis elementum ligula vehicula consequat morbi a ipsum integer a nibh,1
254,HYDROCODONE BITARTRATE AND ACETAMINOPHEN,felis donec semper sapien a libero nam dui proin leo odio,0
255,Miconazole Nitrate,a feugiat et eros vestibulum ac est lacinia nisi venenatis tristique fusce congue diam id ornare imperdiet sapien urna,1
256,Cantaloupe,integer ac leo pellentesque ultrices mattis odio donec vitae nisi nam ultrices libero,1
257,Penicillin V Potassium,nonummy integer non velit donec diam neque vestibulum eget vulputate ut ultrices,0
258,Teveten,ut massa quis augue luctus tincidunt nulla mollis molestie lorem quisque ut,1
259,Prednisone,lacus at turpis donec posuere metus vitae ipsum aliquam non mauris morbi non lectus aliquam sit amet,0
260,UV ESSENTIEL,rutrum at lorem integer tincidunt ante vel ipsum praesent blandit lacinia erat vestibulum sed magna at nunc commodo,0
261,Relpax,,1
262,ChapStick Classic Spearmint,vel enim sit amet nunc viverra dapibus nulla suscipit ligula in lacus curabitur at ipsum ac tellus,0
263,zaleplon,sit amet consectetuer adipiscing elit proin interdum mauris non ligula pellentesque ultrices phasellus id,0
264,NAPRELAN,tincidunt eu felis fusce posuere felis sed lacus morbi sem mauris laoreet ut,1
265,Alprazolam,,1
266,Ginger Lime Hand Sanitizer,nam nulla integer pede justo lacinia eget tincidunt eget tempus vel pede morbi porttitor lorem id ligula suspendisse ornare consequat,0
267,Enoxaparin Sodium,habitasse platea dictumst maecenas ut massa quis augue luctus tincidunt nulla mollis molestie lorem quisque ut erat curabitur gravida nisi,0
268,Cetirizine Hydrochloride,,0
269,Primidone,,1
270,pain reliever,a suscipit nulla elit ac nulla sed vel enim sit,1
271,Meprobamate,felis eu sapien cursus vestibulum proin eu mi nulla ac enim in,1
272,Digoxin,,0
273,AMOXICILLIN,bibendum morbi non quam nec dui luctus rutrum nulla tellus in sagittis dui vel nisl duis ac nibh,1
274,Morphine Sulfate,,1
275,Lotrimin,vitae ipsum aliquam non mauris morbi non lectus aliquam sit amet diam in magna bibendum imperdiet nullam orci pede venenatis,0
276,"Acetaminophen,Dextromethorphan,Phenylephrine",a libero nam dui proin leo odio porttitor id consequat in consequat ut nulla sed accumsan felis ut at dolor,1
277,PreviDent,erat id mauris vulputate elementum nullam varius nulla facilisi cras non velit nec nisi,1
278,Buspirone Hydrochloride,gravida nisi at nibh in hac habitasse platea dictumst aliquam augue quam sollicitudin,0
279,APPLE,ut erat id mauris vulputate elementum nullam varius nulla facilisi cras non velit,1
280,Nicotine,dignissim vestibulum vestibulum ante ipsum primis in faucibus orci luctus et ultrices posuere cubilia curae nulla dapibus dolor vel,0
281,Extra Strength Gas Relief,in hac habitasse platea dictumst etiam faucibus cursus urna ut tellus nulla ut erat id,0
282,DR. WALTONS COOL AND HOT ANALGESIC,curabitur gravida nisi at nibh in hac habitasse platea dictumst aliquam,1
283,Herbalife SKIN,neque duis bibendum morbi non quam nec dui luctus rutrum nulla tellus in sagittis dui vel nisl duis ac nibh,0
284,Risperidone,ac nulla sed vel enim sit amet nunc viverra dapibus nulla suscipit ligula in lacus curabitur at ipsum,1
285,Etodolac,habitasse platea dictumst aliquam augue quam sollicitudin vitae consectetuer eget rutrum at lorem integer,0
286,NovoSeven,tortor duis mattis egestas metus aenean fermentum donec ut mauris eget massa tempor convallis nulla,1
287,Cargo Tinted Moisturizer SPF 20,nunc purus phasellus in felis donec semper sapien a libero,1
288,Walgreens Sunscreen Sport,sed nisl nunc rhoncus dui vel sem sed sagittis nam congue,0
289,HZ,orci luctus et ultrices posuere cubilia curae donec pharetra magna,1
290,CELEBREX,tempor convallis nulla neque libero convallis eget eleifend luctus ultricies eu nibh quisque id justo sit amet sapien dignissim,1
291,Lithium Carbonate,lobortis sapien sapien non mi integer ac neque duis bibendum morbi non quam,0
292,CORTEF,turpis adipiscing lorem vitae mattis nibh ligula nec sem duis aliquam,1
293,SHISEIDO PERFECT REFINING FOUNDATION,,1
294,smart sense acid reducer,pellentesque at nulla suspendisse potenti cras in purus eu magna vulputate luctus cum sociis natoque penatibus et magnis dis parturient,1
295,Ciclopirox,elementum eu interdum eu tincidunt in leo maecenas pulvinar lobortis est phasellus sit amet erat nulla tempus vivamus in felis,1
296,Ibuprofen,suscipit a feugiat et eros vestibulum ac est lacinia nisi venenatis tristique fusce congue diam id ornare imperdiet sapien,1
297,SUPER BB,nulla neque libero convallis eget eleifend luctus ultricies eu nibh quisque id justo sit amet sapien dignissim vestibulum vestibulum ante,0
298,VYTORIN,,1
299,Lisinopril,eu massa donec dapibus duis at velit eu est congue elementum,0
300,Boscia Daily Defense Sunscreen Broad Spectrum SPF 50 PA,quis orci nullam molestie nibh in lectus pellentesque at nulla suspendisse potenti cras in purus eu magna vulputate luctus cum,0
301,CLARINS Skin Illusion SPF 10 Natural Radiance Foundation Tint 118,sed tincidunt eu felis fusce posuere felis sed lacus morbi sem mauris laoreet ut rhoncus aliquet pulvinar,0
302,QUALITY CHOICE OMEPRAZOLE,sagittis sapien cum sociis natoque penatibus et magnis dis parturient montes nascetur ridiculus mus etiam,0
303,Disney PIXAR Cars Antibacterial Hand Wipes,,0
304,Neutrogena Ultimate Sport Sunblock,est lacinia nisi venenatis tristique fusce congue diam id ornare imperdiet sapien urna,0
305,Mannitol,sapien arcu sed augue aliquam erat volutpat in congue etiam justo,1
306,Cartilago Quartz,,0
307,Chapstick Moisturizer Raspberry Creme,turpis eget elit sodales scelerisque mauris sit amet eros suspendisse accumsan,0
308,Vitamin B5 Velvet Mask,,1
309,VISIBLE DIFFERENCE SKIN BALANCING SUNSCREEN SPF 15,fermentum donec ut mauris eget massa tempor convallis nulla neque libero convallis,1
310,PCMX with Emollient,dictumst aliquam augue quam sollicitudin vitae consectetuer eget rutrum at,1
311,Topamax,maecenas pulvinar lobortis est phasellus sit amet erat nulla tempus vivamus in felis eu sapien cursus vestibulum proin eu,1
312,BZK Plus Swabsticks,sed vel enim sit amet nunc viverra dapibus nulla suscipit ligula in lacus curabitur at ipsum ac tellus semper,0
313,Nasal,ac enim in tempor turpis nec euismod scelerisque quam turpis adipiscing lorem vitae mattis nibh ligula nec sem,0
314,MANICURE BY OPI - FINISHING BUTTER,,0
315,White Mulberry,a suscipit nulla elit ac nulla sed vel enim sit amet nunc viverra,1
316,Viscumforce,proin leo odio porttitor id consequat in consequat ut nulla sed accumsan felis ut at,1
317,Leukine,risus praesent lectus vestibulum quam sapien varius ut blandit non interdum in ante vestibulum,1
318,Ciprofloxacin hydrochloride,mattis nibh ligula nec sem duis aliquam convallis nunc proin at turpis a pede posuere nonummy,0
319,Topcare Stomach Relief,in eleifend quam a odio in hac habitasse platea dictumst maecenas ut massa quis augue luctus tincidunt nulla,0
320,oxycodone hydrochloride,scelerisque quam turpis adipiscing lorem vitae mattis nibh ligula nec sem duis aliquam convallis nunc proin at turpis a pede,0
321,Azithromycin Dihydrate,,1
322,NBE Cool Mint,nullam sit amet turpis elementum ligula vehicula consequat morbi a ipsum,1
323,Cover Fx BB Gel Mattfying Anti-Blemish N Medium,quisque id justo sit amet sapien dignissim vestibulum vestibulum ante ipsum primis in faucibus orci,1
324,triple antibiotic plus,,0
325,Minocycline hydrochloride,molestie lorem quisque ut erat curabitur gravida nisi at nibh in hac habitasse platea dictumst aliquam augue quam,0
326,Rabbit Hair,duis faucibus accumsan odio curabitur convallis duis consequat dui nec nisi volutpat eleifend donec ut dolor morbi vel,0
327,Hot Spot,,0
328,FENOFIBRATE,quis libero nullam sit amet turpis elementum ligula vehicula consequat morbi a ipsum integer a nibh in quis justo,1
329,Pfizerpen,,1
330,CAREONE,nulla ac enim in tempor turpis nec euismod scelerisque quam turpis adipiscing lorem vitae mattis nibh ligula,1
331,GAS AND COLIC KIDS RELIEF,sapien dignissim vestibulum vestibulum ante ipsum primis in faucibus orci luctus et ultrices posuere cubilia,0
332,Magnesium Oxide,faucibus orci luctus et ultrices posuere cubilia curae donec pharetra magna vestibulum aliquet ultrices erat tortor sollicitudin mi,0
333,dg health pain reliever,,1
334,Trihexyphenidyl Hydrochloride,molestie hendrerit at vulputate vitae nisl aenean lectus pellentesque eget nunc donec quis,1
335,Trandolapril,fusce consequat nulla nisl nunc nisl duis bibendum felis sed interdum,0
336,Anagrelide Hydrochloride,quis orci eget orci vehicula condimentum curabitur in libero ut,0
337,BOTRYTIS CINEREA,vel enim sit amet nunc viverra dapibus nulla suscipit ligula in lacus curabitur at,0
338,Hand Sanitizer,odio justo sollicitudin ut suscipit a feugiat et eros vestibulum ac est lacinia nisi,0
339,Hydrogen Peroxide,,0
340,Salsalate,pede malesuada in imperdiet et commodo vulputate justo in blandit ultrices enim,1
341,CVS PHARMACY,in imperdiet et commodo vulputate justo in blandit ultrices enim lorem ipsum dolor sit amet consectetuer,0
342,Ciprofloxacin,ipsum primis in faucibus orci luctus et ultrices posuere cubilia curae donec pharetra magna vestibulum aliquet ultrices erat tortor,0
343,Tiger Balm,morbi vel lectus in quam fringilla rhoncus mauris enim leo rhoncus sed vestibulum sit amet cursus id,1
344,Kaopectate Regular Strength Peppermint Flavor Anti Diarrheal,,0
345,Apis ex animale 30,,0
346,Coconut Vanilla Hand Sanitizer,mauris enim leo rhoncus sed vestibulum sit amet cursus id turpis integer aliquet,1
347,PROMETHEGAN,sapien arcu sed augue aliquam erat volutpat in congue etiam,1
348,Burkhart,sit amet justo morbi ut odio cras mi pede malesuada in imperdiet et commodo vulputate justo in blandit,1
349,methylphenidate hydrochloride CD,vestibulum ante ipsum primis in faucibus orci luctus et ultrices posuere cubilia,0
350,Pain Relief PM,pulvinar sed nisl nunc rhoncus dui vel sem sed sagittis nam congue risus semper,1
351,CVS Revitalift Complete with SPF-15,semper rutrum nulla nunc purus phasellus in felis donec semper sapien a libero nam dui,0
352,Morgidox,sapien cum sociis natoque penatibus et magnis dis parturient montes nascetur ridiculus mus etiam vel augue vestibulum rutrum rutrum,0
353,Valsartan and Hydrochlorothiazide,blandit lacinia erat vestibulum sed magna at nunc commodo placerat praesent blandit,1
354,Vanos,justo lacinia eget tincidunt eget tempus vel pede morbi porttitor lorem id ligula suspendisse ornare consequat lectus in est,1
355,Mucor racemosus,,0
356,Myrbetriq,nisi vulputate nonummy maecenas tincidunt lacus at velit vivamus vel nulla eget eros elementum pellentesque quisque porta volutpat,1
357,Degree,fusce lacus purus aliquet at feugiat non pretium quis lectus suspendisse potenti in eleifend quam a,0
358,Triamcinolone Acetonide,lorem ipsum dolor sit amet consectetuer adipiscing elit proin interdum mauris non ligula pellentesque,1
359,Ethyl Rubbing Alcohol,pellentesque quisque porta volutpat erat quisque erat eros viverra eget congue eget semper rutrum,0
360,BROMUS INERMIS POLLEN,eu orci mauris lacinia sapien quis libero nullam sit amet turpis elementum ligula,1
361,METRONIDAZOLE,turpis integer aliquet massa id lobortis convallis tortor risus dapibus augue vel accumsan tellus nisi,1
362,ROBINIA PSEUDOACACIA POLLEN,vivamus metus arcu adipiscing molestie hendrerit at vulputate vitae nisl aenean lectus pellentesque eget nunc donec quis,0
363,acid reducer,mattis nibh ligula nec sem duis aliquam convallis nunc proin at turpis a pede posuere nonummy integer,0
364,Amlodipine and Valsartan,sapien a libero nam dui proin leo odio porttitor id consequat,0
365,Alendronate Sodium,aenean fermentum donec ut mauris eget massa tempor convallis nulla neque,0
366,ERIVEDGE,luctus et ultrices posuere cubilia curae mauris viverra diam vitae quam suspendisse potenti nullam porttitor lacus at turpis donec,0
367,Goat Epithelia,,1
368,Essential Shockeye and Lip,dignissim vestibulum vestibulum ante ipsum primis in faucibus orci luctus et ultrices posuere cubilia curae nulla dapibus dolor,1
369,care one flu and severe cold and cough,a ipsum integer a nibh in quis justo maecenas rhoncus aliquam lacus morbi quis tortor id nulla,1
370,Valium,sit amet eleifend pede libero quis orci nullam molestie nibh in,0
371,Hydralazine Hydrochloride,et eros vestibulum ac est lacinia nisi venenatis tristique fusce congue diam id ornare imperdiet sapien urna pretium nisl ut,0
372,Triple Antibiotic Ointment,felis donec semper sapien a libero nam dui proin leo odio porttitor id consequat in consequat ut nulla,0
373,FOSAMAX PLUS D,semper interdum mauris ullamcorper purus sit amet nulla quisque arcu libero rutrum ac lobortis vel dapibus,0
374,temazepam,congue vivamus metus arcu adipiscing molestie hendrerit at vulputate vitae nisl aenean lectus pellentesque eget nunc donec quis,1
375,CareOne Adult Tussin DM,lacus morbi sem mauris laoreet ut rhoncus aliquet pulvinar sed,0
376,GOLD CAVIAR BB,,1
377,Exuviance Sheer Refining Fluid SPF 35,imperdiet et commodo vulputate justo in blandit ultrices enim lorem ipsum dolor,1
378,Metolazone,in libero ut massa volutpat convallis morbi odio odio elementum eu,0
379,ISA KNOX WXII PLUS WHITENING REVOLUTION SERUM,sed tincidunt eu felis fusce posuere felis sed lacus morbi,1
380,TIAZAC,,0
381,Alendronate Sodium,,1
382,RUNNY NOSE,vitae quam suspendisse potenti nullam porttitor lacus at turpis donec,0
383,BencoCaine Topical Anesthetic,,1
384,Amitriptyline Hydrochloride,orci luctus et ultrices posuere cubilia curae duis faucibus accumsan odio curabitur convallis duis consequat dui nec,1
385,Sword Fish,tempor convallis nulla neque libero convallis eget eleifend luctus ultricies eu,1
386,Virginia Live Oak,velit nec nisi vulputate nonummy maecenas tincidunt lacus at velit vivamus vel nulla,0
387,Gastritis - Ulcer,nonummy integer non velit donec diam neque vestibulum eget vulputate ut,0
388,Bio Vervain,orci luctus et ultrices posuere cubilia curae duis faucibus accumsan odio curabitur convallis duis consequat dui,1
389,SOLU-MEDROL,in ante vestibulum ante ipsum primis in faucibus orci luctus,1
390,ATACAND HCT,,0
391,Pantoprazole Sodium,semper interdum mauris ullamcorper purus sit amet nulla quisque arcu libero rutrum ac lobortis vel dapibus at,1
392,DOCUSATE SODIUM,morbi vel lectus in quam fringilla rhoncus mauris enim leo rhoncus,0
393,Amoxicillin and Clavulanate Potassium,justo aliquam quis turpis eget elit sodales scelerisque mauris sit,1
394,Topiramate,aliquet maecenas leo odio condimentum id luctus nec molestie sed justo pellentesque viverra,1
395,Vecuronium,sociis natoque penatibus et magnis dis parturient montes nascetur ridiculus,1
396,Ceftriaxone,sit amet cursus id turpis integer aliquet massa id lobortis convallis,0
397,Purminerals 4 in 1 Makeup SPF 15 Deeper,ultrices posuere cubilia curae nulla dapibus dolor vel est donec odio justo sollicitudin ut suscipit a feugiat et eros,1
398,Aconitum e tub. 6 Special Order,venenatis lacinia aenean sit amet justo morbi ut odio cras mi pede malesuada in imperdiet et commodo,0
399,EXTRA STRENGTH WITH NATURAL MENTHOL GLACIER MINT COUGH SUPPRESSANT,mauris sit amet eros suspendisse accumsan tortor quis turpis sed ante vivamus tortor duis mattis,0
400,Stool Softener,sapien arcu sed augue aliquam erat volutpat in congue etiam justo etiam pretium iaculis justo in hac habitasse platea dictumst,1
401,Visco-Gel Medicated Round Callus Removers,orci eget orci vehicula condimentum curabitur in libero ut massa volutpat convallis morbi odio odio elementum eu interdum,0
402,Brut Black Ice,quisque erat eros viverra eget congue eget semper rutrum nulla nunc purus phasellus in felis donec semper sapien,1
403,EX-LAX,ac nibh fusce lacus purus aliquet at feugiat non pretium quis lectus suspendisse,0
404,SuperPlus Beblesh Balm SPF25 PA 2Plus,,0
405,Carvedilol,imperdiet nullam orci pede venenatis non sodales sed tincidunt eu felis fusce posuere felis sed lacus,1
406,"Pollens - Trees, Mesquite, Prosopis juliflora",nisi nam ultrices libero non mattis pulvinar nulla pede ullamcorper augue a suscipit nulla elit ac nulla sed,0
407,RG Sport Inv.Solid Antiperspirant Deodorant Cool,metus aenean fermentum donec ut mauris eget massa tempor convallis,1
408,Firefly Angry Birds Fluoride,integer aliquet massa id lobortis convallis tortor risus dapibus augue vel accumsan tellus nisi eu orci mauris lacinia,1
409,Eight Hour Cream Intensive Daily Moisturizer For Face SPF 15,,1
410,Indiclor,sapien sapien non mi integer ac neque duis bibendum morbi non quam nec dui luctus rutrum,1
411,Buprenorphine HCl and Naloxone HCl,consequat varius integer ac leo pellentesque ultrices mattis odio donec vitae nisi nam ultrices libero non mattis pulvinar nulla,1
412,Caffeine Citrate,,1
413,Bite Beauty SPF 15 Sheer Balm,,0
414,Viagra,pellentesque ultrices mattis odio donec vitae nisi nam ultrices libero,1
415,Opana,,1
416,exotic cherry blossom kit,iaculis congue vivamus metus arcu adipiscing molestie hendrerit at vulputate vitae nisl aenean lectus pellentesque eget nunc donec,0
417,CRIXIVAN,sed vestibulum sit amet cursus id turpis integer aliquet massa id lobortis convallis tortor risus,0
418,Soothe and Cool Non-Caking,at nulla suspendisse potenti cras in purus eu magna vulputate,0
419,Diltiazem Hydrochloride,felis ut at dolor quis odio consequat varius integer ac leo pellentesque ultrices mattis odio,1
420,good sense acid reducer,,0
421,Leader Childrens Allergy Relief,lacinia erat vestibulum sed magna at nunc commodo placerat praesent blandit nam nulla,0
422,Ramipril,sed lacus morbi sem mauris laoreet ut rhoncus aliquet pulvinar sed nisl nunc rhoncus,0
423,Sulfamethoxazole and Trimethoprim,nulla tempus vivamus in felis eu sapien cursus vestibulum proin eu mi nulla ac enim in tempor turpis nec euismod,0
424,MINTOX MAXIMUM STRENGTH,,1
425,Good Sense Nasal Decongestant,nullam varius nulla facilisi cras non velit nec nisi vulputate nonummy maecenas,1
426,Montelukast Sodium,,0
427,Candida Alb,primis in faucibus orci luctus et ultrices posuere cubilia curae nulla dapibus dolor,0
428,Kali bichromicum,,0
429,Trihexyphenidyl Hydrochloride,dolor quis odio consequat varius integer ac leo pellentesque ultrices mattis odio donec vitae nisi nam ultrices,0
430,Alprazolam,molestie nibh in lectus pellentesque at nulla suspendisse potenti cras in purus eu magna vulputate luctus cum,0
431,SEROQUEL,,1
432,Nimbex,sagittis dui vel nisl duis ac nibh fusce lacus purus aliquet at feugiat non pretium,0
433,equate pain and fever,,1
434,good sense ibuprofen,,0
435,APIS MELLIFERA,laoreet ut rhoncus aliquet pulvinar sed nisl nunc rhoncus dui vel sem sed sagittis nam congue,0
436,Diltiazem Hydrochloride,,0
437,flu and severe cold and cough,in felis donec semper sapien a libero nam dui proin,1
438,Amoxicillin,,1
439,Namenda,accumsan tellus nisi eu orci mauris lacinia sapien quis libero,1
440,Amazonian Clay 12-Hour Full Coverage Foundation Broad Spectrum SPF 15 Sunscreen,in faucibus orci luctus et ultrices posuere cubilia curae mauris viverra diam vitae quam suspendisse potenti nullam porttitor lacus,0
441,HAMSOA ATOBY MEDI,,0
442,Mometasone Furoate,,0
443,Sumatriptan Succinate,enim leo rhoncus sed vestibulum sit amet cursus id turpis integer,0
444,Eco-Clean Elite,sit amet eleifend pede libero quis orci nullam molestie nibh in lectus pellentesque at nulla suspendisse potenti,0
445,Sheep Sorrel,amet nulla quisque arcu libero rutrum ac lobortis vel dapibus at diam nam tristique,1
446,Digoxin,,1
447,QUERCUS ALBA POLLEN,turpis nec euismod scelerisque quam turpis adipiscing lorem vitae mattis nibh ligula nec sem duis aliquam convallis nunc,1
448,Desmopressin Acetate,purus aliquet at feugiat non pretium quis lectus suspendisse potenti in eleifend quam a odio,1
449,Copper Oxide 0.4,nunc proin at turpis a pede posuere nonummy integer non velit donec,0
450,Fluticasone Propionate,vel augue vestibulum rutrum rutrum neque aenean auctor gravida sem praesent id massa id nisl venenatis lacinia aenean,0
451,Covergirl Queen Collection All Day Flawless 3in1 Foundation,sapien a libero nam dui proin leo odio porttitor id consequat in consequat ut nulla sed accumsan felis ut at,0
452,Spiriva,nisi venenatis tristique fusce congue diam id ornare imperdiet sapien,1
453,Thiothixene,consectetuer eget rutrum at lorem integer tincidunt ante vel ipsum praesent blandit lacinia erat vestibulum sed magna,1
454,Bethanechol Chloride,vitae consectetuer eget rutrum at lorem integer tincidunt ante vel ipsum praesent,0
455,Oxygen,dictumst aliquam augue quam sollicitudin vitae consectetuer eget rutrum at lorem,0
456,Lymphocytes 8,nullam porttitor lacus at turpis donec posuere metus vitae ipsum aliquam non mauris morbi,1
457,everyone Hand Sanitizer,,0
458,CARISOPRODOL,lectus pellentesque at nulla suspendisse potenti cras in purus eu magna vulputate luctus cum sociis,1
459,Clear Choice Ibuprofen,at nunc commodo placerat praesent blandit nam nulla integer pede justo lacinia eget tincidunt eget tempus vel pede,1
460,Sabina Kit Refill,ultrices posuere cubilia curae mauris viverra diam vitae quam suspendisse potenti nullam porttitor lacus at turpis donec posuere,0
461,Promethazine With Codeine Cough,tortor id nulla ultrices aliquet maecenas leo odio condimentum id,1
462,"Acetaminophen, Dextromethorphan Hydrobromide, Guaifenesin, Phenylephrine Hydrochloride",justo in blandit ultrices enim lorem ipsum dolor sit amet consectetuer adipiscing elit proin interdum,0
463,SunScreen SPF30,platea dictumst morbi vestibulum velit id pretium iaculis diam erat fermentum justo nec condimentum neque,1
464,Propranolol Hydrochloride,,0
465,ROSACEA FREE,dolor vel est donec odio justo sollicitudin ut suscipit a feugiat et,0
466,Borba Age Defying,montes nascetur ridiculus mus etiam vel augue vestibulum rutrum rutrum neque aenean auctor gravida sem praesent id massa,0
467,Pinchot Juniper,,0
468,Leflunomide,,1
469,DawnMist Clean Fresh Scent Roll-On Antiperspirant Deodorant,quam suspendisse potenti nullam porttitor lacus at turpis donec posuere metus vitae ipsum aliquam non mauris morbi non lectus aliquam,1
470,Levofloxacin,,1
471,Fluocinolone Acetonide,,1
472,My Fair Baby,,0
473,Pyrantel Pamoate,odio justo sollicitudin ut suscipit a feugiat et eros vestibulum ac est,0
474,Better Braids,magna bibendum imperdiet nullam orci pede venenatis non sodales sed tincidunt eu felis fusce posuere felis sed,1
475,Sprayology DigestivEase,suscipit ligula in lacus curabitur at ipsum ac tellus semper interdum,1
476,Nicotine,quis justo maecenas rhoncus aliquam lacus morbi quis tortor id nulla ultrices aliquet maecenas leo odio,1
477,Dramamine,,1
478,SOLAR SENSE CLEAR ZINC SUNSCREEN VALUE PACK 50 PLUS,viverra eget congue eget semper rutrum nulla nunc purus phasellus in felis donec,1
479,Chlorothiazide,mauris ullamcorper purus sit amet nulla quisque arcu libero rutrum ac lobortis vel dapibus at,0
480,good sense night time,,0
481,Restorative Day Moisture SPF 15,sapien non mi integer ac neque duis bibendum morbi non quam nec dui luctus rutrum nulla,1
482,HAND SANITIZER,,1
483,ORAL ASSIST,,0
484,BACTROBAN,hendrerit at vulputate vitae nisl aenean lectus pellentesque eget nunc donec quis,1
485,Para Grass Pollen,consectetuer adipiscing elit proin risus praesent lectus vestibulum quam sapien varius ut blandit non interdum in ante vestibulum ante,1
486,Chlorzoxazone,nibh ligula nec sem duis aliquam convallis nunc proin at turpis a,0
487,Aeroaid Antiseptic First Aid,praesent blandit nam nulla integer pede justo lacinia eget tincidunt eget tempus vel pede morbi porttitor lorem id ligula suspendisse,1
488,ASP,erat id mauris vulputate elementum nullam varius nulla facilisi cras non velit nec nisi vulputate,0
489,Dr.Jart Prescriptment All That Lift and Firm,,1
490,First Aid Research Bacitraycin Plus Maximum Vertical,curae duis faucibus accumsan odio curabitur convallis duis consequat dui nec nisi volutpat,0
491,Levico Prunus,,0
492,Ofloxacin,id massa id nisl venenatis lacinia aenean sit amet justo morbi ut odio,1
493,Aspirin,magnis dis parturient montes nascetur ridiculus mus vivamus vestibulum sagittis sapien,0
494,ELF Tinted Moisturizer SPF 15,,0
495,FRESH DECOR,vel pede morbi porttitor lorem id ligula suspendisse ornare consequat lectus in est risus auctor,1
496,Bleomycin,nec dui luctus rutrum nulla tellus in sagittis dui vel nisl duis ac nibh fusce,1
497,Doxycycline,sapien ut nunc vestibulum ante ipsum primis in faucibus orci luctus et ultrices posuere,0
498,Naproxen,nulla ac enim in tempor turpis nec euismod scelerisque quam turpis adipiscing lorem vitae mattis nibh ligula nec,1
499,Tonsilla compositum,nec condimentum neque sapien placerat ante nulla justo aliquam quis turpis eget elit sodales scelerisque mauris sit amet,1
500,Telmisartan,,0
501,Folic Acid,aliquam erat volutpat in congue etiam justo etiam pretium iaculis justo in hac habitasse platea dictumst etiam faucibus cursus urna,1
502,YS Solution Ac control Skin Regular Mild,ut at dolor quis odio consequat varius integer ac leo pellentesque ultrices,1
503,Major Oral Pain Relief,maecenas leo odio condimentum id luctus nec molestie sed justo pellentesque viverra,0
504,Sunmark calcium antacid,ut nulla sed accumsan felis ut at dolor quis odio consequat varius integer ac leo pellentesque,1
505,GERMSTARORIGINAL,quis augue luctus tincidunt nulla mollis molestie lorem quisque ut erat curabitur,1
506,Avar LS Cleansing Pads,,1
507,Kendall Moisturizing,vel sem sed sagittis nam congue risus semper porta volutpat quam pede lobortis ligula sit amet eleifend pede,1
508,Claritin,,0
509,White Petrolatum,,0
510,good neighbor pharmacy ibuprofen pm,libero nam dui proin leo odio porttitor id consequat in,0
511,SHISEIDO PERFECT REFINING FOUNDATION,lorem quisque ut erat curabitur gravida nisi at nibh in hac habitasse platea dictumst aliquam,1
512,Creations Garden,,0
513,CELEBREX,fermentum justo nec condimentum neque sapien placerat ante nulla justo aliquam quis turpis eget,0
514,PVP Iodine Prep Swabstick,iaculis congue vivamus metus arcu adipiscing molestie hendrerit at vulputate vitae nisl aenean lectus pellentesque eget nunc donec quis,0
515,Prochieve,rhoncus dui vel sem sed sagittis nam congue risus semper porta volutpat quam pede lobortis ligula sit amet eleifend pede,0
516,Propranolol Hydrochloride,porttitor lorem id ligula suspendisse ornare consequat lectus in est risus auctor sed tristique in tempus sit amet,0
517,Pinto Bean,enim blandit mi in porttitor pede justo eu massa donec dapibus duis at velit eu est congue elementum in,1
518,PHYLLIS GOLDEN,vestibulum velit id pretium iaculis diam erat fermentum justo nec condimentum neque sapien placerat,1
519,LABETALOL HYDROCHLORIDE,in lectus pellentesque at nulla suspendisse potenti cras in purus eu magna vulputate luctus,1
520,Omeprazole,erat volutpat in congue etiam justo etiam pretium iaculis justo in hac habitasse,0
521,Tencon,posuere cubilia curae duis faucibus accumsan odio curabitur convallis duis consequat dui nec nisi volutpat,0
522,Soothanol X2,suspendisse ornare consequat lectus in est risus auctor sed tristique,0
523,Virus,convallis morbi odio odio elementum eu interdum eu tincidunt in leo maecenas pulvinar lobortis est,1
524,Clonidine Hydrochloride,accumsan odio curabitur convallis duis consequat dui nec nisi volutpat eleifend donec ut dolor morbi vel lectus in quam fringilla,0
525,DYSPEPSIA,consequat lectus in est risus auctor sed tristique in tempus sit amet sem fusce consequat nulla nisl nunc nisl duis,1
526,Dr. Jart Smart BB 01,,0
527,anti diarrheal,,0
528,Isordil,quam sollicitudin vitae consectetuer eget rutrum at lorem integer tincidunt ante vel ipsum praesent blandit,0
529,Ibuprofen,ac leo pellentesque ultrices mattis odio donec vitae nisi nam ultrices libero non,0
530,COMBIGAN,ut tellus nulla ut erat id mauris vulputate elementum nullam,1
531,Instant Hand Sanitizer with Moisturizers Aloe Scented,,0
532,Varibar Nectar,lectus vestibulum quam sapien varius ut blandit non interdum in ante vestibulum ante ipsum primis in faucibus,1
533,Fast Freeze,,1
534,ALPRAZOLAM,luctus et ultrices posuere cubilia curae donec pharetra magna vestibulum aliquet ultrices erat tortor sollicitudin mi sit amet,0
535,Amlodipine Besylate,rhoncus aliquam lacus morbi quis tortor id nulla ultrices aliquet maecenas leo odio condimentum,1
536,SUPRAX,ridiculus mus etiam vel augue vestibulum rutrum rutrum neque aenean auctor gravida,0
537,Phenazopyridine Hydrochloride,amet diam in magna bibendum imperdiet nullam orci pede venenatis non sodales sed tincidunt eu felis,1
538,Therapeutic T Plus,in sagittis dui vel nisl duis ac nibh fusce lacus purus aliquet at feugiat non pretium quis lectus suspendisse,0
539,ibuprofen,,1
540,Sertraline Hydrochloride,sed tristique in tempus sit amet sem fusce consequat nulla nisl nunc nisl duis bibendum felis sed interdum,1
541,Diazepam,integer ac leo pellentesque ultrices mattis odio donec vitae nisi nam ultrices libero non mattis pulvinar nulla pede ullamcorper augue,0
542,Timolol Maleate,pede justo eu massa donec dapibus duis at velit eu est congue elementum,1
543,Tolterodine Tartrate,,1
544,ROSACLEAR SYSTEM,mauris ullamcorper purus sit amet nulla quisque arcu libero rutrum ac lobortis vel dapibus at diam nam,0
545,KINeSYS,,0
546,Nizatidine,sapien urna pretium nisl ut volutpat sapien arcu sed augue aliquam erat,1
547,Meloxicam,varius integer ac leo pellentesque ultrices mattis odio donec vitae nisi nam ultrices libero non mattis pulvinar nulla pede,0
548,DIEDA FENGSHI GAO MEDICATED PLASTER,morbi quis tortor id nulla ultrices aliquet maecenas leo odio,1
549,BURBERRY FRESH GLOW B.B. LUMINOUS SKIN PERFECTING BEAUTY BALM SUNSCREEN BROAD SPECTRUM SPF 20 MEDIUM 02,mattis pulvinar nulla pede ullamcorper augue a suscipit nulla elit ac nulla sed vel enim sit amet nunc viverra,1
550,Diltiazem Hydrochloride,,1
551,VALACYCLOVIR HYDROCHLORIDE,ante ipsum primis in faucibus orci luctus et ultrices posuere cubilia,0
552,RINKEL MOLD MIX B,,0
553,PERJETA,a pede posuere nonummy integer non velit donec diam neque vestibulum eget vulputate,0
554,good neighbor pharmacy headache pm,,0
555,Desitin Rapid Relief Creamy Fragrance Free,,1
556,Naproxen,viverra dapibus nulla suscipit ligula in lacus curabitur at ipsum,0
557,Raxibacumab,sollicitudin ut suscipit a feugiat et eros vestibulum ac est lacinia nisi venenatis tristique fusce congue,0
558,Birch,rutrum nulla tellus in sagittis dui vel nisl duis ac nibh fusce lacus purus,1
559,Amlodipine Besylate,,0
560,Epoch,sapien cursus vestibulum proin eu mi nulla ac enim in tempor turpis nec,1
561,Potassium Citrate,justo nec condimentum neque sapien placerat ante nulla justo aliquam quis turpis eget elit sodales scelerisque mauris sit amet eros,0
562,modafinil,mattis nibh ligula nec sem duis aliquam convallis nunc proin at turpis a pede posuere nonummy integer non velit donec,0
563,CARISOPRODOL,aliquam erat volutpat in congue etiam justo etiam pretium iaculis justo in hac habitasse platea dictumst etiam faucibus cursus urna,0
564,Cold Flu and Sore Throat Relief,,0
565,Ibuprofen,non pretium quis lectus suspendisse potenti in eleifend quam a odio in hac habitasse platea dictumst maecenas ut massa,0
566,Amlodipine Besylate,duis faucibus accumsan odio curabitur convallis duis consequat dui nec nisi volutpat eleifend,0
567,Spironolactone,augue a suscipit nulla elit ac nulla sed vel enim,1
568,Sulwhasoo,,0
569,Shopko Antibacterial Hand Sanitizer,diam in magna bibendum imperdiet nullam orci pede venenatis non sodales sed tincidunt eu felis fusce posuere felis sed,1
570,METHYLPHENIDATE HYDROCHLORIDE,vitae consectetuer eget rutrum at lorem integer tincidunt ante vel ipsum praesent blandit lacinia,0
571,Multi-Symptom Cold Daytime,cras pellentesque volutpat dui maecenas tristique est et tempus semper est quam,1
572,STEMPHYLIUM SOLANI,et ultrices posuere cubilia curae duis faucibus accumsan odio curabitur convallis duis consequat dui nec nisi volutpat eleifend donec,0
573,"COMPRESSED GAS OXIDIZING,N.O.S.",nullam sit amet turpis elementum ligula vehicula consequat morbi a ipsum integer a nibh in quis justo maecenas rhoncus aliquam,1
574,benzonatate,vel augue vestibulum rutrum rutrum neque aenean auctor gravida sem praesent id massa,1
575,cyclobenzaprine hydrochloride,sociis natoque penatibus et magnis dis parturient montes nascetur ridiculus mus etiam vel augue vestibulum,1
576,CARE ONE,vel augue vestibulum rutrum rutrum neque aenean auctor gravida sem,1
577,Tecnu First Aid,faucibus orci luctus et ultrices posuere cubilia curae donec pharetra,1
578,pravastatin sodium,,0
579,Leader Ibuprofen,,1
580,LE TECHNIQ,eros viverra eget congue eget semper rutrum nulla nunc purus phasellus in felis donec semper sapien a libero,0
581,MegaFresh Hand Sanitizer,morbi odio odio elementum eu interdum eu tincidunt in leo maecenas pulvinar lobortis est phasellus sit amet erat nulla tempus,1
582,Bull Frog Water Armor Sport Quik 50,at feugiat non pretium quis lectus suspendisse potenti in eleifend quam a odio in hac habitasse platea dictumst,0
583,Isosorbide Dinitrate,accumsan tellus nisi eu orci mauris lacinia sapien quis libero nullam sit amet turpis elementum ligula,1
584,Gabapentin,cras in purus eu magna vulputate luctus cum sociis natoque penatibus et magnis dis parturient montes nascetur ridiculus mus vivamus,0
585,Allergy,vivamus vel nulla eget eros elementum pellentesque quisque porta volutpat erat quisque,1
586,Childrens Ibuprofen,euismod scelerisque quam turpis adipiscing lorem vitae mattis nibh ligula nec sem duis aliquam convallis nunc proin,1
587,OXYCODONE HYDROCHLORIDE,felis fusce posuere felis sed lacus morbi sem mauris laoreet ut rhoncus aliquet pulvinar sed nisl nunc rhoncus dui,1
588,Hydroquinone,lacus at turpis donec posuere metus vitae ipsum aliquam non mauris morbi non lectus aliquam,0
589,Escitalopram,,0
590,Leader Infants Gas Relief,diam id ornare imperdiet sapien urna pretium nisl ut volutpat sapien arcu sed augue aliquam erat volutpat in congue etiam,0
591,HEALTHCARE Instant Hand Sanitizer Strawberry Scent,cubilia curae duis faucibus accumsan odio curabitur convallis duis consequat dui nec nisi volutpat eleifend donec,0
592,CD DIORSKIN STAR Studio Makeup Spectacular Brightening with sunscreen Broad Spectrum SPF30 070,ipsum dolor sit amet consectetuer adipiscing elit proin risus praesent lectus vestibulum quam sapien varius ut blandit,1
593,Chenopodium Mixture,risus praesent lectus vestibulum quam sapien varius ut blandit non interdum in,1
594,CTx4 Rinse,non mattis pulvinar nulla pede ullamcorper augue a suscipit nulla elit ac nulla sed,1
595,cold and flu severe,in felis eu sapien cursus vestibulum proin eu mi nulla ac enim in tempor turpis nec euismod scelerisque quam turpis,0
596,KOMBIGLYZE,accumsan tellus nisi eu orci mauris lacinia sapien quis libero,0
597,HELIUM,eget massa tempor convallis nulla neque libero convallis eget eleifend luctus ultricies eu nibh quisque id justo sit amet,0
598,Stat-Rinse,,1
599,Meclizine Hydrochloride,,0
600,Mefloquine Hydrochloride,neque libero convallis eget eleifend luctus ultricies eu nibh quisque,1
601,Frosted Berry Hand Sanitizer,augue vestibulum rutrum rutrum neque aenean auctor gravida sem praesent id,1
602,Verapamil Hydrochloride,ullamcorper augue a suscipit nulla elit ac nulla sed vel enim sit amet nunc viverra dapibus nulla suscipit,1
603,Adult Low strength Aspirin,sapien quis libero nullam sit amet turpis elementum ligula vehicula consequat morbi a ipsum integer a nibh in,1
604,Tygacil,orci luctus et ultrices posuere cubilia curae donec pharetra magna vestibulum aliquet ultrices erat tortor sollicitudin mi sit amet lobortis,0
605,Humco Castor Oil,platea dictumst aliquam augue quam sollicitudin vitae consectetuer eget rutrum at lorem integer tincidunt ante,0
606,GAVISCON,sem duis aliquam convallis nunc proin at turpis a pede posuere nonummy integer non velit,0
607,CVS VANISHING SCENT MUSCLE RUB,curabitur convallis duis consequat dui nec nisi volutpat eleifend donec ut dolor morbi vel lectus in,1
608,healthy accents pain relief,augue vel accumsan tellus nisi eu orci mauris lacinia sapien quis libero nullam sit amet turpis elementum ligula vehicula consequat,0
609,KLEENEX Luxury Foam Hand Sanitizer,,1
610,METOPROLOL SUCCINATE,,0
611,Allergy Eye Relief,sapien ut nunc vestibulum ante ipsum primis in faucibus orci luctus et,0
612,MATCHMASTER FOUNDATION,,1
613,Lisinopril and hydrochlorothiazide,iaculis justo in hac habitasse platea dictumst etiam faucibus cursus,1
614,Hand Sanitizer,,1
615,Depakote,quis turpis sed ante vivamus tortor duis mattis egestas metus,0
616,MEIJER Sport SPF 30,cubilia curae mauris viverra diam vitae quam suspendisse potenti nullam porttitor lacus at turpis donec posuere,1
617,Duloxetine,porttitor lacus at turpis donec posuere metus vitae ipsum aliquam,0
618,Nisoldipine,elementum pellentesque quisque porta volutpat erat quisque erat eros viverra eget congue,1
619,Alka-Seltzer XTRA STRENGTH,curae duis faucibus accumsan odio curabitur convallis duis consequat dui nec nisi volutpat eleifend donec ut dolor morbi vel lectus,1
620,tizanidine hydrochloride,ac diam cras pellentesque volutpat dui maecenas tristique est et tempus semper est quam pharetra magna,1
621,Ofloxacin,,1
622,Phenobarbital,etiam vel augue vestibulum rutrum rutrum neque aenean auctor gravida sem,1
623,GloStrips,duis bibendum morbi non quam nec dui luctus rutrum nulla tellus in sagittis dui vel,1
624,Ranitidine Hydrochloride,cum sociis natoque penatibus et magnis dis parturient montes nascetur ridiculus mus etiam,0
625,Bronchial Cough,integer aliquet massa id lobortis convallis tortor risus dapibus augue vel accumsan tellus nisi eu,0
626,Monurol,,1
627,Nortriptyline Hydrochloride,magnis dis parturient montes nascetur ridiculus mus vivamus vestibulum sagittis sapien cum sociis,0
628,Nembutal Sodium,,1
629,Atenolol,non pretium quis lectus suspendisse potenti in eleifend quam a odio in hac habitasse platea dictumst,1
630,CareOne Hemorrhoidal,sem mauris laoreet ut rhoncus aliquet pulvinar sed nisl nunc rhoncus dui vel sem sed,1
631,Lansoprazole,,1
632,Tork Advanced Antimicrobial,consequat morbi a ipsum integer a nibh in quis justo maecenas rhoncus aliquam lacus morbi quis,0
633,"Disney Antibacterial Hand Wipes - PRINCESS, CARS, MINNIE",ipsum aliquam non mauris morbi non lectus aliquam sit amet diam in magna,1
634,ESZOPICLONE,vulputate nonummy maecenas tincidunt lacus at velit vivamus vel nulla eget eros elementum pellentesque quisque porta,0
635,BOOST REGROWTH FOR WOMEN,lectus suspendisse potenti in eleifend quam a odio in hac habitasse platea dictumst maecenas ut massa,0
636,Bio Walnut,,0
637,Morphine Sulfate,quis turpis sed ante vivamus tortor duis mattis egestas metus aenean fermentum donec ut mauris eget massa tempor,0
638,Ammonium Lactate,pellentesque volutpat dui maecenas tristique est et tempus semper est quam pharetra magna ac consequat metus sapien ut nunc,1
639,Isopropyl Alcohol,lobortis convallis tortor risus dapibus augue vel accumsan tellus nisi eu orci mauris lacinia sapien quis libero nullam sit amet,0
640,"Animal Allergens, Feather Mix",ac leo pellentesque ultrices mattis odio donec vitae nisi nam ultrices libero,0
641,Pain Relief PM,non velit donec diam neque vestibulum eget vulputate ut ultrices vel,0
642,Losartan potassium and hydrochlorothiazide,,0
643,COLYTE,,1
644,Nu Skin Clear Action,neque aenean auctor gravida sem praesent id massa id nisl venenatis lacinia aenean sit amet justo morbi ut odio,0
645,Valproic,duis aliquam convallis nunc proin at turpis a pede posuere nonummy integer non velit donec diam neque vestibulum,0
646,SHISEIDO SHEER AND PERFECT FOUNDATION,in leo maecenas pulvinar lobortis est phasellus sit amet erat nulla tempus vivamus in felis eu sapien,0
647,Bupropion Hydrochloride,iaculis diam erat fermentum justo nec condimentum neque sapien placerat ante,1
648,Dexamethasone,vestibulum proin eu mi nulla ac enim in tempor turpis nec euismod,0
649,Ranitidine HYdrochloride,phasellus in felis donec semper sapien a libero nam dui proin,0
650,Lansoprazole,consequat in consequat ut nulla sed accumsan felis ut at dolor quis odio consequat varius integer ac leo pellentesque ultrices,0
651,Tolnaftate,cras non velit nec nisi vulputate nonummy maecenas tincidunt lacus at velit vivamus vel nulla eget eros elementum pellentesque,0
652,COLGATE,vulputate ut ultrices vel augue vestibulum ante ipsum primis in faucibus orci luctus et ultrices posuere cubilia curae donec,1
653,Naproxen,nulla integer pede justo lacinia eget tincidunt eget tempus vel pede morbi porttitor lorem id,1
654,DR. RECKEWEG R27 Renocalcin,bibendum morbi non quam nec dui luctus rutrum nulla tellus in sagittis dui vel nisl,0
655,amoxicillin and clavulanate potassium,,1
656,MARVEL ULTIMATE SPIDER-MAN ANTISEPTIC HAND CLEANSING BERRY SCENTED,pulvinar sed nisl nunc rhoncus dui vel sem sed sagittis nam congue risus semper porta volutpat quam pede,0
657,07 Moisture Foundation SPF 15,elit proin risus praesent lectus vestibulum quam sapien varius ut blandit non interdum in ante vestibulum ante ipsum,1
658,Sandostatin,justo lacinia eget tincidunt eget tempus vel pede morbi porttitor lorem id ligula suspendisse ornare consequat lectus in,0
659,Healthy Accents Nicotine,phasellus in felis donec semper sapien a libero nam dui proin leo odio porttitor id consequat in,1
660,TOPIRAMATE,in hac habitasse platea dictumst morbi vestibulum velit id pretium iaculis diam erat fermentum justo nec condimentum neque sapien placerat,1
661,Claforan,nunc rhoncus dui vel sem sed sagittis nam congue risus,1
662,Simethicone,risus dapibus augue vel accumsan tellus nisi eu orci mauris lacinia sapien quis,0
663,ECZEMA,mauris viverra diam vitae quam suspendisse potenti nullam porttitor lacus at turpis,1
664,HyVee Inc,vehicula condimentum curabitur in libero ut massa volutpat convallis morbi odio,0
665,Terocin,at velit vivamus vel nulla eget eros elementum pellentesque quisque porta volutpat erat quisque erat eros viverra eget congue eget,0
666,METFORMIN HYDROCHLORIDE,platea dictumst aliquam augue quam sollicitudin vitae consectetuer eget rutrum at lorem integer tincidunt ante vel ipsum praesent blandit,0
667,Epifoam,,1
668,Warfarin Sodium,sapien ut nunc vestibulum ante ipsum primis in faucibus orci luctus et ultrices posuere cubilia curae,1
669,Metoprolol Tartrate,euismod scelerisque quam turpis adipiscing lorem vitae mattis nibh ligula nec sem duis,1
670,Safeway Home Orange Scent,vestibulum proin eu mi nulla ac enim in tempor turpis nec euismod scelerisque quam turpis adipiscing lorem vitae mattis,1
671,TRICOR,habitasse platea dictumst maecenas ut massa quis augue luctus tincidunt nulla mollis molestie lorem quisque ut erat curabitur,0
672,clomiphene citrate,odio curabitur convallis duis consequat dui nec nisi volutpat eleifend donec ut dolor morbi,0
673,Visipaque,,1
674,"Butalbital, Acetaminophen, and Caffeine",sollicitudin vitae consectetuer eget rutrum at lorem integer tincidunt ante vel ipsum praesent blandit lacinia erat vestibulum sed,1
675,Ergocalciferol,,0
676,Virtussin AC,orci pede venenatis non sodales sed tincidunt eu felis fusce posuere felis sed lacus morbi sem mauris laoreet,0
677,COUMADIN,in leo maecenas pulvinar lobortis est phasellus sit amet erat nulla tempus vivamus in felis eu,1
678,CLARINS Skin Illusion SPF 10 Natural Radiance Foundation Tint 118,nec sem duis aliquam convallis nunc proin at turpis a pede posuere nonummy integer non velit donec,0
679,Hydroxyzine Pamoate,eu nibh quisque id justo sit amet sapien dignissim vestibulum,1
680,Lisinopril and hydrochlorothiazide,id nisl venenatis lacinia aenean sit amet justo morbi ut odio cras mi pede malesuada in imperdiet,0
681,Acarbose,arcu sed augue aliquam erat volutpat in congue etiam justo,0
682,day relief night relief sinus pe,vulputate luctus cum sociis natoque penatibus et magnis dis parturient montes nascetur ridiculus mus vivamus vestibulum sagittis sapien cum,1
683,Methscopolamine Bromide,vestibulum quam sapien varius ut blandit non interdum in ante vestibulum ante ipsum primis in faucibus orci luctus et,0
684,Ethosuximide,quam pede lobortis ligula sit amet eleifend pede libero quis orci nullam molestie nibh,0
685,XtraCare Hand Sanitizer,eleifend pede libero quis orci nullam molestie nibh in lectus pellentesque at nulla,0
686,LEG CRAMPS,posuere cubilia curae mauris viverra diam vitae quam suspendisse potenti nullam porttitor lacus at turpis donec posuere metus,1
687,Hyoscyamine Sulfate,,0
688,Norco,,0
689,2 Gallbladder,integer pede justo lacinia eget tincidunt eget tempus vel pede morbi porttitor lorem id ligula suspendisse ornare,1
690,Sodium Polystyrene Sulfonate,in libero ut massa volutpat convallis morbi odio odio elementum eu interdum eu,1
691,Citalopram,turpis elementum ligula vehicula consequat morbi a ipsum integer a nibh in,1
692,Delsym,semper sapien a libero nam dui proin leo odio porttitor,1
693,Simvastatin,aenean sit amet justo morbi ut odio cras mi pede malesuada in imperdiet et commodo vulputate justo,0
694,Alcohol,ac est lacinia nisi venenatis tristique fusce congue diam id ornare imperdiet sapien urna,0
695,Potassium Chloride,nam nulla integer pede justo lacinia eget tincidunt eget tempus vel pede morbi porttitor lorem id ligula suspendisse ornare consequat,1
696,DISTICHLIS SPICATA POLLEN,vulputate vitae nisl aenean lectus pellentesque eget nunc donec quis orci eget orci vehicula condimentum curabitur in libero ut massa,1
697,Gabapentin,pretium quis lectus suspendisse potenti in eleifend quam a odio in hac habitasse platea dictumst maecenas ut,0
698,Olive Leaf Antibacterial Foaming Hand Wash,eu nibh quisque id justo sit amet sapien dignissim vestibulum vestibulum ante ipsum primis in faucibus orci luctus,0
699,Klor-Con,,0
700,Sodium Iodide I-131,quis lectus suspendisse potenti in eleifend quam a odio in hac habitasse platea dictumst maecenas ut massa,0
701,Ibuprofen,condimentum curabitur in libero ut massa volutpat convallis morbi odio odio elementum eu interdum eu tincidunt in leo,1
702,Gas Relief,tempus vivamus in felis eu sapien cursus vestibulum proin eu mi nulla,1
703,ATOPALM FIRST AID TRIPLE ANTIBIOTIC PROTECTION MOISTURIZING AND PAIN RELIEF,erat id mauris vulputate elementum nullam varius nulla facilisi cras non,0
704,Wormwood,morbi vestibulum velit id pretium iaculis diam erat fermentum justo nec condimentum neque sapien placerat ante nulla justo aliquam quis,0
705,TRICHOPHYTON MENTAGROPHYTES,mollis molestie lorem quisque ut erat curabitur gravida nisi at nibh in hac habitasse platea dictumst aliquam augue quam sollicitudin,0
706,Tygacil,ac nulla sed vel enim sit amet nunc viverra dapibus nulla suscipit ligula in lacus curabitur at ipsum,1
707,EXCEDRIN,dui luctus rutrum nulla tellus in sagittis dui vel nisl duis ac nibh fusce lacus purus aliquet at feugiat non,1
708,allergy,ante ipsum primis in faucibus orci luctus et ultrices posuere,1
709,Nitrous Oxide,tincidunt lacus at velit vivamus vel nulla eget eros elementum pellentesque quisque porta volutpat,0
710,OXYGEN,tincidunt nulla mollis molestie lorem quisque ut erat curabitur gravida,0
711,CAULIFLOWER,feugiat non pretium quis lectus suspendisse potenti in eleifend quam a odio in hac habitasse,1
712,Edarbi,convallis nunc proin at turpis a pede posuere nonummy integer non velit donec diam neque,1
713,Aspirin,,0
714,clobetasol propionate,at turpis donec posuere metus vitae ipsum aliquam non mauris morbi non lectus aliquam sit amet diam in magna bibendum,0
715,Golden Sunshine Herbal,vestibulum vestibulum ante ipsum primis in faucibus orci luctus et ultrices posuere cubilia curae nulla dapibus dolor vel est,0
716,Famciclovir,praesent blandit lacinia erat vestibulum sed magna at nunc commodo placerat praesent blandit nam nulla integer pede justo lacinia,1
717,Benazepril Hydrochloride,dis parturient montes nascetur ridiculus mus etiam vel augue vestibulum rutrum rutrum neque aenean,1
718,LBEL HYDRATESS,,1
719,Aspirin,velit nec nisi vulputate nonummy maecenas tincidunt lacus at velit,1
720,Sunmark Acid Reducer,vel accumsan tellus nisi eu orci mauris lacinia sapien quis libero nullam sit amet turpis elementum,1
721,Xylocaine,,1
722,Lisinopril,aenean sit amet justo morbi ut odio cras mi pede malesuada in,1
723,equaline ibuprofen pm,,1
724,"Tussnex FM Cold, Flu and Sore Throat",ligula sit amet eleifend pede libero quis orci nullam molestie nibh in lectus pellentesque at,0
725,Fentanyl,sit amet consectetuer adipiscing elit proin interdum mauris non ligula pellentesque ultrices phasellus id sapien,0
726,AER,felis eu sapien cursus vestibulum proin eu mi nulla ac enim in,1
727,Metolazone,eu sapien cursus vestibulum proin eu mi nulla ac enim in tempor,0
728,bareMinerals READY Touch Up Veil Broad Spectrum SPF 15,penatibus et magnis dis parturient montes nascetur ridiculus mus vivamus,1
729,Mupirocin,lobortis ligula sit amet eleifend pede libero quis orci nullam molestie nibh in lectus,1
730,Triamterene and Hydrochlorothiazide,velit donec diam neque vestibulum eget vulputate ut ultrices vel augue vestibulum,1
731,Felodipine,eu mi nulla ac enim in tempor turpis nec euismod scelerisque quam turpis adipiscing lorem vitae mattis nibh ligula,1
732,Allergy Relief,in hac habitasse platea dictumst maecenas ut massa quis augue luctus tincidunt nulla,0
733,Temazepam,,1
734,Fast Freeze,mauris lacinia sapien quis libero nullam sit amet turpis elementum ligula vehicula consequat,0
735,CENTER-AL - POPULUS ALBA POLLEN,in hac habitasse platea dictumst etiam faucibus cursus urna ut tellus nulla ut erat id,0
736,Tizanidine,,1
737,Aetna Callus Remover,cras in purus eu magna vulputate luctus cum sociis natoque penatibus et magnis dis,0
738,Arthritis Care,lacus purus aliquet at feugiat non pretium quis lectus suspendisse potenti in eleifend,1
739,EPIVIR,sem duis aliquam convallis nunc proin at turpis a pede posuere nonummy integer,0
740,Vagisil Satin,,1
741,Degree,a odio in hac habitasse platea dictumst maecenas ut massa quis augue luctus tincidunt nulla mollis molestie lorem quisque,1
742,itch relief,vulputate justo in blandit ultrices enim lorem ipsum dolor sit amet consectetuer adipiscing elit proin,1
743,PrismaSol,pulvinar sed nisl nunc rhoncus dui vel sem sed sagittis nam congue risus semper porta,1
744,Paroxetine,odio curabitur convallis duis consequat dui nec nisi volutpat eleifend donec ut dolor morbi vel lectus,1
745,Star of Bethlehem,sed tincidunt eu felis fusce posuere felis sed lacus morbi sem mauris laoreet ut rhoncus,1
746,Omeprazole,suspendisse accumsan tortor quis turpis sed ante vivamus tortor duis mattis egestas metus aenean fermentum donec ut mauris eget massa,1
747,Zeel,bibendum morbi non quam nec dui luctus rutrum nulla tellus in,1
748,Propranolol Hydrochloride,,1
749,biochemistry PAIN RELIEF FOOT ACTIVE,primis in faucibus orci luctus et ultrices posuere cubilia curae nulla dapibus dolor vel est donec,0
750,Clean and Clear Essentials Deep Cleaning Toner,aliquam augue quam sollicitudin vitae consectetuer eget rutrum at lorem integer tincidunt ante,0
751,Anticavity,,0
752,Topcare Aspirin,aliquam convallis nunc proin at turpis a pede posuere nonummy integer non velit donec diam neque vestibulum eget vulputate ut,1
753,Jute,in quis justo maecenas rhoncus aliquam lacus morbi quis tortor id nulla ultrices aliquet,0
754,BACTROBAN,nam nulla integer pede justo lacinia eget tincidunt eget tempus vel,1
755,hand,eleifend quam a odio in hac habitasse platea dictumst maecenas ut massa quis augue luctus tincidunt nulla,1
756,No7 Stay Perfect Foundation Compact Sunscreen SPF 15 New Ivory,,1
757,Kiwi,,0
758,Docetaxel,in purus eu magna vulputate luctus cum sociis natoque penatibus et magnis dis parturient montes nascetur ridiculus mus vivamus vestibulum,0
759,ENALAPRIL MALEATE,,0
760,Nephroplex,ante ipsum primis in faucibus orci luctus et ultrices posuere cubilia curae mauris viverra diam,0
761,LBEL Couleur luxe rouge irresistible maximum hydration SPF 17,mi nulla ac enim in tempor turpis nec euismod scelerisque quam turpis adipiscing lorem vitae mattis nibh ligula,1
762,HEB,aliquam non mauris morbi non lectus aliquam sit amet diam in magna bibendum imperdiet nullam,1
763,amlodipine besylate,aliquet at feugiat non pretium quis lectus suspendisse potenti in eleifend quam a,1
764,Standardized Bermuda Grass Pollen,posuere cubilia curae duis faucibus accumsan odio curabitur convallis duis,0
765,CVS Chest Congestion Relief,tempor turpis nec euismod scelerisque quam turpis adipiscing lorem vitae mattis nibh ligula nec sem duis,0
766,Cold and Flu,,1
767,HAMSOA YUYU PURE MILD FOAMING WASH,mattis nibh ligula nec sem duis aliquam convallis nunc proin at turpis a pede posuere nonummy integer non velit donec,1
768,OXYGEN,,0
769,Risperidone,,1
770,Disulfiram,libero ut massa volutpat convallis morbi odio odio elementum eu interdum eu,0
771,Methotrexate Sodium,et magnis dis parturient montes nascetur ridiculus mus etiam vel augue vestibulum rutrum rutrum neque,0
772,Benztropine Mesylate,in consequat ut nulla sed accumsan felis ut at dolor quis odio consequat varius integer ac leo pellentesque ultrices mattis,1
773,equaline anti itch,non velit nec nisi vulputate nonummy maecenas tincidunt lacus at velit,1
774,Sodium Chloride,nulla eget eros elementum pellentesque quisque porta volutpat erat quisque erat eros viverra eget congue,1
775,Haloperidol Decanoate,,0
776,Balsam Poplar,et ultrices posuere cubilia curae duis faucibus accumsan odio curabitur convallis duis consequat dui nec nisi,0
777,nighttime,,0
778,pain and fever,pretium iaculis justo in hac habitasse platea dictumst etiam faucibus cursus urna ut tellus nulla ut erat id,0
779,Repaglinide,,0
780,bareMinerals bareSkin Pure Brightening Serum Foundation Broad Spectrum SPF 20,,1
781,Live Better,integer ac leo pellentesque ultrices mattis odio donec vitae nisi nam ultrices libero non mattis,0
782,ThyroShield,curabitur at ipsum ac tellus semper interdum mauris ullamcorper purus sit amet nulla quisque arcu,0
783,Argentum 6,volutpat in congue etiam justo etiam pretium iaculis justo in hac habitasse platea dictumst etiam faucibus,1
784,Oxycodone and Acetaminophen,,0
785,Clonidine Hydrochloride,nulla dapibus dolor vel est donec odio justo sollicitudin ut suscipit a feugiat et eros vestibulum ac est,0
786,ALPRAZOLAM,luctus et ultrices posuere cubilia curae mauris viverra diam vitae quam suspendisse potenti,0
787,Kroger Kids SPF 50 Sunstick,libero quis orci nullam molestie nibh in lectus pellentesque at nulla suspendisse potenti cras,0
788,smart sense nicotine,vehicula consequat morbi a ipsum integer a nibh in quis justo maecenas rhoncus aliquam lacus morbi quis,1
789,Risperidone,id turpis integer aliquet massa id lobortis convallis tortor risus dapibus augue vel,0
790,Levetiracetam,eget elit sodales scelerisque mauris sit amet eros suspendisse accumsan tortor,0
791,Triamcinolone Acetonide,,1
792,ESIKA,quam fringilla rhoncus mauris enim leo rhoncus sed vestibulum sit amet cursus id turpis,1
793,Childrens Cetirizine Hydrochloride,eget rutrum at lorem integer tincidunt ante vel ipsum praesent blandit lacinia erat vestibulum sed magna,1
794,Acella Antipyrine and Benzocaine Otic,tincidunt eget tempus vel pede morbi porttitor lorem id ligula suspendisse ornare consequat,0
795,Sodium Bicarbonate,,0
796,Hydrocortisone,,1
797,Levothyroxine sodium,lectus pellentesque eget nunc donec quis orci eget orci vehicula condimentum curabitur in libero ut,1
798,Advanced Healing,et magnis dis parturient montes nascetur ridiculus mus vivamus vestibulum sagittis sapien cum,0
799,sinus and allergy pe,sem mauris laoreet ut rhoncus aliquet pulvinar sed nisl nunc rhoncus dui vel sem sed sagittis nam congue risus,1
800,BENZOYL PEROXIDE,at turpis a pede posuere nonummy integer non velit donec diam neque vestibulum,0
801,Kroger NiteTime Flu plus Severe Cold and Cough,posuere cubilia curae nulla dapibus dolor vel est donec odio justo sollicitudin ut suscipit a feugiat et eros,0
802,Argentite Urtica Special Order,,0
803,Effexor,,0
804,No7 Beautifully Matte Foundation Sunscreen Broad Spectrum SPF 15 Wheat,quam pede lobortis ligula sit amet eleifend pede libero quis orci nullam molestie nibh in lectus pellentesque,1
805,CLE DE PEAU BEAUTE FOUNDATION I,purus aliquet at feugiat non pretium quis lectus suspendisse potenti in eleifend,0
806,CAREONE,,1
807,Lumene Time Freeze Anti-Age CC Color Correcting SPF 20 Sunscreen Broad Spectrum MEDIUM,quisque erat eros viverra eget congue eget semper rutrum nulla nunc purus phasellus in felis donec semper sapien a libero,1
808,Mitomycin,non mauris morbi non lectus aliquam sit amet diam in magna bibendum imperdiet nullam orci pede,1
809,EC-Naprosyn,,1
810,RESTORIL,suscipit ligula in lacus curabitur at ipsum ac tellus semper interdum mauris,0
811,AppetiteGo,in consequat ut nulla sed accumsan felis ut at dolor quis odio consequat varius integer ac leo pellentesque,0
812,No7 Lift and Luminate Foundation Sunscreen Broad Spectrum SPF 15 Deeply Honey,vitae nisi nam ultrices libero non mattis pulvinar nulla pede ullamcorper augue a suscipit nulla elit ac nulla,1
813,CVS Long Lasting Lubricant Eye,bibendum felis sed interdum venenatis turpis enim blandit mi in porttitor pede justo,0
814,Clorazepate dipotassium,,1
815,AcneFree Sensitive,,0
816,Xodol,non mi integer ac neque duis bibendum morbi non quam nec dui luctus rutrum nulla,0
817,Sinus Congestion and Pain,,0
818,Dexamethasone,,1
819,Formulation R,,1
820,Amlodipine Besylate,nisl nunc rhoncus dui vel sem sed sagittis nam congue risus semper porta volutpat,1
821,Sancuso,,1
822,SELENIUM SULFIDE,integer tincidunt ante vel ipsum praesent blandit lacinia erat vestibulum sed magna at nunc commodo placerat,1
823,Acetazolamide,in blandit ultrices enim lorem ipsum dolor sit amet consectetuer adipiscing elit proin interdum mauris non,0
824,Calamine Phenolated Topical Suspension,nunc commodo placerat praesent blandit nam nulla integer pede justo lacinia eget tincidunt eget tempus vel pede morbi porttitor lorem,0
825,Grapefruit,in lectus pellentesque at nulla suspendisse potenti cras in purus eu magna vulputate luctus cum sociis natoque penatibus et,0
826,Carbamazepine,quis orci nullam molestie nibh in lectus pellentesque at nulla suspendisse potenti cras in purus eu magna vulputate luctus,1
827,"Acetaminophen, Phenylephrine Hydrochloride",vel ipsum praesent blandit lacinia erat vestibulum sed magna at,0
828,Nitrogen,in faucibus orci luctus et ultrices posuere cubilia curae donec pharetra magna vestibulum aliquet ultrices erat tortor,0
829,amlodipine besylate and atorvastatin calcium,,0
830,Budpak Baby,mattis pulvinar nulla pede ullamcorper augue a suscipit nulla elit ac nulla sed vel enim sit,1
831,Ranitidine,neque sapien placerat ante nulla justo aliquam quis turpis eget elit sodales scelerisque mauris sit amet,0
832,antibiotic,,1
833,Prazosin Hydrochloride,quis lectus suspendisse potenti in eleifend quam a odio in hac habitasse platea dictumst maecenas,1
834,Laura mercier Moisturizer cream with SPF 15,erat fermentum justo nec condimentum neque sapien placerat ante nulla justo aliquam quis turpis eget elit sodales scelerisque mauris sit,0
835,Lisinopril,,0
836,Fragmin,pede justo lacinia eget tincidunt eget tempus vel pede morbi porttitor lorem id ligula,1
837,ACACIA,eu interdum eu tincidunt in leo maecenas pulvinar lobortis est phasellus sit amet erat nulla tempus vivamus in,1
838,Proactiv Solution,vestibulum velit id pretium iaculis diam erat fermentum justo nec condimentum neque sapien placerat ante nulla justo,1
839,Respiratory Care / Congestion Pulmonaire Et Bronchique,sollicitudin mi sit amet lobortis sapien sapien non mi integer ac neque duis bibendum morbi non quam nec dui luctus,1
840,Adenosine,auctor sed tristique in tempus sit amet sem fusce consequat nulla nisl nunc nisl,0
841,PerioChip,,0
842,TISSEEL,purus eu magna vulputate luctus cum sociis natoque penatibus et magnis dis parturient montes nascetur ridiculus mus,1
843,LEVOXYL,,1
844,Pure Finish Mineral Powder Foundation SPF 20 Pure Finish 2,fusce lacus purus aliquet at feugiat non pretium quis lectus suspendisse potenti in eleifend quam,1
845,Isopropyl Alcohol,vel augue vestibulum rutrum rutrum neque aenean auctor gravida sem praesent id massa id nisl venenatis lacinia aenean,1
846,Gonal-f RFF Pen,in felis eu sapien cursus vestibulum proin eu mi nulla ac enim in tempor turpis nec euismod scelerisque quam turpis,0
847,lisinopril,in ante vestibulum ante ipsum primis in faucibus orci luctus et ultrices posuere,1
848,ADVAIR HFA,nunc nisl duis bibendum felis sed interdum venenatis turpis enim blandit mi in,1
849,Incontinence,,1
850,Amlodipine Besylate,velit eu est congue elementum in hac habitasse platea dictumst morbi vestibulum velit id pretium iaculis,0
851,SIMPLY RIGHT BODY CARE,ut at dolor quis odio consequat varius integer ac leo pellentesque ultrices mattis odio donec vitae nisi nam ultrices libero,1
852,Leader 8 Hour Pain Reliever,lectus in quam fringilla rhoncus mauris enim leo rhoncus sed vestibulum sit amet cursus id turpis integer aliquet massa id,1
853,Benzocaine,lacus morbi quis tortor id nulla ultrices aliquet maecenas leo odio condimentum,1
854,Rite Aid Sensitive Mint,posuere cubilia curae mauris viverra diam vitae quam suspendisse potenti nullam,1
855,Ibuprofen,dictumst etiam faucibus cursus urna ut tellus nulla ut erat id mauris vulputate elementum nullam varius nulla facilisi,0
856,PHAZYME,posuere felis sed lacus morbi sem mauris laoreet ut rhoncus aliquet pulvinar sed nisl nunc rhoncus dui,0
857,ReCreate Foundation,vel enim sit amet nunc viverra dapibus nulla suscipit ligula in lacus curabitur at ipsum ac tellus semper interdum mauris,1
858,Cutivate,turpis donec posuere metus vitae ipsum aliquam non mauris morbi non,0
859,Propoxyphene and Acetaminophen,,0
860,Clonidine Hydrochloride,sociis natoque penatibus et magnis dis parturient montes nascetur ridiculus mus etiam vel,1
861,Hydrogen Peroxide,praesent lectus vestibulum quam sapien varius ut blandit non interdum in,1
862,ZAFIRLUKAST,accumsan odio curabitur convallis duis consequat dui nec nisi volutpat eleifend donec ut dolor morbi vel lectus in quam,1
863,Nicotine,a feugiat et eros vestibulum ac est lacinia nisi venenatis tristique fusce congue diam,0
864,LBEL MAXIMUM COMFORT AND LONG-LASTING FOUNDATION SPF 10,nisl nunc nisl duis bibendum felis sed interdum venenatis turpis enim blandit mi in porttitor pede justo eu massa donec,1
865,Tikosyn,pulvinar nulla pede ullamcorper augue a suscipit nulla elit ac nulla sed vel enim sit,1
866,Isosorbide Dinitrate,sem praesent id massa id nisl venenatis lacinia aenean sit amet justo,1
867,ALFUZOSIN HYDROCHLORIDE,non interdum in ante vestibulum ante ipsum primis in faucibus orci luctus et ultrices posuere,1
868,Clotrimazole,id justo sit amet sapien dignissim vestibulum vestibulum ante ipsum,0
869,AZO,,0
870,Doxycycline,vestibulum ante ipsum primis in faucibus orci luctus et ultrices posuere,0
871,ACETAMINOPHEN AND CODEINE,ac nulla sed vel enim sit amet nunc viverra dapibus nulla suscipit ligula in lacus curabitur at ipsum ac tellus,1
872,Pyridoxine Hydrochloride,convallis tortor risus dapibus augue vel accumsan tellus nisi eu orci mauris lacinia sapien quis libero nullam sit amet turpis,1
873,NiteTime Severe Cold and Flu,,0
874,Lamotrigine,aenean fermentum donec ut mauris eget massa tempor convallis nulla neque libero convallis eget eleifend luctus ultricies eu nibh,0
875,Cold Sore Treatment,odio elementum eu interdum eu tincidunt in leo maecenas pulvinar lobortis,0
876,Naproxen Sodium,odio cras mi pede malesuada in imperdiet et commodo vulputate justo in blandit ultrices enim lorem ipsum,0
877,Powerful Pain Medicine,fusce congue diam id ornare imperdiet sapien urna pretium nisl ut volutpat sapien arcu sed,0
878,Simvastatin,ac tellus semper interdum mauris ullamcorper purus sit amet nulla quisque arcu libero rutrum ac lobortis,0
879,Oxycodone Hydrochloride,sodales sed tincidunt eu felis fusce posuere felis sed lacus morbi sem mauris laoreet ut rhoncus aliquet,0
880,Nutricel Additive Solution - CP2D,praesent lectus vestibulum quam sapien varius ut blandit non interdum in ante vestibulum ante,0
881,dg health heartburn prevention,,0
882,Fentanyl,ut nulla sed accumsan felis ut at dolor quis odio consequat varius integer,1
883,OXYCODONE HYDROCHLORIDE,quisque arcu libero rutrum ac lobortis vel dapibus at diam nam tristique,1
884,bareMinerals READY Touch Up Veil Broad Spectrum SPF 15,,0
885,Qutenza,fringilla rhoncus mauris enim leo rhoncus sed vestibulum sit amet,0
886,TIMENTIN,justo etiam pretium iaculis justo in hac habitasse platea dictumst etiam faucibus cursus urna ut tellus nulla ut erat id,0
887,oxaprozin,,1
888,ZOCOR,,0
889,DG Body,nunc commodo placerat praesent blandit nam nulla integer pede justo lacinia eget tincidunt eget tempus,1
890,Medical Provider Single Use EZ Flu Shot Kit,venenatis tristique fusce congue diam id ornare imperdiet sapien urna pretium nisl ut volutpat sapien arcu sed augue aliquam,1
891,Para-BN,orci nullam molestie nibh in lectus pellentesque at nulla suspendisse potenti cras in purus eu magna vulputate luctus cum,0
892,ARTISS,proin at turpis a pede posuere nonummy integer non velit donec diam neque vestibulum eget vulputate ut ultrices vel augue,1
893,Miconazole 3,,1
894,Spatheraphy,convallis duis consequat dui nec nisi volutpat eleifend donec ut dolor morbi vel lectus in quam fringilla rhoncus mauris enim,1
895,CELEBREX,volutpat convallis morbi odio odio elementum eu interdum eu tincidunt in leo maecenas pulvinar lobortis est,0
896,Indomethacin,consequat metus sapien ut nunc vestibulum ante ipsum primis in faucibus orci luctus et ultrices posuere cubilia curae mauris viverra,1
897,Athletes Foot,eget elit sodales scelerisque mauris sit amet eros suspendisse accumsan tortor quis turpis sed ante,1
898,smart sense cold and allergy,amet turpis elementum ligula vehicula consequat morbi a ipsum integer a nibh in quis justo maecenas rhoncus aliquam,1
899,Quetiapine fumarate,eget tincidunt eget tempus vel pede morbi porttitor lorem id ligula suspendisse ornare,1
900,Celexa,,1
901,TAMSULOSIN HYDROCHLORIDE,vel pede morbi porttitor lorem id ligula suspendisse ornare consequat lectus in est risus auctor sed tristique,0
902,Cough Relief,ultrices libero non mattis pulvinar nulla pede ullamcorper augue a suscipit nulla elit ac nulla sed vel enim,1
903,NAPROXEN,in sapien iaculis congue vivamus metus arcu adipiscing molestie hendrerit at vulputate,0
904,lisinopril,sapien varius ut blandit non interdum in ante vestibulum ante ipsum primis in faucibus orci luctus,0
905,simvastatin,vel pede morbi porttitor lorem id ligula suspendisse ornare consequat lectus in est risus auctor,0
906,LEVOTHYROXINE SODIUM,fringilla rhoncus mauris enim leo rhoncus sed vestibulum sit amet cursus id turpis integer aliquet,1
907,Kinray Vitamin A D,justo in blandit ultrices enim lorem ipsum dolor sit amet consectetuer adipiscing elit proin interdum mauris non ligula pellentesque ultrices,1
908,Gillette Sport Invisible,,1
909,Triazolam,justo nec condimentum neque sapien placerat ante nulla justo aliquam quis turpis eget elit sodales scelerisque mauris sit amet eros,0
910,Amlodipine besylate and benazepril hydrochloride,cras mi pede malesuada in imperdiet et commodo vulputate justo in blandit ultrices enim lorem ipsum dolor sit amet consectetuer,0
911,Ranitidine,suscipit ligula in lacus curabitur at ipsum ac tellus semper interdum mauris ullamcorper purus sit amet nulla quisque,1
912,Calciforce,,0
913,Childrens QPAP,,1
914,Crestor,consequat varius integer ac leo pellentesque ultrices mattis odio donec vitae nisi nam,1
915,Oxygen,,1
916,Simvastatin,ligula in lacus curabitur at ipsum ac tellus semper interdum mauris ullamcorper purus sit amet nulla quisque arcu libero rutrum,0
917,Bacitracin Zinc and Polymyxin B Sulfate,,0
918,VALACYCLOVIR HYDROCHLORIDE,hac habitasse platea dictumst morbi vestibulum velit id pretium iaculis diam erat fermentum justo nec condimentum neque sapien placerat,0
919,Mark 3,aliquam augue quam sollicitudin vitae consectetuer eget rutrum at lorem integer tincidunt ante vel,0
920,Diltiazem Hydrochloride,neque vestibulum eget vulputate ut ultrices vel augue vestibulum ante ipsum primis in,1
921,Cockroach American,felis sed interdum venenatis turpis enim blandit mi in porttitor pede justo eu massa donec dapibus,0
922,Dove,nulla tempus vivamus in felis eu sapien cursus vestibulum proin eu mi nulla ac enim in,0
923,Viscum Quercus,in hac habitasse platea dictumst etiam faucibus cursus urna ut tellus nulla ut erat id,1
924,Pacerone,congue elementum in hac habitasse platea dictumst morbi vestibulum velit id pretium iaculis,1
925,Little Colds Decongestant Plus Cough,quisque porta volutpat erat quisque erat eros viverra eget congue eget,1
926,Nutropin AQ Pen 10,semper est quam pharetra magna ac consequat metus sapien ut nunc vestibulum ante ipsum primis,0
927,Clear Proof Pore Purifying Serum,non velit nec nisi vulputate nonummy maecenas tincidunt lacus at velit vivamus,0
928,Acne Off Acne Treatment Facial,vitae ipsum aliquam non mauris morbi non lectus aliquam sit amet diam in magna bibendum,0
929,Imari,sapien a libero nam dui proin leo odio porttitor id consequat in consequat ut nulla,0
930,Hydrocodone Bitartrate and Homatropine Methylbromide,tempor turpis nec euismod scelerisque quam turpis adipiscing lorem vitae mattis nibh ligula,1
931,Neutrogena Ultra sheer Face and Body,ullamcorper purus sit amet nulla quisque arcu libero rutrum ac lobortis vel dapibus at diam,0
932,Pantoprazole Sodium,adipiscing elit proin risus praesent lectus vestibulum quam sapien varius ut blandit non interdum,1
933,BETTER THAN NATURE SKIN SOFTNER,consequat metus sapien ut nunc vestibulum ante ipsum primis in faucibus orci luctus et ultrices posuere cubilia,1
934,Donnatal,,0
935,Morphine Sulfate,venenatis lacinia aenean sit amet justo morbi ut odio cras,0
936,SENSORCAINE,,1
937,Acyclovir,ligula vehicula consequat morbi a ipsum integer a nibh in quis justo maecenas rhoncus aliquam,0
938,Jelly Bean Antibacterial Hand,nulla eget eros elementum pellentesque quisque porta volutpat erat quisque,1
939,Fibromyalgia Relief,ante ipsum primis in faucibus orci luctus et ultrices posuere cubilia curae donec pharetra magna,1
940,XULANE,,0
941,Fortical,,1
942,Antispetic,sagittis sapien cum sociis natoque penatibus et magnis dis parturient montes nascetur ridiculus mus etiam,1
943,Tramadol Hydrochloride,,1
944,smart sense Complete,lorem quisque ut erat curabitur gravida nisi at nibh in hac habitasse,1
945,mally Face Defender Foundation,,0
946,Chlor-Tabs,rhoncus dui vel sem sed sagittis nam congue risus semper porta volutpat quam pede lobortis ligula,1
947,Viscum 1,,0
948,EROS EXTENDED LOVE GLIDE,sed nisl nunc rhoncus dui vel sem sed sagittis nam congue risus,0
949,WHOO GONGJINHYANG SEOL WHITENING JINAEK PROGRAM KIT,non velit nec nisi vulputate nonummy maecenas tincidunt lacus at velit vivamus vel nulla eget,0
950,THERAPY PAIN,sit amet lobortis sapien sapien non mi integer ac neque duis bibendum morbi,1
951,Metformin Hydrochloride,,1
952,Pure Finish Mineral Tinted Moisturizer SPF 15 Fair,sapien ut nunc vestibulum ante ipsum primis in faucibus orci luctus et ultrices posuere cubilia curae mauris viverra diam vitae,0
953,FixMySkin Healing Balm Fragrance-Free,aliquet at feugiat non pretium quis lectus suspendisse potenti in eleifend quam a,0
954,Rabbit Epithelium,in hac habitasse platea dictumst morbi vestibulum velit id pretium iaculis diam erat,0
955,Hackberry,magnis dis parturient montes nascetur ridiculus mus etiam vel augue vestibulum rutrum rutrum neque,0
956,Eczema,enim leo rhoncus sed vestibulum sit amet cursus id turpis integer aliquet massa id lobortis,1
957,ESIKA,condimentum neque sapien placerat ante nulla justo aliquam quis turpis eget elit sodales scelerisque mauris sit amet eros suspendisse,1
958,ATORVASTATIN CALCIUM,fusce congue diam id ornare imperdiet sapien urna pretium nisl ut volutpat sapien arcu sed augue,1
959,Synthroid,orci luctus et ultrices posuere cubilia curae donec pharetra magna vestibulum aliquet ultrices erat tortor sollicitudin mi sit amet,1
960,Amiodarone Hydrochloride,ante ipsum primis in faucibus orci luctus et ultrices posuere cubilia curae nulla dapibus dolor vel est donec odio justo,0
961,Capecitabine,,0
962,Nasal Four,,1
963,Ceftriaxone,in faucibus orci luctus et ultrices posuere cubilia curae donec pharetra magna vestibulum aliquet ultrices erat,1
964,Allergy Relief,,1
965,Lisinopril with Hydrochlorothiazide,,0
966,Glipizide and Metformin Hydrochloride,nisl nunc nisl duis bibendum felis sed interdum venenatis turpis enim blandit mi in porttitor,0
967,Desoximetasone,aliquet at feugiat non pretium quis lectus suspendisse potenti in eleifend quam a,1
968,Naproxen Sodium,porttitor id consequat in consequat ut nulla sed accumsan felis ut at dolor,0
969,Lorcet 10/650,leo pellentesque ultrices mattis odio donec vitae nisi nam ultrices libero non mattis pulvinar nulla pede ullamcorper augue,0
970,Isomers DeoDry Antiperspirant,,1
971,up and up dye free infants pain and fever acetaminophen,mattis egestas metus aenean fermentum donec ut mauris eget massa tempor,0
972,MEDROX,,1
973,Medicine Shoppe Arthritis Pain Reliever,,0
974,Metoclopramide,purus eu magna vulputate luctus cum sociis natoque penatibus et magnis dis parturient montes nascetur ridiculus,1
975,Hydrocodone Bitatrate and Acetaminophen,in imperdiet et commodo vulputate justo in blandit ultrices enim lorem,1
976,"Pollens - Weeds and Garden Plants, Scale, Wing (Shad) Atriplex canescens",quam fringilla rhoncus mauris enim leo rhoncus sed vestibulum sit amet cursus id turpis integer aliquet massa id,1
977,topcare nite time,pellentesque ultrices mattis odio donec vitae nisi nam ultrices libero non mattis pulvinar nulla pede ullamcorper augue a,1
978,Cold and Flu,,0
979,Flurbiprofen,ultrices vel augue vestibulum ante ipsum primis in faucibus orci luctus et ultrices posuere cubilia curae donec pharetra magna,0
980,Axe,,1
981,Barley Grain,,1
982,Calcitriol,,0
983,Illusion Tinted Moisturizer Broad Spectrum Sand,,1
984,NUCYNTA,,1
985,Body,,1
986,PREZISTA,nec euismod scelerisque quam turpis adipiscing lorem vitae mattis nibh ligula nec sem,0
987,Pravastatin Sodium,,0
988,Muscle Ease,semper est quam pharetra magna ac consequat metus sapien ut nunc vestibulum ante ipsum primis in faucibus,0
989,Citrus Basil and Lime Antibacterial Hand Wash,sociis natoque penatibus et magnis dis parturient montes nascetur ridiculus mus etiam vel augue,0
990,Aspirin-Free Tension Headache,pellentesque ultrices mattis odio donec vitae nisi nam ultrices libero,0
991,Vac-Chord,elit proin interdum mauris non ligula pellentesque ultrices phasellus id sapien in sapien,1
992,Acyclovir,mattis egestas metus aenean fermentum donec ut mauris eget massa tempor convallis nulla neque libero convallis eget eleifend luctus,1
993,Estradiol,quis libero nullam sit amet turpis elementum ligula vehicula consequat morbi a ipsum integer a,1
994,Head and Shoulders 2in1,in felis donec semper sapien a libero nam dui proin leo odio,1
995,Claritin,diam in magna bibendum imperdiet nullam orci pede venenatis non sodales,0
996,Methocarbamol,turpis enim blandit mi in porttitor pede justo eu massa donec,0
997,MAXALT,pede libero quis orci nullam molestie nibh in lectus pellentesque at nulla suspendisse potenti,0
998,Olanzapine,mauris enim leo rhoncus sed vestibulum sit amet cursus id turpis integer aliquet,1
999,Dry Scalp Care,purus phasellus in felis donec semper sapien a libero nam dui proin leo odio porttitor id consequat,0
1000,ATORVASTATIN CALCIUM,ac nulla sed vel enim sit amet nunc viverra dapibus nulla suscipit ligula in lacus curabitur at ipsum ac tellus,0
