1,solution,Business-focused system-worthy open architecture
2,archive,Customer-focused optimal open architecture
3,Implemented,Diverse real-time productivity
4,fresh-thinking,Ergonomic foreground Graphic Interface
5,Sharable,User-centric bifurcated synergy
6,Team-oriented,Optimized zero tolerance Graphical User Interface
7,static,Visionary transitional product
8,website,Organic leading edge utilisation
9,Future-proofed,Ergonomic 24/7 collaboration
10,Optimized,Business-focused radical concept
11,Assimilated,Reduced exuding protocol
12,motivating,Phased intangible website
13,Progressive,Expanded executive implementation
14,fault-tolerant,Innovative discrete internet solution
15,implementation,Ergonomic human-resource migration
16,Implemented,Organized composite orchestration
17,solution,User-friendly 24 hour customer loyalty
18,Enterprise-wide,Ergonomic heuristic portal
19,static,Organized motivating capacity
20,executive,Multi-channelled impactful synergy
21,even-keeled,Multi-layered eco-centric intranet
22,encryption,Horizontal zero defect synergy
23,transitional,Triple-buffered web-enabled open system
24,Cloned,Balanced asymmetric parallelism
25,well-modulated,Intuitive directional synergy
26,asynchronous,Vision-oriented content-based initiative
27,Object-based,Ergonomic explicit frame
28,parallelism,User-centric regional support
29,cohesive,Virtual optimizing flexibility
30,moratorium,Diverse regional analyzer
31,hub,Intuitive 24/7 encoding
32,Assimilated,Cloned asymmetric task-force
33,encryption,Exclusive clear-thinking knowledge user
34,regional,Customizable human-resource matrix
35,disintermediate,Realigned even-keeled implementation
36,Secured,Front-line static methodology
37,Upgradable,Total executive access
38,instruction set,Fully-configurable mission-critical internet solution
39,help-desk,Cloned background software
40,upward-trending,Persevering client-server groupware
41,didactic,Triple-buffered empowering installation
42,Graphical User Interface,Stand-alone bifurcated project
43,motivating,Phased heuristic system engine
44,system engine,User-centric user-facing strategy
45,high-level,Re-engineered systematic local area network
46,Innovative,Cross-group disintermediate knowledge user
47,Organized,Mandatory 5th generation website
48,systemic,Integrated contextually-based success
49,encryption,Configurable intermediate secured line
50,high-level,Universal 5th generation support
51,transitional,Horizontal responsive success
52,holistic,Switchable clear-thinking open system
53,multi-tasking,Virtual non-volatile orchestration
54,explicit,Open-source holistic info-mediaries
55,Intuitive,Synergized transitional policy
56,orchestration,Innovative encompassing support
57,coherent,Up-sized next generation adapter
58,global,Cross-group heuristic system engine
59,Total,Future-proofed local parallelism
60,model,Total bottom-line project
61,24/7,Inverse impactful projection
62,intangible,Enhanced empowering approach
63,zero administration,Up-sized intermediate middleware
64,Distributed,Stand-alone composite hub
65,orchestration,Customizable bottom-line time-frame
66,protocol,Enterprise-wide user-facing framework
67,Team-oriented,Persistent real-time artificial intelligence
68,Stand-alone,Virtual uniform internet solution
69,Programmable,Down-sized cohesive application
70,Switchable,Virtual zero administration workforce
71,service-desk,Face to face bottom-line flexibility
72,User-friendly,Upgradable fresh-thinking help-desk
73,local area network,Phased responsive circuit
74,Reduced,Front-line disintermediate function
75,Proactive,Distributed well-modulated task-force
76,client-driven,De-engineered scalable capacity
77,Synchronised,Expanded systematic challenge
78,throughput,Intuitive multi-state structure
79,Realigned,Horizontal eco-centric intranet
80,Devolved,Streamlined content-based extranet
81,attitude-oriented,Optional scalable budgetary management
82,Face to face,Open-source tangible instruction set
83,adapter,Adaptive regional capability
84,methodology,Progressive bottom-line open system
85,alliance,Integrated analyzing parallelism
86,throughput,Stand-alone 6th generation portal
87,Front-line,Stand-alone leading edge software
88,Adaptive,Enhanced systematic parallelism
89,Switchable,Re-engineered tertiary capacity
90,Self-enabling,Automated directional standardization
91,data-warehouse,Face to face tertiary frame
92,function,Stand-alone grid-enabled instruction set
93,capability,Organized methodical structure
94,dedicated,Pre-emptive 3rd generation info-mediaries
95,3rd generation,Grass-roots bifurcated info-mediaries
96,alliance,Up-sized leading edge protocol
97,hub,Customer-focused reciprocal portal
98,Virtual,Robust reciprocal methodology
99,Adaptive,Front-line 6th generation emulation
100,high-level,Ergonomic directional knowledge base
101,human-resource,Fully-configurable bifurcated strategy
102,internet solution,Decentralized grid-enabled analyzer
103,24/7,Fully-configurable methodical matrix
104,impactful,Distributed incremental process improvement
105,internet solution,Organic bi-directional frame
106,Secured,Realigned systematic portal
107,workforce,Polarised executive firmware
108,multi-tasking,Monitored background hierarchy
109,bottom-line,User-centric modular pricing structure
110,global,Exclusive logistical software
111,holistic,Organic multi-state hub
112,Front-line,Down-sized tertiary moratorium
113,conglomeration,Decentralized coherent open system
114,Managed,Mandatory systematic instruction set
115,real-time,Monitored even-keeled superstructure
116,Optional,Networked background budgetary management
117,Multi-channelled,Seamless high-level implementation
118,Upgradable,Focused maximized open architecture
119,Re-engineered,Customer-focused client-driven throughput
120,flexibility,Secured intangible functionalities
121,User-centric,Customer-focused background local area network
122,impactful,Adaptive 5th generation project
123,projection,Operative bi-directional encryption
124,Upgradable,Multi-layered asynchronous strategy
125,Versatile,Right-sized zero tolerance challenge
126,dedicated,User-centric national secured line
127,orchestration,Operative modular standardization
128,Stand-alone,Cross-platform directional interface
129,implementation,Devolved high-level initiative
130,national,Synchronised mobile toolset
131,dynamic,Cloned asymmetric hierarchy
132,secondary,Adaptive mobile pricing structure
133,hardware,Persistent human-resource website
134,ability,Monitored 6th generation instruction set
135,Monitored,Streamlined uniform info-mediaries
136,Balanced,User-friendly bandwidth-monitored software
137,help-desk,Decentralized interactive portal
138,neutral,Operative 4th generation contingency
139,moratorium,Customizable maximized toolset
140,bottom-line,Optional multi-tasking pricing structure
141,task-force,Advanced homogeneous open system
142,Fundamental,Automated contextually-based synergy
143,next generation,Visionary secondary leverage
144,strategy,Monitored scalable application
145,Versatile,Customizable upward-trending benchmark
146,Fully-configurable,Profit-focused motivating customer loyalty
147,Ergonomic,Operative optimal circuit
148,workforce,Managed composite system engine
149,multi-state,Triple-buffered needs-based circuit
150,stable,Ameliorated upward-trending local area network
151,neural-net,Switchable bifurcated middleware
152,logistical,Adaptive optimal framework
153,Synergistic,Business-focused maximized conglomeration
154,success,Reactive asynchronous local area network
155,hierarchy,Horizontal content-based standardization
156,Implemented,Managed interactive access
157,forecast,Extended holistic contingency
158,exuding,Streamlined optimal portal
159,Synergistic,Assimilated neutral Graphical User Interface
160,Synergized,Enhanced well-modulated focus group
161,Organized,Devolved composite parallelism
162,real-time,Programmable contextually-based conglomeration
163,Object-based,Operative high-level encoding
164,upward-trending,Inverse secondary policy
165,Face to face,Innovative fresh-thinking software
166,Implemented,Customizable didactic capability
167,concept,Quality-focused responsive hardware
168,success,Open-source clear-thinking analyzer
169,Business-focused,Optional didactic definition
170,Ameliorated,Profit-focused reciprocal leverage
171,attitude-oriented,Persevering uniform solution
172,optimizing,Decentralized bandwidth-monitored methodology
173,tertiary,Customizable impactful data-warehouse
174,database,User-friendly asynchronous database
175,content-based,Devolved hybrid encoding
176,Exclusive,Advanced 24/7 workforce
177,Fully-configurable,Business-focused even-keeled concept
178,firmware,Customizable tertiary paradigm
179,Reverse-engineered,Adaptive well-modulated productivity
180,utilisation,Quality-focused well-modulated service-desk
181,bottom-line,Virtual high-level strategy
182,Reverse-engineered,Multi-lateral full-range superstructure
183,Ergonomic,Cloned logistical open system
184,migration,Reactive transitional project
185,zero tolerance,Function-based secondary hub
186,optimizing,Enterprise-wide modular hierarchy
187,composite,Multi-tiered maximized pricing structure
188,data-warehouse,Extended well-modulated forecast
189,Exclusive,Self-enabling radical initiative
190,holistic,Up-sized impactful ability
191,portal,Business-focused executive intranet
192,cohesive,Realigned analyzing success
193,Multi-lateral,Face to face zero tolerance matrix
194,mission-critical,Decentralized methodical software
195,fresh-thinking,Business-focused clear-thinking toolset
196,Compatible,Centralized dedicated project
197,Down-sized,Horizontal zero defect info-mediaries
198,Inverse,Customer-focused real-time benchmark
199,explicit,Cross-group multi-state orchestration
200,stable,De-engineered transitional parallelism
201,fault-tolerant,Front-line attitude-oriented conglomeration
202,time-frame,Reduced optimal conglomeration
203,grid-enabled,Synchronised contextually-based process improvement
204,help-desk,Devolved zero administration synergy
205,Object-based,Cross-platform intangible encoding
206,Implemented,Right-sized background firmware
207,secondary,Team-oriented system-worthy website
208,static,Phased actuating emulation
209,modular,Public-key asynchronous framework
210,Graphical User Interface,Public-key systematic attitude
211,multi-state,Up-sized dynamic capacity
212,Stand-alone,Seamless contextually-based policy
213,hub,Extended regional challenge
214,Exclusive,Pre-emptive solution-oriented service-desk
215,Focused,Sharable didactic solution
216,Centralized,Phased scalable hierarchy
217,array,Enhanced holistic application
218,intangible,Team-oriented actuating application
219,directional,Visionary 24 hour structure
220,systemic,Synergized optimal open system
221,internet solution,Innovative coherent utilisation
222,analyzer,Front-line context-sensitive capability
223,didactic,Realigned cohesive productivity
224,forecast,Implemented context-sensitive groupware
225,firmware,Ameliorated maximized hub
226,time-frame,Diverse tangible customer loyalty
227,Balanced,Cross-platform background knowledge user
228,modular,Customizable heuristic methodology
229,zero tolerance,Synergized client-driven productivity
230,human-resource,Business-focused empowering service-desk
231,24 hour,Intuitive zero administration open system
232,workforce,Optional executive paradigm
233,archive,Triple-buffered 3rd generation function
234,functionalities,Cross-group dedicated instruction set
235,bi-directional,Self-enabling 4th generation parallelism
236,Extended,Intuitive static data-warehouse
237,Face to face,Optimized 5th generation instruction set
238,projection,Phased dynamic hierarchy
239,neural-net,Persistent methodical portal
240,system-worthy,Automated contextually-based instruction set
241,Total,Profound encompassing hub
242,Configurable,Managed impactful Graphic Interface
243,coherent,Advanced intermediate data-warehouse
244,explicit,Profit-focused systematic architecture
245,Universal,Triple-buffered secondary encoding
246,attitude,Robust executive monitoring
247,instruction set,Total neutral access
248,interactive,Balanced coherent application
249,projection,Organized radical budgetary management
250,artificial intelligence,Multi-lateral tangible software
251,superstructure,Fundamental dedicated toolset
252,human-resource,Fully-configurable 6th generation array
253,Visionary,Focused background utilisation
254,Secured,Decentralized scalable parallelism
255,Right-sized,Stand-alone non-volatile focus group
256,Intuitive,Synergized non-volatile help-desk
257,Optimized,Sharable analyzing secured line
258,migration,Implemented client-driven success
259,optimizing,Profit-focused homogeneous throughput
260,multimedia,Persistent impactful frame
261,info-mediaries,Re-engineered 6th generation productivity
262,database,Function-based even-keeled infrastructure
263,Reverse-engineered,Multi-channelled 24/7 ability
264,Graphic Interface,Decentralized empowering alliance
265,artificial intelligence,Fundamental 6th generation strategy
266,process improvement,Vision-oriented stable matrices
267,Digitized,Progressive bifurcated algorithm
268,context-sensitive,Fully-configurable even-keeled website
269,homogeneous,Ergonomic regional monitoring
270,projection,Persevering upward-trending knowledge user
271,circuit,User-centric even-keeled conglomeration
272,Operative,Assimilated clear-thinking installation
273,4th generation,Virtual responsive instruction set
274,Streamlined,Mandatory value-added software
275,groupware,Extended motivating help-desk
276,Customer-focused,User-centric mission-critical access
277,web-enabled,Right-sized tertiary standardization
278,Enterprise-wide,Configurable high-level task-force
279,hierarchy,Re-engineered discrete synergy
280,bottom-line,Centralized mission-critical orchestration
281,content-based,Stand-alone logistical parallelism
282,leading edge,Fully-configurable foreground task-force
283,open system,Versatile 24 hour function
284,alliance,Fundamental multimedia forecast
285,local,Networked client-driven initiative
286,Right-sized,User-centric demand-driven alliance
287,scalable,Up-sized national artificial intelligence
288,initiative,Implemented transitional time-frame
289,analyzer,Optional upward-trending alliance
290,Integrated,Open-source zero tolerance pricing structure
291,matrix,Expanded coherent Graphical User Interface
292,Reverse-engineered,Assimilated intermediate matrices
293,logistical,Realigned foreground matrices
294,mobile,Streamlined grid-enabled circuit
295,implementation,Devolved explicit workforce
296,zero administration,Fully-configurable homogeneous analyzer
297,Ergonomic,Networked explicit middleware
298,system-worthy,Cross-group dedicated throughput
299,Virtual,Mandatory real-time leverage
300,instruction set,Streamlined neutral framework
301,Organized,Adaptive empowering knowledge base
302,Re-engineered,Extended intermediate website
303,secured line,Organized reciprocal application
304,system-worthy,Synergized asynchronous migration
305,Synergized,Synergistic zero administration hub
306,circuit,Stand-alone heuristic alliance
307,well-modulated,Synchronised eco-centric workforce
308,Automated,Object-based mobile open architecture
309,Team-oriented,De-engineered multi-tasking Graphical User Interface
310,well-modulated,Team-oriented 3rd generation neural-net
311,foreground,Open-architected 4th generation encoding
312,paradigm,Operative user-facing challenge
313,methodical,Distributed motivating Graphic Interface
314,Synergized,Devolved dynamic data-warehouse
315,Face to face,Synergized real-time firmware
316,infrastructure,Grass-roots encompassing open architecture
317,methodology,Balanced cohesive local area network
318,next generation,Networked discrete paradigm
319,Progressive,Fundamental neutral synergy
320,paradigm,Compatible uniform intranet
321,national,Fundamental hybrid access
322,composite,Streamlined optimizing internet solution
323,Innovative,Down-sized multi-tasking collaboration
324,Multi-channelled,Phased intermediate internet solution
325,Object-based,Virtual radical process improvement
326,system-worthy,Sharable systemic pricing structure
327,responsive,Synergistic maximized structure
328,knowledge user,Innovative even-keeled success
329,mission-critical,Triple-buffered web-enabled access
330,bottom-line,Reverse-engineered national synergy
331,bandwidth-monitored,Cloned asymmetric matrix
332,discrete,Extended 6th generation alliance
333,Re-engineered,Stand-alone fault-tolerant internet solution
334,Innovative,Implemented disintermediate local area network
335,tertiary,Vision-oriented global methodology
336,Virtual,Grass-roots eco-centric pricing structure
337,executive,Sharable solution-oriented instruction set
338,cohesive,Self-enabling methodical extranet
339,Optional,Object-based regional hardware
340,tangible,Configurable tertiary leverage
341,open system,Mandatory multi-tasking initiative
342,exuding,Mandatory leading edge structure
343,systemic,Fundamental static superstructure
344,needs-based,Automated high-level strategy
345,human-resource,Universal value-added artificial intelligence
346,data-warehouse,Multi-tiered holistic portal
347,24 hour,Secured foreground contingency
348,neutral,Networked composite matrices
349,paradigm,Seamless non-volatile portal
350,neural-net,Reverse-engineered content-based hub
351,algorithm,Object-based multi-state architecture
352,Persevering,Focused human-resource solution
353,client-server,Configurable eco-centric matrix
354,Front-line,Triple-buffered incremental open system
355,Compatible,Enterprise-wide web-enabled software
356,data-warehouse,Self-enabling modular approach
357,Phased,Business-focused human-resource database
358,directional,Multi-tiered local approach
359,attitude,Decentralized uniform Graphic Interface
360,impactful,Upgradable global instruction set
361,Stand-alone,Ameliorated client-driven functionalities
362,fault-tolerant,Monitored needs-based toolset
363,infrastructure,Mandatory full-range encryption
364,directional,Progressive client-server encryption
365,local area network,Operative uniform time-frame
366,hybrid,Monitored homogeneous utilisation
367,encompassing,Upgradable demand-driven toolset
368,radical,Customer-focused methodical portal
369,content-based,Seamless asymmetric encryption
370,extranet,Realigned non-volatile neural-net
371,intermediate,Organic empowering data-warehouse
372,intranet,Down-sized homogeneous initiative
373,systemic,Extended 24/7 database
374,flexibility,Object-based zero tolerance synergy
375,Polarised,Synergistic transitional superstructure
376,Synergized,Face to face impactful contingency
377,Centralized,Decentralized secondary product
378,definition,Inverse local encryption
379,maximized,Reduced 24 hour matrix
380,Implemented,Fully-configurable heuristic utilisation
381,knowledge base,Re-contextualized content-based groupware
382,Ergonomic,Reduced multi-state synergy
383,dynamic,Seamless incremental protocol
384,Grass-roots,Reverse-engineered homogeneous moratorium
385,Visionary,Virtual upward-trending support
386,client-server,Compatible interactive challenge
387,exuding,Virtual zero administration hardware
388,motivating,De-engineered transitional access
389,Digitized,Adaptive asynchronous toolset
390,Monitored,Horizontal leading edge complexity
391,interactive,Down-sized actuating utilisation
392,Re-engineered,Intuitive national moderator
393,Innovative,Profit-focused interactive frame
394,Multi-layered,Phased dedicated structure
395,next generation,Organized fault-tolerant extranet
396,Visionary,Realigned executive matrices
397,Digitized,Re-contextualized 3rd generation project
398,capacity,Cross-group systemic framework
399,interactive,Optimized multi-tasking support
400,middleware,Programmable real-time monitoring
401,Public-key,Centralized dynamic firmware
402,Persevering,Persistent interactive installation
403,bifurcated,Multi-tiered grid-enabled leverage
404,Multi-layered,Enterprise-wide background support
405,structure,Cross-group mission-critical orchestration
406,algorithm,Diverse fresh-thinking policy
407,Implemented,Configurable disintermediate encryption
408,discrete,Expanded background architecture
409,Team-oriented,Cloned systemic emulation
410,system-worthy,Innovative full-range hardware
411,contingency,Re-contextualized client-server benchmark
412,Mandatory,Synergized bottom-line migration
413,bottom-line,Ergonomic client-server alliance
414,Operative,Grass-roots scalable groupware
415,approach,Digitized needs-based model
416,website,Triple-buffered responsive protocol
417,solution-oriented,Cross-group tangible framework
418,intangible,Compatible tangible analyzer
419,functionalities,Virtual didactic projection
420,zero defect,Switchable empowering software
421,full-range,Triple-buffered attitude-oriented throughput
422,Upgradable,Customer-focused 24 hour pricing structure
423,grid-enabled,Multi-layered optimizing service-desk
424,knowledge base,Reactive asynchronous concept
425,Down-sized,Advanced cohesive customer loyalty
426,bi-directional,Object-based composite throughput
427,benchmark,Compatible explicit array
428,local area network,Progressive leading edge policy
429,De-engineered,Horizontal reciprocal throughput
430,Profit-focused,Intuitive 4th generation moratorium
431,process improvement,User-centric zero administration encoding
432,foreground,Synergistic full-range application
433,Adaptive,Optional solution-oriented benchmark
434,didactic,Right-sized dedicated ability
435,Up-sized,Function-based systematic superstructure
436,groupware,Compatible local product
437,fault-tolerant,Centralized coherent circuit
438,policy,User-centric high-level neural-net
439,zero defect,Front-line content-based firmware
440,alliance,Automated uniform approach
441,web-enabled,Mandatory object-oriented collaboration
442,tertiary,Reduced empowering toolset
443,Profound,Future-proofed logistical circuit
444,archive,Self-enabling clear-thinking initiative
445,5th generation,Reduced client-server archive
446,scalable,User-friendly content-based process improvement
447,Re-contextualized,Open-architected reciprocal workforce
448,forecast,Team-oriented user-facing paradigm
449,Synergized,Customer-focused optimal data-warehouse
450,utilisation,Reactive grid-enabled parallelism
451,flexibility,Managed systematic focus group
452,discrete,Versatile modular groupware
453,needs-based,Customer-focused asymmetric infrastructure
454,Multi-lateral,Innovative logistical extranet
455,Diverse,Focused discrete help-desk
456,hybrid,Pre-emptive foreground application
457,analyzer,Reactive radical productivity
458,forecast,User-centric local instruction set
459,protocol,Persevering stable synergy
460,internet solution,Multi-lateral encompassing leverage
461,global,Team-oriented actuating groupware
462,User-centric,Face to face composite help-desk
463,project,Self-enabling needs-based complexity
464,Balanced,Reduced optimizing framework
465,Intuitive,Profit-focused regional alliance
466,encompassing,Public-key needs-based definition
467,Realigned,Customer-focused responsive architecture
468,client-driven,Reverse-engineered well-modulated process improvement
469,Front-line,Reverse-engineered discrete flexibility
470,cohesive,Total empowering info-mediaries
471,incremental,Inverse value-added benchmark
472,Digitized,User-friendly homogeneous framework
473,moderator,User-centric even-keeled forecast
474,Focused,Networked bifurcated initiative
475,data-warehouse,Upgradable optimizing orchestration
476,Front-line,Reactive holistic task-force
477,Exclusive,Cloned fresh-thinking support
478,interactive,Programmable holistic standardization
479,global,Advanced scalable emulation
480,Upgradable,Cross-platform human-resource workforce
481,interface,Phased non-volatile definition
482,portal,Adaptive bandwidth-monitored standardization
483,Graphic Interface,Re-engineered executive emulation
484,workforce,Balanced discrete analyzer
485,Optimized,Robust global flexibility
486,user-facing,Programmable modular methodology
487,zero tolerance,Decentralized executive task-force
488,asymmetric,Realigned asymmetric definition
489,pricing structure,Exclusive 6th generation architecture
490,benchmark,Customer-focused radical architecture
491,Mandatory,Fully-configurable content-based encoding
492,task-force,Pre-emptive homogeneous moderator
493,3rd generation,Secured human-resource intranet
494,infrastructure,User-friendly 6th generation capability
495,instruction set,Streamlined regional standardization
496,Front-line,Optimized value-added groupware
497,Profit-focused,Multi-layered mobile conglomeration
498,system engine,Expanded 5th generation architecture
499,Persistent,Business-focused zero tolerance data-warehouse
500,moratorium,Reactive modular analyzer
501,stable,Open-architected non-volatile benchmark
502,Re-engineered,De-engineered multi-state moderator
503,systemic,Distributed logistical neural-net
504,focus group,Multi-layered national orchestration
505,encoding,User-friendly dynamic process improvement
506,Optional,Profound uniform definition
507,Re-contextualized,Synergized leading edge architecture
508,Reactive,Total motivating hub
509,scalable,Distributed interactive alliance
510,application,Vision-oriented fresh-thinking array
511,dynamic,Managed multi-state migration
512,encompassing,Focused holistic policy
513,workforce,Quality-focused optimizing neural-net
514,encryption,Centralized bifurcated challenge
515,mission-critical,User-centric attitude-oriented project
516,stable,Re-engineered exuding capability
517,help-desk,Reverse-engineered fresh-thinking pricing structure
518,value-added,Reverse-engineered human-resource adapter
519,productivity,Proactive well-modulated methodology
520,firmware,Automated bottom-line pricing structure
521,De-engineered,Mandatory next generation definition
522,hierarchy,Automated analyzing challenge
523,5th generation,Reduced object-oriented archive
524,focus group,Exclusive demand-driven pricing structure
525,optimizing,Open-architected motivating array
526,Customizable,Fundamental neutral frame
527,middleware,Synergistic real-time monitoring
528,bandwidth-monitored,Public-key bandwidth-monitored function
529,superstructure,Seamless responsive toolset
530,Seamless,Implemented radical policy
531,application,Reactive human-resource budgetary management
532,Automated,Assimilated human-resource installation
533,Decentralized,Devolved system-worthy flexibility
534,bandwidth-monitored,Cross-group dynamic standardization
535,internet solution,Diverse background moratorium
536,4th generation,Front-line tertiary neural-net
537,circuit,Sharable methodical frame
538,actuating,Stand-alone foreground database
539,archive,Profound zero administration workforce
540,encryption,Programmable actuating encoding
541,hub,Sharable actuating toolset
542,zero defect,Expanded web-enabled policy
543,24/7,Total optimal implementation
544,grid-enabled,Balanced human-resource emulation
545,reciprocal,Organized context-sensitive support
546,hierarchy,Exclusive encompassing utilisation
547,logistical,Sharable executive utilisation
548,executive,Sharable mission-critical firmware
549,Intuitive,Automated tertiary firmware
550,bi-directional,De-engineered bottom-line capability
551,clear-thinking,Integrated static moratorium
552,high-level,Implemented neutral initiative
553,challenge,Triple-buffered static open architecture
554,Reverse-engineered,Devolved directional attitude
555,Operative,Phased 3rd generation adapter
556,empowering,Upgradable motivating pricing structure
557,demand-driven,Persevering optimal protocol
558,directional,Pre-emptive logistical contingency
559,impactful,Multi-channelled scalable matrices
560,open architecture,Multi-layered methodical ability
561,disintermediate,Customizable bandwidth-monitored database
562,Phased,Phased regional forecast
563,Re-engineered,Persistent asynchronous focus group
564,needs-based,Organized multimedia projection
565,explicit,Managed explicit solution
566,moratorium,Centralized real-time infrastructure
567,implementation,Implemented dedicated archive
568,array,Operative bandwidth-monitored pricing structure
569,Graphical User Interface,Pre-emptive fault-tolerant installation
570,Object-based,Cross-platform optimizing approach
571,human-resource,Implemented bandwidth-monitored solution
572,matrices,Sharable bifurcated core
573,Upgradable,Focused secondary function
574,object-oriented,Enterprise-wide reciprocal parallelism
575,model,Streamlined local approach
576,parallelism,Object-based zero administration attitude
577,Ameliorated,Optional leading edge capability
578,focus group,Front-line asymmetric orchestration
579,matrix,Organized contextually-based pricing structure
580,zero administration,Fundamental asynchronous monitoring
581,bifurcated,Adaptive motivating concept
582,Virtual,Fully-configurable 24/7 system engine
583,national,Streamlined zero tolerance encryption
584,Open-source,Digitized bifurcated structure
585,data-warehouse,Balanced foreground intranet
586,leverage,Ameliorated web-enabled data-warehouse
587,solution-oriented,Intuitive value-added initiative
588,Cross-platform,Reduced object-oriented architecture
589,web-enabled,Seamless maximized task-force
590,Robust,Distributed regional initiative
591,Extended,Multi-tiered non-volatile migration
592,Digitized,Right-sized transitional complexity
593,pricing structure,Upgradable attitude-oriented algorithm
594,parallelism,Proactive methodical access
595,Fundamental,Seamless dynamic parallelism
596,modular,Enterprise-wide explicit firmware
597,Down-sized,Organic bi-directional analyzer
598,framework,Fundamental clear-thinking complexity
599,cohesive,Fully-configurable bifurcated pricing structure
600,attitude-oriented,Persistent analyzing methodology
601,complexity,Advanced foreground middleware
602,complexity,Diverse client-driven support
603,Cloned,Cross-platform tertiary neural-net
604,projection,Right-sized stable throughput
605,4th generation,Quality-focused mobile system engine
606,portal,Quality-focused radical encryption
607,User-centric,Secured next generation array
608,4th generation,Synchronised coherent instruction set
609,synergy,Mandatory asymmetric Graphical User Interface
610,solution,Automated explicit time-frame
611,Universal,Horizontal holistic contingency
612,Upgradable,Multi-channelled full-range parallelism
613,grid-enabled,Programmable zero tolerance software
614,Quality-focused,Virtual transitional groupware
615,dedicated,Exclusive uniform moratorium
616,implementation,Enhanced object-oriented matrices
617,reciprocal,Enterprise-wide actuating artificial intelligence
618,fresh-thinking,Streamlined didactic firmware
619,definition,Reduced asynchronous help-desk
620,Ameliorated,Streamlined national array
621,exuding,Assimilated transitional contingency
622,needs-based,Reverse-engineered 24/7 budgetary management
623,customer loyalty,Stand-alone mission-critical adapter
624,help-desk,Universal dynamic concept
625,disintermediate,Organic background focus group
626,capacity,Self-enabling coherent emulation
627,initiative,Devolved asynchronous conglomeration
628,full-range,Configurable 3rd generation knowledge base
629,emulation,Diverse eco-centric matrix
630,Upgradable,Multi-channelled secondary capacity
631,firmware,Business-focused impactful orchestration
632,Enhanced,Public-key zero defect instruction set
633,Adaptive,Reactive responsive monitoring
634,Digitized,Reduced user-facing interface
635,Fundamental,Face to face asymmetric neural-net
636,discrete,Phased systematic orchestration
637,Devolved,Public-key mobile initiative
638,optimizing,Face to face asynchronous complexity
639,Graphical User Interface,Diverse 24 hour framework
640,Front-line,Advanced dedicated secured line
641,system-worthy,Cross-platform object-oriented open system
642,ability,Persistent web-enabled help-desk
643,Phased,Robust 24 hour algorithm
644,cohesive,Decentralized methodical migration
645,zero defect,Visionary upward-trending implementation
646,Advanced,Persistent multimedia structure
647,user-facing,Persistent human-resource task-force
648,Robust,Streamlined interactive circuit
649,Reverse-engineered,Optional responsive monitoring
650,migration,Focused contextually-based concept
651,Re-engineered,De-engineered systematic productivity
652,Multi-lateral,Phased tangible encryption
653,Expanded,Enhanced disintermediate open system
654,value-added,Progressive value-added installation
655,Sharable,Ameliorated demand-driven moratorium
656,Reduced,Automated bifurcated website
657,national,Function-based 24/7 attitude
658,circuit,Re-engineered mission-critical attitude
659,Team-oriented,Reactive intangible success
660,data-warehouse,Progressive non-volatile circuit
661,functionalities,Optimized didactic database
662,support,Multi-lateral solution-oriented complexity
663,human-resource,Customer-focused motivating throughput
664,moderator,Object-based global functionalities
665,web-enabled,Future-proofed fresh-thinking standardization
666,migration,Persistent heuristic capability
667,Networked,Persistent background infrastructure
668,needs-based,Compatible clear-thinking local area network
669,Sharable,Realigned methodical forecast
670,website,Exclusive next generation archive
671,asynchronous,Focused heuristic open architecture
672,attitude-oriented,Triple-buffered multi-state service-desk
673,Robust,Cross-group heuristic intranet
674,bandwidth-monitored,Object-based zero administration firmware
675,groupware,Sharable regional capability
676,Multi-channelled,Configurable fresh-thinking emulation
677,Organized,Intuitive zero tolerance secured line
678,Integrated,Assimilated client-driven function
679,multi-tasking,Grass-roots leading edge groupware
680,Cross-platform,Intuitive coherent website
681,Front-line,Profit-focused value-added middleware
682,Organic,Advanced scalable conglomeration
683,monitoring,User-centric bottom-line methodology
684,zero administration,Self-enabling human-resource data-warehouse
685,Diverse,Proactive even-keeled customer loyalty
686,holistic,Versatile eco-centric process improvement
687,moderator,Streamlined well-modulated hierarchy
688,value-added,Triple-buffered user-facing instruction set
689,Open-architected,Multi-lateral didactic data-warehouse
690,interface,Profound web-enabled array
691,incremental,Networked directional alliance
692,Fully-configurable,Ergonomic tangible analyzer
693,systematic,Sharable disintermediate open system
694,Polarised,Profit-focused client-server service-desk
695,solution-oriented,Streamlined radical encoding
696,Multi-channelled,Progressive intermediate orchestration
697,task-force,Virtual systematic interface
698,solution,Enterprise-wide holistic definition
699,success,Vision-oriented systemic strategy
700,object-oriented,Assimilated zero administration flexibility
701,impactful,Reduced high-level internet solution
702,policy,Organized heuristic array
703,non-volatile,Team-oriented transitional approach
704,Cross-platform,Reverse-engineered bifurcated database
705,encryption,Distributed scalable parallelism
706,website,Innovative multi-tasking interface
707,mobile,Synchronised 24/7 adapter
708,Reactive,Ameliorated 5th generation workforce
709,task-force,Operative dynamic forecast
710,homogeneous,Right-sized mobile algorithm
711,collaboration,Devolved 24/7 collaboration
712,system engine,Focused radical attitude
713,Networked,Ergonomic client-server system engine
714,Sharable,Sharable grid-enabled concept
715,leading edge,Vision-oriented 24/7 extranet
716,User-centric,Grass-roots incremental initiative
717,user-facing,Extended 4th generation data-warehouse
718,client-server,Streamlined systemic collaboration
719,background,Quality-focused discrete help-desk
720,grid-enabled,Extended motivating moderator
721,exuding,Multi-channelled cohesive secured line
722,paradigm,Devolved multi-state internet solution
723,grid-enabled,Cloned mission-critical approach
724,artificial intelligence,Re-contextualized optimal access
725,well-modulated,Future-proofed reciprocal flexibility
726,infrastructure,Organic non-volatile task-force
727,artificial intelligence,Devolved optimizing local area network
728,secondary,Expanded dynamic open system
729,zero administration,Pre-emptive client-server project
730,Self-enabling,Cross-platform background toolset
731,holistic,Realigned full-range extranet
732,encryption,Object-based client-driven time-frame
733,leverage,Cross-platform asynchronous knowledge user
734,solution-oriented,Mandatory grid-enabled infrastructure
735,challenge,Reverse-engineered grid-enabled circuit
736,parallelism,Upgradable heuristic software
