1,Lajo,magna vestibulum aliquet ultrices erat tortor sollicitudin mi sit amet lobortis sapien sapien,erat vestibulum sed magna at nunc commodo placerat praesent blandit nam nulla integer
2,Realbuzz,gravida nisi at nibh in hac habitasse platea dictumst aliquam augue,rhoncus mauris enim leo rhoncus sed vestibulum sit amet cursus id turpis integer aliquet massa id lobortis convallis
3,Thoughtstorm,sem fusce consequat nulla nisl nunc nisl duis bibendum felis sed interdum venenatis turpis enim blandit mi in porttitor,nulla sed vel enim sit amet nunc viverra dapibus nulla suscipit ligula in lacus curabitur
4,Feednation,,odio elementum eu interdum eu tincidunt in leo maecenas pulvinar lobortis est phasellus sit
5,Janyx,platea dictumst morbi vestibulum velit id pretium iaculis diam erat fermentum,augue vestibulum ante ipsum primis in faucibus orci luctus et ultrices posuere cubilia
6,Dazzlesphere,ut mauris eget massa tempor convallis nulla neque libero convallis,
7,Ozu,est risus auctor sed tristique in tempus sit amet sem fusce consequat nulla nisl nunc nisl duis bibendum felis,semper rutrum nulla nunc purus phasellus in felis donec semper
8,Vitz,vivamus vel nulla eget eros elementum pellentesque quisque porta volutpat erat quisque erat eros viverra,sapien quis libero nullam sit amet turpis elementum ligula vehicula consequat morbi a ipsum integer a
9,Chatterbridge,sociis natoque penatibus et magnis dis parturient montes nascetur ridiculus mus etiam vel augue vestibulum,
10,Realblab,odio donec vitae nisi nam ultrices libero non mattis pulvinar nulla pede ullamcorper augue a suscipit nulla elit ac nulla,venenatis tristique fusce congue diam id ornare imperdiet sapien urna pretium nisl ut volutpat sapien arcu sed augue aliquam erat
11,Feednation,viverra pede ac diam cras pellentesque volutpat dui maecenas tristique est et tempus semper est quam pharetra magna ac,cursus vestibulum proin eu mi nulla ac enim in tempor turpis nec euismod scelerisque quam turpis adipiscing lorem vitae
12,Jetpulse,,
13,Devify,neque libero convallis eget eleifend luctus ultricies eu nibh quisque id,tincidunt lacus at velit vivamus vel nulla eget eros elementum
14,Realcube,odio elementum eu interdum eu tincidunt in leo maecenas pulvinar lobortis est phasellus sit amet erat,maecenas ut massa quis augue luctus tincidunt nulla mollis molestie lorem quisque ut
15,Skidoo,,dictumst etiam faucibus cursus urna ut tellus nulla ut erat id mauris
16,Gabcube,maecenas tristique est et tempus semper est quam pharetra magna ac consequat metus sapien,lobortis convallis tortor risus dapibus augue vel accumsan tellus nisi eu orci mauris
17,Skiptube,,
18,Kamba,mauris morbi non lectus aliquam sit amet diam in magna bibendum,aenean sit amet justo morbi ut odio cras mi pede malesuada
19,Kayveo,,
20,Twimbo,justo in hac habitasse platea dictumst etiam faucibus cursus urna,quam sollicitudin vitae consectetuer eget rutrum at lorem integer tincidunt
21,BlogXS,dictumst maecenas ut massa quis augue luctus tincidunt nulla mollis molestie,hac habitasse platea dictumst etiam faucibus cursus urna ut tellus nulla ut
22,Babblestorm,adipiscing lorem vitae mattis nibh ligula nec sem duis aliquam convallis,
23,Cogilith,vitae quam suspendisse potenti nullam porttitor lacus at turpis donec posuere metus,
24,Quimm,libero ut massa volutpat convallis morbi odio odio elementum eu interdum eu tincidunt,ultrices vel augue vestibulum ante ipsum primis in faucibus orci luctus et ultrices posuere cubilia curae
25,Dynava,nisl ut volutpat sapien arcu sed augue aliquam erat volutpat,sagittis sapien cum sociis natoque penatibus et magnis dis parturient montes nascetur ridiculus
26,Jazzy,vitae nisi nam ultrices libero non mattis pulvinar nulla pede ullamcorper,integer tincidunt ante vel ipsum praesent blandit lacinia erat vestibulum sed
27,Brainsphere,faucibus orci luctus et ultrices posuere cubilia curae duis faucibus accumsan odio curabitur convallis duis consequat dui nec nisi,nullam porttitor lacus at turpis donec posuere metus vitae ipsum aliquam non mauris
28,Fivebridge,augue a suscipit nulla elit ac nulla sed vel enim sit,donec quis orci eget orci vehicula condimentum curabitur in libero
29,Tekfly,nibh ligula nec sem duis aliquam convallis nunc proin at turpis,
30,Kwimbee,,primis in faucibus orci luctus et ultrices posuere cubilia curae duis
31,Yabox,pellentesque volutpat dui maecenas tristique est et tempus semper est quam,quisque erat eros viverra eget congue eget semper rutrum nulla nunc purus phasellus in felis donec semper sapien a libero
32,Rooxo,eget eleifend luctus ultricies eu nibh quisque id justo sit amet,nec euismod scelerisque quam turpis adipiscing lorem vitae mattis nibh ligula nec sem
33,Demimbu,pede lobortis ligula sit amet eleifend pede libero quis orci nullam molestie nibh in lectus pellentesque at,vitae consectetuer eget rutrum at lorem integer tincidunt ante vel ipsum praesent blandit lacinia erat vestibulum
34,Thoughtsphere,,eleifend quam a odio in hac habitasse platea dictumst maecenas ut massa quis augue luctus tincidunt
35,Zoomdog,justo aliquam quis turpis eget elit sodales scelerisque mauris sit amet eros suspendisse accumsan tortor quis turpis,purus sit amet nulla quisque arcu libero rutrum ac lobortis vel dapibus at diam
36,Meejo,consequat in consequat ut nulla sed accumsan felis ut at dolor,nulla sed accumsan felis ut at dolor quis odio consequat varius integer ac
37,Mynte,,semper est quam pharetra magna ac consequat metus sapien ut nunc vestibulum
38,Cogibox,eget eleifend luctus ultricies eu nibh quisque id justo sit amet sapien dignissim vestibulum vestibulum ante ipsum primis,lobortis convallis tortor risus dapibus augue vel accumsan tellus nisi eu orci mauris
39,Latz,,lorem quisque ut erat curabitur gravida nisi at nibh in hac habitasse platea dictumst aliquam augue quam sollicitudin vitae
40,Blogtag,dui proin leo odio porttitor id consequat in consequat ut nulla sed accumsan,quis turpis eget elit sodales scelerisque mauris sit amet eros suspendisse accumsan tortor quis turpis
41,Oyope,blandit non interdum in ante vestibulum ante ipsum primis in faucibus orci luctus et ultrices posuere cubilia,
42,Edgeify,amet lobortis sapien sapien non mi integer ac neque duis bibendum morbi non quam,sed justo pellentesque viverra pede ac diam cras pellentesque volutpat
43,Topicshots,odio donec vitae nisi nam ultrices libero non mattis pulvinar nulla pede ullamcorper augue a suscipit nulla,sapien quis libero nullam sit amet turpis elementum ligula vehicula consequat
44,Topicware,rhoncus aliquam lacus morbi quis tortor id nulla ultrices aliquet maecenas leo,platea dictumst etiam faucibus cursus urna ut tellus nulla ut erat
45,Photospace,,justo pellentesque viverra pede ac diam cras pellentesque volutpat dui maecenas tristique est
46,Oyondu,lacinia aenean sit amet justo morbi ut odio cras mi pede malesuada in imperdiet et,posuere nonummy integer non velit donec diam neque vestibulum eget vulputate ut ultrices vel augue vestibulum ante ipsum primis in
47,Feedfire,mauris viverra diam vitae quam suspendisse potenti nullam porttitor lacus at turpis donec posuere metus vitae ipsum,vestibulum ac est lacinia nisi venenatis tristique fusce congue diam id ornare imperdiet sapien urna pretium
48,Photospace,aenean fermentum donec ut mauris eget massa tempor convallis nulla neque libero convallis eget eleifend luctus ultricies eu nibh quisque,dictumst etiam faucibus cursus urna ut tellus nulla ut erat
49,Talane,sagittis sapien cum sociis natoque penatibus et magnis dis parturient montes nascetur ridiculus mus etiam vel augue,tellus semper interdum mauris ullamcorper purus sit amet nulla quisque arcu libero rutrum ac lobortis vel dapibus at
50,Devpoint,tristique fusce congue diam id ornare imperdiet sapien urna pretium nisl ut volutpat sapien arcu,
51,Eare,in faucibus orci luctus et ultrices posuere cubilia curae mauris viverra diam vitae quam,
52,Riffpath,lorem integer tincidunt ante vel ipsum praesent blandit lacinia erat vestibulum sed magna at nunc commodo,consectetuer adipiscing elit proin risus praesent lectus vestibulum quam sapien varius
53,Lazz,nam ultrices libero non mattis pulvinar nulla pede ullamcorper augue a suscipit,lacinia aenean sit amet justo morbi ut odio cras mi pede malesuada in imperdiet et commodo
54,Twitterbridge,primis in faucibus orci luctus et ultrices posuere cubilia curae mauris viverra diam vitae quam suspendisse potenti nullam porttitor,pretium nisl ut volutpat sapien arcu sed augue aliquam erat volutpat in congue etiam justo
55,Trupe,,lobortis est phasellus sit amet erat nulla tempus vivamus in felis eu sapien cursus vestibulum proin eu
56,Bubbletube,ipsum primis in faucibus orci luctus et ultrices posuere cubilia curae donec pharetra magna vestibulum,
57,Gabtype,quis libero nullam sit amet turpis elementum ligula vehicula consequat morbi a,
58,Blognation,luctus et ultrices posuere cubilia curae mauris viverra diam vitae quam suspendisse potenti nullam porttitor lacus at,tincidunt in leo maecenas pulvinar lobortis est phasellus sit amet erat nulla tempus vivamus in felis eu
59,Demizz,diam in magna bibendum imperdiet nullam orci pede venenatis non sodales sed tincidunt eu felis fusce posuere felis sed lacus,dapibus nulla suscipit ligula in lacus curabitur at ipsum ac tellus semper interdum
60,Skiptube,ante vestibulum ante ipsum primis in faucibus orci luctus et ultrices posuere cubilia curae duis faucibus accumsan odio curabitur convallis,
61,Aivee,tincidunt lacus at velit vivamus vel nulla eget eros elementum pellentesque quisque,in est risus auctor sed tristique in tempus sit amet sem fusce consequat nulla nisl nunc nisl duis
62,Feedfire,,
63,Layo,vel pede morbi porttitor lorem id ligula suspendisse ornare consequat lectus in est risus auctor sed tristique in tempus sit,metus sapien ut nunc vestibulum ante ipsum primis in faucibus orci luctus et ultrices
64,Zava,sit amet diam in magna bibendum imperdiet nullam orci pede venenatis non sodales sed tincidunt,vitae nisi nam ultrices libero non mattis pulvinar nulla pede
65,Bubblebox,ullamcorper augue a suscipit nulla elit ac nulla sed vel enim sit,ultrices libero non mattis pulvinar nulla pede ullamcorper augue a suscipit nulla
66,Oyonder,elementum pellentesque quisque porta volutpat erat quisque erat eros viverra eget congue,dictumst aliquam augue quam sollicitudin vitae consectetuer eget rutrum at lorem integer tincidunt ante vel
67,Tambee,odio donec vitae nisi nam ultrices libero non mattis pulvinar nulla pede ullamcorper augue a suscipit nulla elit ac nulla,cras pellentesque volutpat dui maecenas tristique est et tempus semper est quam pharetra magna ac consequat
68,Flipopia,orci mauris lacinia sapien quis libero nullam sit amet turpis elementum ligula vehicula consequat morbi a ipsum integer a nibh,
69,Eazzy,lacus morbi quis tortor id nulla ultrices aliquet maecenas leo odio condimentum,nulla suscipit ligula in lacus curabitur at ipsum ac tellus semper interdum mauris
70,Rhycero,in lacus curabitur at ipsum ac tellus semper interdum mauris ullamcorper purus sit amet nulla quisque,sapien ut nunc vestibulum ante ipsum primis in faucibus orci
71,Jetwire,eget massa tempor convallis nulla neque libero convallis eget eleifend luctus,bibendum morbi non quam nec dui luctus rutrum nulla tellus in sagittis
72,Topiczoom,luctus rutrum nulla tellus in sagittis dui vel nisl duis ac nibh fusce lacus purus aliquet at,
